"Iteration","Cd Monitor: Cd Monitor"
1.0,119.86461078067424
2.0,60.9570914501734
3.0,16.816798761783087
4.0,4.73868053084106
5.0,1.220899871427791
6.0,0.2637365141527735
7.0,-1.7227366586480615
8.0,-1.821135167914481
9.0,-1.3999430202225343
10.0,0.48306727592627646
11.0,0.86276214096275
12.0,2.0178796866824555
13.0,2.066089010149685
14.0,2.7721516809038356
15.0,2.7343724999872987
16.0,2.3857568867017025
17.0,2.3375115100173205
18.0,1.9955562990637647
19.0,1.9406006904060722
20.0,1.5200656332145726
21.0,1.5071372410264745
22.0,1.5128611473269782
23.0,1.5062238523006835
24.0,1.5013515320256388
25.0,1.497192931570891
26.0,1.5000141863397112
27.0,1.5107979000831873
28.0,1.5214563277854363
29.0,1.5365013732253845
30.0,1.5511470357895958
31.0,1.5660186343085298
32.0,1.5770162676506043
33.0,1.5842007440689314
34.0,1.5869723881962667
35.0,1.586352409149382
36.0,1.5840708971649
37.0,1.5769447647861932
38.0,1.5642259711517383
39.0,1.5484119253661688
40.0,1.529211031039679
41.0,1.5103350599356726
42.0,1.4894392648769799
43.0,1.4492049211348814
44.0,1.4320188979634016
45.0,1.4161064239707157
46.0,1.4018319522525777
47.0,1.3916743019969164
48.0,1.3849506510295386
49.0,1.3818713143924906
50.0,1.3825738871603077
51.0,1.3891869267474297
52.0,1.3975019173069516
53.0,1.4135416629444992
54.0,1.4198345185844452
55.0,1.428434562378015
56.0,1.4347146040888157
57.0,1.4387567186598413
58.0,1.4406621871892649
59.0,1.4410457850873892
60.0,1.4408470169568643
61.0,1.4376701567273351
62.0,1.4334193425074315
63.0,1.423012927190947
64.0,1.4103025818826085
65.0,1.3963374970403577
66.0,1.3830809621629598
67.0,1.3732870328904805
68.0,1.3637704840770895
69.0,1.3548529417537507
70.0,1.3485161129838024
71.0,1.345237948144603
72.0,1.3448216318595767
73.0,1.3462154248369917
74.0,1.3498345248612125
75.0,1.3537719587942996
76.0,1.3582853048283372
77.0,1.3634662158355761
78.0,1.3677592421173932
79.0,1.3727436456638413
80.0,1.376403478577287
81.0,1.3780412492409755
82.0,1.3811458134084231
83.0,1.383176868256641
84.0,1.38529982464669
85.0,1.3926789832148572
86.0,1.401935072189723
87.0,1.4172057685851398
88.0,1.4385650884176238
89.0,1.4529197320716953
90.0,1.481345090880305
91.0,1.5030447573029446
92.0,1.5410968226353305
93.0,1.551821733769797
94.0,1.6023123131324808
95.0,1.6101326304875607
96.0,1.6269359589102361
97.0,1.6417978880713784
98.0,1.6483457428580632
99.0,1.6580694018761115
100.0,1.6616263998361234
101.0,1.6636539067281895
102.0,1.6614284806509245
103.0,1.651270772474401
104.0,1.6431175184740152
105.0,1.623338847323204
106.0,1.612128510050601
107.0,1.5870569927442577
108.0,1.5721035338680656
109.0,1.5432254850188158
110.0,1.5278240074435743
111.0,1.4980692406394347
112.0,1.4838606293616545
113.0,1.4589910029291846
114.0,1.44685935704246
115.0,1.4268079310510846
116.0,1.4172360998828382
117.0,1.4016635669223958
118.0,1.3944160295710393
119.0,1.3806608228966664
120.0,1.3738804407923195
121.0,1.3668902608264655
122.0,1.360605596505937
123.0,1.3552795209890167
124.0,1.3517117407986503
125.0,1.3481015722152856
126.0,1.3464244750110754
127.0,1.3462200038845618
128.0,1.347106983518365
129.0,1.3506435428797812
130.0,1.3523372880957496
131.0,1.3553708815491248
132.0,1.3592459501032002
133.0,1.3630362850987296
134.0,1.3692995750893457
135.0,1.3708268546379956
136.0,1.3724071233748276
137.0,1.3719412964629745
138.0,1.3706512294888764
139.0,1.368369710919868
140.0,1.3649228338643202
141.0,1.35836854359079
142.0,1.3537737464978092
143.0,1.3445819757157684
144.0,1.3390766256128375
145.0,1.3323422141519925
146.0,1.3251362541534535
147.0,1.3179009769084828
148.0,1.310453917844062
149.0,1.3032549659899615
150.0,1.296618489584913
151.0,1.2902528678476441
152.0,1.2841878633889534
153.0,1.2790209307708966
154.0,1.2746069227640087
155.0,1.2705506677078695
156.0,1.2671716647708637
157.0,1.2639656522399765
158.0,1.2611694049063162
159.0,1.2591847911340193
160.0,1.2578849639033705
161.0,1.2573389270000885
162.0,1.2572275795551255
163.0,1.2575711523702826
164.0,1.2577208700508127
165.0,1.2577547770609083
166.0,1.257228503453402
167.0,1.256184043984853
168.0,1.2544799773545454
169.0,1.251896314604972
170.0,1.248553346095217
171.0,1.2445589101080332
172.0,1.2403155933160872
173.0,1.234395989661943
174.0,1.2303526511450824
175.0,1.226026462996684
176.0,1.2217834695976102
177.0,1.2179197788622258
178.0,1.214296364412443
179.0,1.211076738403798
180.0,1.2077303648942854
181.0,1.2053758121400255
182.0,1.2037491089756467
183.0,1.2038312311551185
184.0,1.2052726676483307
185.0,1.206588975365928
186.0,1.2080449160771098
187.0,1.2107137737623659
188.0,1.2117754177347189
189.0,1.2131037315253752
190.0,1.2136224700329046
191.0,1.2153227904956716
192.0,1.215419633766871
193.0,1.2146460269730577
194.0,1.2137052946697813
195.0,1.2121563407853169
196.0,1.2108587925092507
197.0,1.209244734690708
198.0,1.2082547028964188
199.0,1.2067551844381383
200.0,1.2055319675764014
201.0,1.2035491279193988
202.0,1.2012037259546464
203.0,1.1984024339359505
204.0,1.1960757037410998
205.0,1.1932899086490676
206.0,1.1903538910723426
207.0,1.1868087779895888
208.0,1.1844600678402009
209.0,1.1812528199912442
210.0,1.179598389380052
211.0,1.175722619979339
212.0,1.1732530823716747
213.0,1.170910146255382
214.0,1.1692502015506028
215.0,1.165180922911004
216.0,1.1620786147036377
217.0,1.1594312031768623
218.0,1.1553144139810934
219.0,1.1521383457015508
220.0,1.1480364818819409
221.0,1.1424524112895402
222.0,1.139276555084539
223.0,1.132229445672641
224.0,1.125948777535337
225.0,1.1208868724366527
226.0,1.1134475697358945
227.0,1.1079419785460358
228.0,1.1002112342015453
229.0,1.0947463791265686
230.0,1.0868981426207496
231.0,1.0813083962951113
232.0,1.073577058793219
233.0,1.068096580396987
234.0,1.060723830488844
235.0,1.054197197846449
236.0,1.048207116121884
237.0,1.0425852725709608
238.0,1.0383392943644554
239.0,1.032941145569222
240.0,1.0292501501883946
241.0,1.0253140169419779
242.0,1.0215177268251718
243.0,1.0187685386526621
244.0,1.0143941921880646
245.0,1.0109599397372766
246.0,1.008314539005318
247.0,1.0041438113848624
248.0,1.0008851604139724
249.0,0.998335104438
250.0,0.9941847157978186
251.0,0.9915642997396346
252.0,0.9872446810389189
253.0,0.9836749079052464
254.0,0.9800565487003341
255.0,0.9763945278301503
256.0,0.9719887104485596
257.0,0.9687503093076333
258.0,0.9642309416735529
259.0,0.9600081388719852
260.0,0.955749381013422
261.0,0.9514760689878793
262.0,0.9470277881073218
263.0,0.9424599983789302
264.0,0.9377793761724406
265.0,0.9340622622645465
266.0,0.9289031847435119
267.0,0.9262099966445233
268.0,0.9204248470591562
269.0,0.9179115925144603
270.0,0.9123245809068055
271.0,0.908379706199667
272.0,0.9047643268502523
273.0,0.9013208773186997
274.0,0.8979890242667521
275.0,0.8947327113795575
276.0,0.8916767126457552
277.0,0.8884822438083803
278.0,0.886506283016248
279.0,0.8817889223806457
280.0,0.880012009185453
281.0,0.8759973973726001
282.0,0.8717759445057236
283.0,0.8699131199186592
284.0,0.8659812582851534
285.0,0.861842204916657
286.0,0.8599136317354155
287.0,0.8569036698584677
288.0,0.8523844750553947
289.0,0.8499354650133588
290.0,0.8444420615020864
291.0,0.8426023992342125
292.0,0.8396210300834879
293.0,0.8351159588084863
294.0,0.8305605364408216
295.0,0.8286112645235054
296.0,0.8247723077580338
297.0,0.8214730707445492
298.0,0.8190220728350691
299.0,0.8149383081854805
300.0,0.8116408142191994
301.0,0.8084254866447232
302.0,0.8061223462791813
303.0,0.8020797961796474
304.0,0.7989964682900281
305.0,0.7967376389401734
306.0,0.792738172016617
307.0,0.7889690315736464
308.0,0.7872909383631915
309.0,0.7837939572105865
310.0,0.7802391827326159
311.0,0.7786171538073738
312.0,0.7744094752108709
313.0,0.7729486188770953
314.0,0.7694944552254619
315.0,0.7658731194862378
316.0,0.7642991340026043
317.0,0.7608859844782362
318.0,0.7580233364081325
319.0,0.7551424182721579
320.0,0.7522718372374478
321.0,0.750152243722143
322.0,0.7464163440974015
323.0,0.7435988394968179
324.0,0.7408114618293488
325.0,0.7380352598828981
326.0,0.7367440022315948
327.0,0.7308606390007122
328.0,0.7300959367961346
329.0,0.7268651940715914
330.0,0.7256634680172975
331.0,0.7191591535179797
332.0,0.718335162791222
333.0,0.7154486863885705
334.0,0.7142748887118078
335.0,0.7084523435166659
336.0,0.7076247784638263
337.0,0.7041865650240892
338.0,0.7013342744236098
339.0,0.6983250289069208
340.0,0.6953750004301181
341.0,0.6910856255343328
342.0,0.6899965929963116
343.0,0.6845810611333376
344.0,0.6835647106503849
345.0,0.6805262326304686
346.0,0.678085145264378
347.0,0.6754701084082779
348.0,0.6727889844899557
349.0,0.6700699607869982
350.0,0.6662940021972386
351.0,0.6653123490339145
352.0,0.6604323736434405
353.0,0.6595030630026264
354.0,0.6566491641207634
355.0,0.6543753161263542
356.0,0.6518573975041585
357.0,0.6480684660783158
358.0,0.6461703793271484
359.0,0.6425412726138201
360.0,0.6406464273920229
361.0,0.6361452304177174
362.0,0.6346712645516893
363.0,0.6311878629145061
364.0,0.6293124495233773
365.0,0.6248366263605079
366.0,0.6230786436720863
367.0,0.6195396001468289
368.0,0.6177997493124623
369.0,0.6138622638920194
370.0,0.6121452520912709
371.0,0.6078391428092441
372.0,0.6062491475989856
373.0,0.6035499314650373
374.0,0.6009961031660613
375.0,0.5987628923139783
376.0,0.5958269031326519
377.0,0.5936995216714699
378.0,0.590855827730641
379.0,0.5887169798973996
380.0,0.5861161784316126
381.0,0.5835428001610604
382.0,0.5819439543348315
383.0,0.5775382736759546
384.0,0.5760663881533701
385.0,0.5740192435160595
386.0,0.5711470977591878
387.0,0.5696223886370986
388.0,0.56570620775101
389.0,0.5642925913771648
390.0,0.5626119437916247
391.0,0.559150038388815
392.0,0.5577982232948522
393.0,0.5546807753734151
394.0,0.5533647694142345
395.0,0.5509636740343596
396.0,0.5487757291575589
397.0,0.5473900537913388
398.0,0.5430048183356729
399.0,0.5418225336088478
400.0,0.5405879128367779
401.0,0.5387811747424207
402.0,0.5370970515900267
403.0,0.5349217379466622
404.0,0.5337462744265485
405.0,0.530414003002893
406.0,0.5293408345845801
407.0,0.5277813995741388
408.0,0.5258534096711499
409.0,0.5236800282960943
410.0,0.5226094577663204
411.0,0.5199228560909466
412.0,0.5189526919001369
413.0,0.5169475108318994
414.0,0.5159742358974293
415.0,0.5133459300202915
416.0,0.5124398118829778
417.0,0.5104874912839378
418.0,0.5095780842106405
419.0,0.5071216698628167
420.0,0.5062598682655206
421.0,0.5046651061001098
422.0,0.5031734748041518
423.0,0.5023158871750796
424.0,0.4997690327357511
425.0,0.49895361585726183
426.0,0.49800920811354543
427.0,0.4955400448094096
428.0,0.4947883799566668
429.0,0.4936516447026661
430.0,0.4916624933013728
431.0,0.49090390771594306
432.0,0.4896085440361799
433.0,0.4883744062412501
434.0,0.48698409422350664
435.0,0.48626268881994583
436.0,0.4841904129144141
437.0,0.48354149049157763
438.0,0.482559680089858
439.0,0.48142046643983666
440.0,0.48010071940136617
441.0,0.4794359740034201
442.0,0.47733376816131506
443.0,0.4767447345334593
444.0,0.4758414022713783
445.0,0.4746192818996918
446.0,0.4739955276251804
447.0,0.47218906924500714
448.0,0.4716470286776979
449.0,0.47069457063856696
450.0,0.46976655178992516
451.0,0.4685959635509813
452.0,0.4680345200871513
453.0,0.4663298850348454
454.0,0.4658344158376677
455.0,0.4650740277676962
456.0,0.4641942561157314
457.0,0.463080973721949
458.0,0.46257233032596806
459.0,0.4610031646237112
460.0,0.4605633162938154
461.0,0.45978675739671354
462.0,0.4590743360698285
463.0,0.45821849845512147
464.0,0.45776849725318675
465.0,0.456369998818154
466.0,0.455989539346639
467.0,0.45543153050661195
468.0,0.4548224611237547
469.0,0.45400522989402625
470.0,0.4536202857658569
471.0,0.45236724966937647
472.0,0.45203224999598035
473.0,0.45154622145490325
474.0,0.4510463618985797
475.0,0.4504144495226037
476.0,0.45008762436924865
477.0,0.4492746297155287
478.0,0.4489635276285472
479.0,0.4484173883579219
480.0,0.44816193081387357
481.0,0.4473154447957887
482.0,0.44701894445982404
483.0,0.4467128734153245
484.0,0.44629980002250635
485.0,0.44591424842104554
486.0,0.4456891030579729
487.0,0.4451651156339381
488.0,0.4449067728818345
489.0,0.4446490759978199
490.0,0.44432574880689113
491.0,0.44412974076187617
492.0,0.44380076219674325
493.0,0.44357304809999226
494.0,0.4433560633224481
495.0,0.4431320691047462
496.0,0.442986198394974
497.0,0.44281800786639486
498.0,0.44266232235993824
499.0,0.4424995756027811
500.0,0.4423472584871377
501.0,0.442273375475173
502.0,0.44212988521748914
503.0,0.44200033340120715
504.0,0.442029650411446
505.0,0.4419056823449143
506.0,0.44180633926444657
507.0,0.44183868854917757
508.0,0.4417644663527425
509.0,0.4415280863451935
510.0,0.4415215583168647
511.0,0.44155499190073916
512.0,0.44161424704582514
513.0,0.4417266769367763
514.0,0.441675707050031
515.0,0.4416574842116151
516.0,0.441781075505323
517.0,0.44172550195197097
518.0,0.4417907767300602
519.0,0.441769903856347
520.0,0.4421140360465547
521.0,0.44196675243144246
522.0,0.4418264733050678
523.0,0.4417066991263412
524.0,0.44169940136711305
525.0,0.4418848247049524
526.0,0.4419154874937082
527.0,0.4423349131320869
528.0,0.4423082613250173
529.0,0.442309347886035
530.0,0.4425887862790472
531.0,0.4425461480565033
532.0,0.442513164403448
533.0,0.4428728378323737
534.0,0.44277701565302025
535.0,0.44267490912998975
536.0,0.44274843734890623
537.0,0.44282088973905115
538.0,0.44281189731092957
539.0,0.4431258848479458
540.0,0.443034153123487
541.0,0.4429498926620481
542.0,0.4430059302664904
543.0,0.443195431621286
544.0,0.44338165604844076
545.0,0.44351998498058104
546.0,0.44363199046458324
547.0,0.4438100967579576
548.0,0.44377421523987115
549.0,0.4438637787317654
550.0,0.44383156504737575
551.0,0.4440738100464476
552.0,0.44399911357460226
553.0,0.44401161162861236
554.0,0.44416688077922195
555.0,0.44428694949274883
556.0,0.4443872563629491
557.0,0.44449963611796783
558.0,0.44459103202842065
559.0,0.4447232551634503
560.0,0.4448860408752778
561.0,0.4448838127529013
562.0,0.44520111425526837
563.0,0.4451457351975095
564.0,0.4452931124095108
565.0,0.44536969671893417
566.0,0.4456520944029338
567.0,0.4456275989767411
568.0,0.44592781819567884
569.0,0.4459214318474302
570.0,0.4463002625611138
571.0,0.44626285243462416
572.0,0.44637935389596456
573.0,0.44665150379089463
574.0,0.4468561837448156
575.0,0.44696850362065793
576.0,0.4473431149946374
577.0,0.44742621983043634
578.0,0.4477941026457113
579.0,0.4478765688398891
580.0,0.4484341502203982
581.0,0.44837686953113476
582.0,0.44852390088815913
583.0,0.4488865957241266
584.0,0.44916246657512354
585.0,0.4493919724395319
586.0,0.4498311338361678
587.0,0.4498944690802751
588.0,0.45037544021185494
589.0,0.45047902223454034
590.0,0.45107561007959457
591.0,0.45117955313222174
592.0,0.4517444719957378
593.0,0.45186361232160716
594.0,0.45251261870559156
595.0,0.45264209516799103
596.0,0.4532763517360535
597.0,0.4533332337445246
598.0,0.4540901232383325
599.0,0.4541237909194354
600.0,0.45499247699639467
601.0,0.4550304511906273
602.0,0.45545092634841294
603.0,0.45592549478988886
604.0,0.4562793357141487
605.0,0.4569085079780655
606.0,0.45705090007028093
607.0,0.45775016756716436
608.0,0.45797822133931965
609.0,0.45868849944164625
610.0,0.4589279894842587
611.0,0.4596356490995162
612.0,0.4598838785546618
613.0,0.4605863861838512
614.0,0.4608337585423782
615.0,0.4617953742047714
616.0,0.4618540529781874
617.0,0.4622888269644026
618.0,0.46304800140470603
619.0,0.46319647255949814
620.0,0.463933523667771
621.0,0.4641213663499876
622.0,0.4650387742731287
623.0,0.4651752798574483
624.0,0.4658592851486138
625.0,0.466063380808362
626.0,0.4669904809087271
627.0,0.4671404910115549
628.0,0.4678513704705181
629.0,0.46803411683218504
630.0,0.4690788153836712
631.0,0.46918697699316325
632.0,0.4698264249880559
633.0,0.47018558905243407
634.0,0.47063286701252877
635.0,0.47134773139819264
636.0,0.4715048989024568
637.0,0.47238131148066764
638.0,0.47252195214179765
639.0,0.47332802017038583
640.0,0.47347097049084486
641.0,0.4742767414707491
642.0,0.47442417878232157
643.0,0.4752577442030443
644.0,0.4754604063077383
645.0,0.47630887236880887
646.0,0.47654933145757183
647.0,0.47710863134301096
648.0,0.47743872973112866
649.0,0.47817547305288355
650.0,0.478426001185887
651.0,0.4790966855513079
652.0,0.47937546549636045
653.0,0.4800600606905796
654.0,0.480316951676301
655.0,0.481039359623028
656.0,0.4813054120075583
657.0,0.4819991491457524
658.0,0.4823376527778718
659.0,0.48286777912294865
660.0,0.48349721708979215
661.0,0.48381102523296216
662.0,0.4844589756342982
663.0,0.48476972833264403
664.0,0.4854309492960082
665.0,0.48596429900087207
666.0,0.4862596419462277
667.0,0.48676819717456754
668.0,0.48732987312985115
669.0,0.4877606668381703
670.0,0.48837343131066313
671.0,0.4888402551633805
672.0,0.4895971562121851
673.0,0.48987579059901665
674.0,0.4906006946165301
675.0,0.4908641709596207
676.0,0.4916057645524852
677.0,0.49189061585952537
678.0,0.49255112148211627
679.0,0.49291007781976615
680.0,0.49379846347375234
681.0,0.4940569100038885
682.0,0.4946989324964418
683.0,0.4950471437845716
684.0,0.4959242129595042
685.0,0.49604269995019706
686.0,0.496886300423333
687.0,0.4972149433604698
688.0,0.49795376733958313
689.0,0.49831118473443414
690.0,0.49901428000699266
691.0,0.4994109694248965
692.0,0.5001092191777722
693.0,0.5004643167582566
694.0,0.501147086416298
695.0,0.501520372927839
696.0,0.5022700266379693
697.0,0.5024284202222735
698.0,0.5035182086228327
699.0,0.5035893579558869
700.0,0.5042389901169312
701.0,0.5046593767294086
702.0,0.505118072095766
703.0,0.5059682804040725
704.0,0.5061493050258759
705.0,0.5069505044562695
706.0,0.5071558612019412
707.0,0.508008742954885
708.0,0.5082265507912418
709.0,0.5090484935431946
710.0,0.5092368878381073
711.0,0.5100612755099904
712.0,0.5102235338827849
713.0,0.5109951693261227
714.0,0.5111660251895201
715.0,0.5119588201624704
716.0,0.5121262740019191
717.0,0.5129455684141029
718.0,0.5131074742763042
719.0,0.5136883426108632
720.0,0.5141859316482887
721.0,0.5146900601126976
722.0,0.5151079278493915
723.0,0.5155619653375577
724.0,0.5159971293070381
725.0,0.5164405254740889
726.0,0.5168476609169155
727.0,0.5172873471509621
728.0,0.5177525977943754
729.0,0.5181609707268876
730.0,0.5185765225948485
731.0,0.5189970882970162
732.0,0.5193987466012234
733.0,0.5197870199601714
734.0,0.5201917661405334
735.0,0.5206105778614738
736.0,0.5209960455520461
737.0,0.5214032220424606
738.0,0.5217560732668461
739.0,0.5221412376046344
740.0,0.5225045063010472
741.0,0.5226820853559454
742.0,0.5231730938909888
743.0,0.5236676142971844
744.0,0.5241010231021667
745.0,0.5242988224783166
746.0,0.5247658448602108
747.0,0.5252509013378331
748.0,0.5253840931132746
749.0,0.5258375033411745
750.0,0.5263028785964239
751.0,0.5264508842481197
752.0,0.5268873013493847
753.0,0.527044603260102
754.0,0.5274347306290682
755.0,0.5279193276835868
756.0,0.5280632172779197
757.0,0.5285484392074524
758.0,0.528984047092144
759.0,0.5291333256378712
760.0,0.5295161594220937
761.0,0.5298974469117829
762.0,0.5300188059757467
763.0,0.5304462397040443
764.0,0.5305567892498857
765.0,0.531000279791166
766.0,0.5314451335442334
767.0,0.5315371474915659
768.0,0.5319062198630851
769.0,0.5320059949227696
770.0,0.5324036290099184
771.0,0.5325417881919446
772.0,0.5329914990481468
773.0,0.5331218610577694
774.0,0.5335479148052731
775.0,0.5336123375969303
776.0,0.5340001687132314
777.0,0.5341112396106209
778.0,0.5344684901493536
779.0,0.534527098123768
780.0,0.5349387204364453
781.0,0.535012734477737
782.0,0.535342738125943
783.0,0.5354254167973076
784.0,0.5357403546978932
785.0,0.5358091817705826
786.0,0.5361381801657173
787.0,0.5361650929358033
788.0,0.5364651956802365
789.0,0.5364725530761076
790.0,0.5367571140836249
791.0,0.5367662630909449
792.0,0.5369917722701192
793.0,0.5370181707612726
794.0,0.5372841768205276
795.0,0.5372821248695121
796.0,0.5375397839203274
797.0,0.5375339995969779
798.0,0.537779009443648
799.0,0.5377392886657933
800.0,0.5379932520940245
801.0,0.5379701060966496
802.0,0.5381937261710726
803.0,0.5381250046429279
804.0,0.538318807971229
805.0,0.5382536406769952
806.0,0.5384198844642966
807.0,0.5383967764070079
808.0,0.5385204397481679
809.0,0.5384121624245084
810.0,0.5386264978001573
811.0,0.5385420486063646
812.0,0.5386306088518178
813.0,0.5385619435557333
814.0,0.5386748811910024
815.0,0.5385882247440291
816.0,0.5386703475172228
817.0,0.5385637222275441
818.0,0.5386625928091494
819.0,0.538536351594828
820.0,0.5386355891246467
821.0,0.5385708183234761
822.0,0.5386181398128771
823.0,0.5384635969796527
824.0,0.5383474585312379
825.0,0.5382704637409044
826.0,0.5381309398025952
827.0,0.5380633180327603
828.0,0.5380135397850795
829.0,0.5379637403231607
830.0,0.537876140729542
831.0,0.537717838956033
832.0,0.5375839207246613
833.0,0.5374534619830572
834.0,0.5373382785391454
835.0,0.5372577602149929
836.0,0.5370762091779318
837.0,0.5369259951150117
838.0,0.5368036387621868
839.0,0.5367150133754554
840.0,0.5365949784760997
841.0,0.5364732771179389
842.0,0.5363037951937332
843.0,0.5361687016898481
844.0,0.5360657435435809
845.0,0.5359433880728178
846.0,0.5358195850182531
847.0,0.5357160576573085
848.0,0.5356404496809388
849.0,0.5355324014199059
850.0,0.5354564553407476
851.0,0.535403276434609
852.0,0.5353376236866514
853.0,0.5352845210360563
854.0,0.5351447290925619
855.0,0.5351398006898163
856.0,0.535055540996144
857.0,0.5351380912778797
858.0,0.5351856567675144
859.0,0.5351012423785815
860.0,0.5350955624323434
861.0,0.5350760324752722
862.0,0.5353106005083719
863.0,0.5352820506214513
864.0,0.5355916992770431
865.0,0.5355920077154869
866.0,0.5358273065979303
867.0,0.5358414889026196
868.0,0.5361023706053584
869.0,0.5361771500169421
870.0,0.5364773901752977
871.0,0.5364517903366861
872.0,0.5367045486673777
873.0,0.5366966710435865
874.0,0.5368207891894616
875.0,0.536815063376737
876.0,0.5370103155247864
877.0,0.5370169311480884
878.0,0.5369292041616982
879.0,0.5371291892871213
880.0,0.5371529218403363
881.0,0.5371193883821619
882.0,0.5372601847194065
883.0,0.537250533012258
884.0,0.5371744903821776
885.0,0.5373825802921218
886.0,0.537308219243983
887.0,0.537245118188769
888.0,0.5373979510694159
889.0,0.537411132007287
890.0,0.5375945891307048
891.0,0.537619236510424
892.0,0.5378417608866999
893.0,0.5378088417031316
894.0,0.5378074068304255
895.0,0.5377952051064118
896.0,0.5379593067465815
897.0,0.5380032218147196
898.0,0.5381925848171474
899.0,0.538252211886993
900.0,0.5383859540215254
901.0,0.5383953786964384
902.0,0.5385647621633667
903.0,0.5386165031015194
904.0,0.5387996103009414
905.0,0.5387739654515588
906.0,0.5388664164802932
907.0,0.5389033100162376
908.0,0.5391164315531973
909.0,0.5390988732625543
910.0,0.5392597127741301
911.0,0.5392606140455474
912.0,0.5395163992004622
913.0,0.539502740950301
914.0,0.5396705223566315
915.0,0.539591589479822
916.0,0.5397655629784968
917.0,0.5397089649589758
918.0,0.5395999887175115
919.0,0.5397649083336568
920.0,0.5397746638940365
921.0,0.5397582524442227
922.0,0.5399568949400005
923.0,0.5399853834376253
924.0,0.5400403876328383
925.0,0.540306555071168
926.0,0.5403048379827837
927.0,0.5402769589514435
928.0,0.5403801674838958
929.0,0.5404182231797909
930.0,0.5403209992994876
931.0,0.5402506041541701
932.0,0.5405534763739512
933.0,0.5404590063657367
934.0,0.5403238117145541
935.0,0.5401460371503086
936.0,0.5400616894320089
937.0,0.5399319398163764
938.0,0.5398439963382984
939.0,0.5397691218764459
940.0,0.539626357690424
941.0,0.5394234079063209
942.0,0.5392151789878156
943.0,0.5389816953208735
944.0,0.53874626866537
945.0,0.5384666259995123
946.0,0.538259659100583
947.0,0.53796772207734
948.0,0.5375740023124127
949.0,0.5371505582048761
950.0,0.5367167693031233
951.0,0.5361950940800998
952.0,0.5356740586383003
953.0,0.5351509223064626
954.0,0.5345553864266943
955.0,0.533925594412249
956.0,0.5332532225610576
957.0,0.532493640543011
958.0,0.5318674944593978
959.0,0.5309154797359152
960.0,0.5301426851076535
961.0,0.5291612353748506
962.0,0.5284552759455388
963.0,0.5271641223166567
964.0,0.5264017844048832
965.0,0.5249051467232648
966.0,0.524032495986386
967.0,0.5224119658057094
968.0,0.5214861501345214
969.0,0.5196913539196367
970.0,0.5186044455483126
971.0,0.5169080761563749
972.0,0.5151607002236449
973.0,0.5137498049422524
974.0,0.5112530648040364
975.0,0.5098862556977627
976.0,0.5073688353683354
977.0,0.505869033156573
978.0,0.5034775552261626
979.0,0.5011560293280378
980.0,0.4987390207279122
981.0,0.4962169305551965
982.0,0.4941055715976392
983.0,0.49043601828924055
984.0,0.4884900388537101
985.0,0.485024506390677
986.0,0.4830531709241714
987.0,0.47945819471053797
988.0,0.4774508366940068
989.0,0.4737354218517545
990.0,0.47167138289774313
991.0,0.46809501519123553
992.0,0.4660440542818444
993.0,0.4623814003376694
994.0,0.4603291533789133
995.0,0.45749480849378865
996.0,0.45476208605896085
997.0,0.4520825173333103
998.0,0.44945203655353855
999.0,0.44748138822618855
1000.0,0.44486637264697737
1001.0,0.4429335414094191
1002.0,0.4402780845860061
1003.0,0.4384061598427305
1004.0,0.4360171307239903
1005.0,0.4342449324809788
1006.0,0.43247714887654326
1007.0,0.43031501765052094
1008.0,0.4287384959562256
1009.0,0.4268144233208341
1010.0,0.42542182987700916
1011.0,0.4239384755895583
1012.0,0.42226370439586336
1013.0,0.4210272877572684
1014.0,0.4197304903648782
1015.0,0.4181819286268304
1016.0,0.4171294655123044
1017.0,0.41607989489864583
1018.0,0.4150556947834645
1019.0,0.4138992549803548
1020.0,0.4131046630946822
1021.0,0.41213991490152135
1022.0,0.4114447528044876
1023.0,0.41070106747055013
1024.0,0.4101691016394838
1025.0,0.4095007365540384
1026.0,0.4089955113805541
1027.0,0.40848456173427233
1028.0,0.40807247937606206
1029.0,0.4076836970824211
1030.0,0.407340280731288
1031.0,0.4069634214394027
1032.0,0.4066124631468743
1033.0,0.4063268908809975
1034.0,0.40600897712646705
1035.0,0.40564926524031664
1036.0,0.40530732225772115
1037.0,0.4049057670546513
1038.0,0.4045662804577187
1039.0,0.40433937428248257
1040.0,0.40408735698561593
1041.0,0.4038121638028206
1042.0,0.40361448269199296
1043.0,0.40339306870582914
1044.0,0.4033207296361075
1045.0,0.4031440749489154
1046.0,0.40304591461749945
1047.0,0.4028588935018259
1048.0,0.402776984018186
1049.0,0.4026914062818122
1050.0,0.40264305672317674
1051.0,0.4026090458402174
1052.0,0.4025312618779602
1053.0,0.4024106708138932
1054.0,0.4022885257292773
1055.0,0.40205082885070653
1056.0,0.40178750000518737
1057.0,0.4014793713675742
1058.0,0.4010618789807724
1059.0,0.4006519977642812
1060.0,0.40022001213520036
1061.0,0.39974862010146484
1062.0,0.39926280125655345
1063.0,0.3986306063296455
1064.0,0.39801744083434243
1065.0,0.39736061891513863
1066.0,0.3966924897927981
1067.0,0.3959975967756557
1068.0,0.3952442173317966
1069.0,0.39445816068557915
1070.0,0.3935988309960165
1071.0,0.3927610010024153
1072.0,0.3919342717354081
1073.0,0.39117133936435894
1074.0,0.3903803386892781
1075.0,0.389464320434268
1076.0,0.38848401757192186
1077.0,0.3876641477577289
1078.0,0.3867128817141204
1079.0,0.38584541981346704
1080.0,0.38494457146142425
1081.0,0.3840901750443322
1082.0,0.3831853683508875
1083.0,0.3823908464591258
1084.0,0.3816402581723011
1085.0,0.380803057349203
1086.0,0.38002333028190294
1087.0,0.37918749453162065
1088.0,0.37834918706061615
1089.0,0.3776022093458384
1090.0,0.3767609794150893
1091.0,0.3758785024944159
1092.0,0.3749938856541621
1093.0,0.37421667068969755
1094.0,0.37338939399816184
1095.0,0.3720252805699324
1096.0,0.3712662456943583
1097.0,0.3703477509702071
1098.0,0.36939856474673527
1099.0,0.3684948483985482
1100.0,0.3673045278445286
1101.0,0.3665862111227535
1102.0,0.3656360311424803
1103.0,0.36462368522353533
1104.0,0.3631873057392392
1105.0,0.36237091519312065
1106.0,0.3613437534900493
1107.0,0.35975255066122114
1108.0,0.3588507682403273
1109.0,0.35778204712981865
1110.0,0.35608348129818806
1111.0,0.3552629798075977
1112.0,0.3537359440334088
1113.0,0.3528376117182514
1114.0,0.3513791969085356
1115.0,0.3506085257083887
1116.0,0.349577333360723
1117.0,0.34813824266309157
1118.0,0.3473105515235322
1119.0,0.34585524579165905
1120.0,0.34499703912632285
1121.0,0.3436903552699905
1122.0,0.342928837007973
1123.0,0.34162224401013197
1124.0,0.34096012063044834
1125.0,0.33994218656792563
1126.0,0.339392316114146
1127.0,0.3387889417738368
1128.0,0.3378871477665807
1129.0,0.33733201575180755
1130.0,0.33645490473963013
1131.0,0.3358845143292126
1132.0,0.334907743710799
1133.0,0.3343528394025246
1134.0,0.33331816364816846
1135.0,0.3328083917755188
1136.0,0.33195345792186876
1137.0,0.3314450462371864
1138.0,0.3308465658279201
1139.0,0.32989616346566536
1140.0,0.3293626732020994
1141.0,0.3284415721910545
1142.0,0.32792553644008043
1143.0,0.32696689682050256
1144.0,0.3265041334180511
1145.0,0.32579138502047705
1146.0,0.3253008889275303
1147.0,0.3245223986928333
1148.0,0.32410618194686497
1149.0,0.3234125884530813
1150.0,0.32300581112308463
1151.0,0.3223478899267541
1152.0,0.3219718948546063
1153.0,0.321250253041863
1154.0,0.3208920055689393
1155.0,0.3201095555911694
1156.0,0.31974636308673154
1157.0,0.3190118534909525
1158.0,0.31866903525654977
1159.0,0.3181052194831402
1160.0,0.31789891310982266
1161.0,0.317498802995643
1162.0,0.31724304684771104
1163.0,0.3167869877591001
1164.0,0.3166084524178854
1165.0,0.3162931090643206
1166.0,0.3161822221397587
1167.0,0.31585508057077216
1168.0,0.3156034960245494
1169.0,0.3153922007314463
1170.0,0.3149962220828091
1171.0,0.3148177100819007
1172.0,0.31470006153539887
1173.0,0.3144365629702639
1174.0,0.31435336455772606
1175.0,0.31418730772993897
1176.0,0.31406016275820925
1177.0,0.31382902882116664
1178.0,0.31369675372558997
1179.0,0.3136240458874247
1180.0,0.31349654801022603
1181.0,0.3134836156031973
1182.0,0.3134276244030239
1183.0,0.3134028968802473
1184.0,0.3134203627407069
1185.0,0.31336011823177073
1186.0,0.3132348629929656
1187.0,0.31315158502758483
1188.0,0.31302289947168116
1189.0,0.31299303174315946
1190.0,0.31275039538408084
1191.0,0.31274503381306773
1192.0,0.31283045248701785
1193.0,0.312787215113909
1194.0,0.3127911222238403
1195.0,0.3127657064260476
1196.0,0.3128301862792776
1197.0,0.3127764864063418
1198.0,0.312832160799246
1199.0,0.31292160421339976
1200.0,0.3128656399875886
1201.0,0.3129668001126874
1202.0,0.31304063172905483
1203.0,0.3131337050024681
1204.0,0.31334311599130427
1205.0,0.3134299601298687
1206.0,0.313509461020694
1207.0,0.31368389714491723
1208.0,0.3138670441889457
1209.0,0.3140486255144757
1210.0,0.31427769072192513
1211.0,0.31457088142391376
1212.0,0.3148843147373504
1213.0,0.3151839630302531
1214.0,0.3156804765184711
1215.0,0.3161702200560911
1216.0,0.3166297779698862
1217.0,0.3171397702046843
1218.0,0.31772477440773994
1219.0,0.31830576550594497
1220.0,0.31893368820910084
1221.0,0.3196954679218415
1222.0,0.32043754641680705
1223.0,0.3212773259713807
1224.0,0.322340729711756
1225.0,0.32322236515398617
1226.0,0.3242588952658636
1227.0,0.3252104393502338
1228.0,0.32644028704686756
1229.0,0.3274443859145482
1230.0,0.3287854803477071
1231.0,0.3299529141109221
1232.0,0.3316068278055446
1233.0,0.3327744189238975
1234.0,0.33446383516265366
1235.0,0.33601002781979317
1236.0,0.3372363072898016
1237.0,0.33885879114817746
1238.0,0.34061699820092073
1239.0,0.34247931447287455
1240.0,0.3442217233389245
1241.0,0.34596584326099117
1242.0,0.3478445173725644
1243.0,0.3495433405071413
1244.0,0.3515773304211976
1245.0,0.3535806613234923
1246.0,0.35556739538966015
1247.0,0.35768650485623077
1248.0,0.3600240224716896
1249.0,0.3623257616919376
1250.0,0.36465903489843915
1251.0,0.3673831556343519
1252.0,0.3700818798267543
1253.0,0.3727576007335845
1254.0,0.375320165925894
1255.0,0.3778272319030075
1256.0,0.38049313245021416
1257.0,0.3832920453251641
1258.0,0.3859434961602956
1259.0,0.38912958901334976
1260.0,0.39193265894406637
1261.0,0.3946828064526626
1262.0,0.39651810675499133
1263.0,0.3991557857832734
1264.0,0.40113199424591844
1265.0,0.40520355916502737
1266.0,0.4068524118821749
1267.0,0.4088742984797544
1268.0,0.41201514205952267
1269.0,0.4139509540720134
1270.0,0.4169668914063011
1271.0,0.4189715940738625
1272.0,0.42067862660086225
1273.0,0.42223907345489387
1274.0,0.42376825917409305
1275.0,0.42543463281457367
1276.0,0.4270645758979844
1277.0,0.42852918109266336
1278.0,0.42982649508465837
1279.0,0.430972611850832
1280.0,0.431762833722719
1281.0,0.4325014887257607
1282.0,0.4330495259098197
1283.0,0.4333890777522591
1284.0,0.4335337478032833
1285.0,0.4334250327075697
1286.0,0.433055706603275
1287.0,0.43237007526867627
1288.0,0.4314977498378709
1289.0,0.430315982341237
1290.0,0.4288849182933341
1291.0,0.42735036875381743
1292.0,0.42544359362140427
1293.0,0.4233717348736803
1294.0,0.42122926925651827
1295.0,0.41893614619397995
1296.0,0.41674401931820015
1297.0,0.4157866741133145
1298.0,0.4139627807096685
1299.0,0.41194352948711516
1300.0,0.4111100300745733
1301.0,0.4092946150028182
1302.0,0.4084042754334434
1303.0,0.40676032172191473
1304.0,0.4060486646275914
1305.0,0.4050756274872574
1306.0,0.40396331786442036
1307.0,0.4034370250504619
1308.0,0.40270543909046824
1309.0,0.40231484373921683
1310.0,0.40207545786152643
1311.0,0.401951564390475
1312.0,0.40189683154266076
1313.0,0.40196082863524907
1314.0,0.40216525533578956
1315.0,0.4024702266889476
1316.0,0.4027883977756719
1317.0,0.40329293124316595
1318.0,0.40389826724363215
1319.0,0.40459703346490516
1320.0,0.40540473206053484
1321.0,0.40649158554729703
1322.0,0.4074291382456315
1323.0,0.40848730056646554
1324.0,0.40965176334040954
1325.0,0.41085263901544167
1326.0,0.41204958989002294
1327.0,0.41326643766717225
1328.0,0.4145284950878019
1329.0,0.4156860571290263
1330.0,0.41674753140198567
1331.0,0.4176877809586763
1332.0,0.4185500171451627
1333.0,0.41924168390181915
1334.0,0.419837326328445
1335.0,0.42029074671032635
1336.0,0.4206264957573028
1337.0,0.42078082180923165
1338.0,0.42085649883979537
1339.0,0.42091152228830164
1340.0,0.42089389150414325
1341.0,0.4208806809653717
1342.0,0.42089287391930785
1343.0,0.4210159164498637
1344.0,0.4212580250353486
1345.0,0.4216205362644304
1346.0,0.42199192707588656
1347.0,0.42253140005941053
1348.0,0.4231433735446925
1349.0,0.42394178664762505
1350.0,0.42478312935152357
1351.0,0.42561061394520316
1352.0,0.4264256028024601
1353.0,0.4272634626167553
1354.0,0.42813088284934825
1355.0,0.42896749224946257
1356.0,0.4297711665101256
1357.0,0.43055820452452465
1358.0,0.4312579719437714
1359.0,0.43202757157726396
1360.0,0.43246011181378785
1361.0,0.43289122372946076
1362.0,0.4331174613341292
1363.0,0.43344660669946333
1364.0,0.43356225859623787
1365.0,0.4337802507182626
1366.0,0.43385599626266913
1367.0,0.43392610402317805
1368.0,0.4341201996377568
1369.0,0.434301992876106
1370.0,0.4347358893746066
1371.0,0.4351705140724779
1372.0,0.4355684392402056
1373.0,0.4359149191256357
1374.0,0.4362323446984627
1375.0,0.4366320178079223
1376.0,0.4370346924861427
1377.0,0.43748615190815254
1378.0,0.43791031201571723
1379.0,0.4383200917838487
1380.0,0.43867782373228403
1381.0,0.4390052056794128
1382.0,0.43934632195212736
1383.0,0.439760103076981
1384.0,0.4400701239367732
1385.0,0.4402808005554587
1386.0,0.44044692114214107
1387.0,0.44064145547685457
1388.0,0.4408117401202509
1389.0,0.44098104897044443
1390.0,0.4411490911517937
1391.0,0.4412787980822344
1392.0,0.44138565566583904
1393.0,0.44148785841128196
1394.0,0.4415925677249112
1395.0,0.4416094761163211
1396.0,0.44164349138732745
1397.0,0.4416867156356851
1398.0,0.4416275558335544
1399.0,0.441348249405333
1400.0,0.44099637886021326
1401.0,0.44050810089361825
1402.0,0.4400163536822613
1403.0,0.43944538067964634
1404.0,0.4391074260773083
1405.0,0.438580390290096
1406.0,0.4382210223768619
1407.0,0.4378924483486799
1408.0,0.43760270946633484
1409.0,0.4374000017495412
1410.0,0.4373287255705536
1411.0,0.4372447200584063
1412.0,0.43717498191895326
1413.0,0.43710004084992954
1414.0,0.43687758390587067
1415.0,0.43677186464021994
1416.0,0.4365271380845928
1417.0,0.4363420654358423
1418.0,0.4360778443039484
1419.0,0.4358448262670047
1420.0,0.4356857806425722
1421.0,0.435494788021692
1422.0,0.43538466241197105
1423.0,0.43516663375619624
1424.0,0.4349578121712408
1425.0,0.43474791493697396
1426.0,0.4344829355156091
1427.0,0.4342444226488695
1428.0,0.4339941733471718
1429.0,0.43367256910928
1430.0,0.43339128464831345
1431.0,0.43302793041226595
1432.0,0.43276049238156494
1433.0,0.43253257553135244
1434.0,0.4324023686038066
1435.0,0.4322387479836175
1436.0,0.43205859796496965
1437.0,0.43176437032685017
1438.0,0.4316403488476128
1439.0,0.4315974961281679
1440.0,0.4315650261749343
1441.0,0.43159491449609005
1442.0,0.43168759546100494
1443.0,0.43189435318656594
1444.0,0.43215621746399413
1445.0,0.4324465031507065
1446.0,0.4327565911962234
1447.0,0.43312632347464947
1448.0,0.4334476414081493
1449.0,0.43386484717121265
1450.0,0.4341778695170843
1451.0,0.4344267538845417
1452.0,0.4346251771230464
1453.0,0.43480244097093274
1454.0,0.435001904374099
1455.0,0.435167939506498
1456.0,0.4353679289793835
1457.0,0.4356044350978441
1458.0,0.43572451756897757
1459.0,0.4360238194136829
1460.0,0.4363643784290285
1461.0,0.43673220931268136
1462.0,0.4370257075942483
1463.0,0.43740467665508603
1464.0,0.4377444976970778
1465.0,0.4380599000268296
1466.0,0.43839300479903087
1467.0,0.4386661815345578
1468.0,0.43895872011737314
1469.0,0.43922333664521207
1470.0,0.4395700593692249
1471.0,0.43989589152706243
1472.0,0.4402812022564521
1473.0,0.4406145364489884
1474.0,0.44098202527597014
1475.0,0.44128965168788276
1476.0,0.44151830801080855
1477.0,0.4417810432102274
1478.0,0.4420076978467432
1479.0,0.4421896175353534
1480.0,0.4422789226969544
1481.0,0.442361889057405
1482.0,0.4424552867942766
1483.0,0.44249568459192046
1484.0,0.44260088719623025
1485.0,0.4427199257781347
1486.0,0.4428338664809916
1487.0,0.4429327924428015
1488.0,0.4430004243506132
1489.0,0.443107048902491
1490.0,0.44307451650499746
1491.0,0.44316038386558887
1492.0,0.44303111840228604
1493.0,0.4428799967387872
1494.0,0.4427717369106214
1495.0,0.4427778292548346
1496.0,0.44268596133197047
1497.0,0.44265480234494897
1498.0,0.4426176397305395
1499.0,0.4425967276305744
1500.0,0.4425948414951154
1501.0,0.4426012429297298
1502.0,0.44257277113551585
1503.0,0.4425856941396952
1504.0,0.44256385323952724
1505.0,0.4425160839569061
1506.0,0.44252452860139596
1507.0,0.44248702876751395
1508.0,0.44241189127910996
1509.0,0.4421613393130217
1510.0,0.44206820770928096
1511.0,0.4419920396658868
1512.0,0.44197077921379635
1513.0,0.4420050395283609
1514.0,0.44204754436303206
1515.0,0.4421201446424035
1516.0,0.4421341219439756
1517.0,0.44223510635546187
1518.0,0.44233947705724586
1519.0,0.44243838737021396
1520.0,0.44256153509056495
1521.0,0.44274650873815474
1522.0,0.4429598222321899
1523.0,0.4432023248074293
1524.0,0.443517999215264
1525.0,0.44380974038153875
1526.0,0.444153944801745
1527.0,0.4445432414353869
1528.0,0.4450899980438243
1529.0,0.4455933468559492
1530.0,0.44612739375893756
1531.0,0.4467152475726903
1532.0,0.447309976208262
1533.0,0.44791115729129244
1534.0,0.4485773120181825
1535.0,0.4492396710288784
1536.0,0.45011426557176953
1537.0,0.45088991477405027
1538.0,0.45179648961020563
1539.0,0.45260764605061016
1540.0,0.4533735787599398
1541.0,0.4543343292419535
1542.0,0.45520973820599936
1543.0,0.4560569751465334
1544.0,0.45706786641235
1545.0,0.4579994483060927
1546.0,0.4588864000152201
1547.0,0.4599175033529456
1548.0,0.46087223565767876
1549.0,0.46188855700496717
1550.0,0.462996835375773
1551.0,0.4641261394929576
1552.0,0.4651355170601403
1553.0,0.4663371770324506
1554.0,0.4675977106101236
1555.0,0.46886207032165295
1556.0,0.47001272577842645
1557.0,0.4712782121413053
1558.0,0.4724618802888744
1559.0,0.47363710693994193
1560.0,0.47505182577179955
1561.0,0.4760253466980005
1562.0,0.4773019655538048
1563.0,0.47840631379670007
1564.0,0.4796042161226853
1565.0,0.48093000125002383
1566.0,0.4820567341544283
1567.0,0.4832239752800126
1568.0,0.48451761593055087
1569.0,0.48538282176907876
1570.0,0.4864881083234099
1571.0,0.48741700742811617
1572.0,0.48893643630578376
1573.0,0.4900251466034733
1574.0,0.49160581898825884
1575.0,0.49278822265843775
1576.0,0.4937237097253192
1577.0,0.4946849541147408
1578.0,0.4956418178926259
1579.0,0.4972919511194401
1580.0,0.49816565680440017
1581.0,0.4997576927213349
1582.0,0.5006483340508643
1583.0,0.502078878441067
1584.0,0.5028360189733236
1585.0,0.5040106837750937
1586.0,0.5048056674897228
1587.0,0.5057506729545598
1588.0,0.5067831582906385
1589.0,0.5079064749454302
1590.0,0.508985021633085
1591.0,0.509952084050064
1592.0,0.5110591384263451
1593.0,0.5121584982656564
1594.0,0.5131120919152381
1595.0,0.5138934346579447
1596.0,0.5145459818617426
1597.0,0.5152849107408268
1598.0,0.5160817277841987
1599.0,0.5168103428351599
1600.0,0.5175202775386094
1601.0,0.518224839769648
1602.0,0.5189039260738327
1603.0,0.5196660263235172
1604.0,0.5203823802679588
1605.0,0.5210365045376213
1606.0,0.521732197147087
1607.0,0.522343271733156
1608.0,0.5230041275065955
1609.0,0.5235475181276503
1610.0,0.5240712162323174
1611.0,0.5245756391228723
1612.0,0.5251213909255779
1613.0,0.5256001633732469
1614.0,0.526131585552875
1615.0,0.5265851837040298
1616.0,0.5270546569449417
1617.0,0.5275179279706014
1618.0,0.5280176093124739
1619.0,0.5284042767877039
1620.0,0.5287877736811384
1621.0,0.5291276018180214
1622.0,0.5295270027758596
1623.0,0.5299266833392299
1624.0,0.530305574841936
1625.0,0.5307009015702218
1626.0,0.5310898161143951
1627.0,0.5314890532923539
1628.0,0.5318845263038372
1629.0,0.5322310865499352
1630.0,0.5326316744212917
1631.0,0.5329847814161437
1632.0,0.5333071085007208
1633.0,0.5336750916365578
1634.0,0.5339724533589758
1635.0,0.5342667910195518
1636.0,0.5345849039990734
1637.0,0.534879643270744
1638.0,0.5352527494154885
1639.0,0.535520577134318
1640.0,0.5359303440695594
1641.0,0.5362336342199476
1642.0,0.5367160957154594
1643.0,0.5370194603946182
1644.0,0.537451373884053
1645.0,0.5377968168361696
1646.0,0.5381685997205337
1647.0,0.5384433137207979
1648.0,0.5387826996015835
1649.0,0.5390825694280719
1650.0,0.539405390889081
1651.0,0.5396998358738729
1652.0,0.5400011432833762
1653.0,0.5402560626089479
1654.0,0.540561596241497
1655.0,0.540794865503092
1656.0,0.5410890761135368
1657.0,0.5413522184779274
1658.0,0.5416291286591793
1659.0,0.5419390304145107
1660.0,0.5422213485940993
1661.0,0.5425085676090393
1662.0,0.5427934438433611
1663.0,0.5430348015911912
1664.0,0.5433657492912815
1665.0,0.5436811048896822
1666.0,0.5438930576684513
1667.0,0.5441338881473762
1668.0,0.5443309127379785
1669.0,0.544480962608089
1670.0,0.544684609989043
1671.0,0.5448822076802738
1672.0,0.5450273984109801
1673.0,0.5451980284819936
1674.0,0.5453900198701531
1675.0,0.5455125246349035
1676.0,0.5456902495282213
1677.0,0.5458562423935378
1678.0,0.5459767996231345
1679.0,0.5461145606879874
1680.0,0.5462604196014477
1681.0,0.5463816995372186
1682.0,0.5465162082957628
1683.0,0.546583013971046
1684.0,0.5466913838667289
1685.0,0.5467638891255269
1686.0,0.5468582304853883
1687.0,0.5469062339350131
1688.0,0.5469543019390475
1689.0,0.5469378871671965
1690.0,0.5469364808229187
1691.0,0.5469305799632792
1692.0,0.5469155179208094
1693.0,0.546904004930773
1694.0,0.546865671099537
1695.0,0.5468495959406484
1696.0,0.5468445806660823
1697.0,0.5467707473414056
1698.0,0.5467087967199878
1699.0,0.546639463353504
1700.0,0.5464869045050522
1701.0,0.546382895742892
1702.0,0.5462749769409443
1703.0,0.5461657954071625
1704.0,0.5460045218429993
1705.0,0.5457992681540407
1706.0,0.5456075454883343
1707.0,0.5454001776630644
1708.0,0.5451865352993736
1709.0,0.544925723532001
1710.0,0.5447263595201233
1711.0,0.5445261820227019
1712.0,0.5443031862816251
1713.0,0.5440612136993965
1714.0,0.5437442120402435
1715.0,0.5434636622716104
1716.0,0.5431794949854879
1717.0,0.5428337536162215
1718.0,0.5424753328372512
1719.0,0.5421025748872802
1720.0,0.5417480951870347
1721.0,0.5414268751720772
1722.0,0.5410746258667389
1723.0,0.5406908045070601
1724.0,0.5402733436841332
1725.0,0.539868531994351
1726.0,0.5394513364043753
1727.0,0.5389958141747115
1728.0,0.5385120486173123
1729.0,0.5380677796747942
1730.0,0.5375882717122509
1731.0,0.5370842892224128
1732.0,0.5366326844309778
1733.0,0.5361501190626283
1734.0,0.535602790881902
1735.0,0.5350503575242178
1736.0,0.5345160245127328
1737.0,0.5339985369421159
1738.0,0.5334542864655832
1739.0,0.5329177384696909
1740.0,0.5323458386999715
1741.0,0.5317603765636276
1742.0,0.5311928986973101
1743.0,0.5305239673952877
1744.0,0.5298816729756313
1745.0,0.529246521963533
1746.0,0.5286776656198025
1747.0,0.5280566890213357
1748.0,0.527446105097118
1749.0,0.5268403675305062
1750.0,0.5262214572221514
1751.0,0.5255724578197849
1752.0,0.524860272099463
1753.0,0.5242658709759945
1754.0,0.5236250423531692
1755.0,0.5229469457663906
1756.0,0.522340059389875
1757.0,0.5216432020770375
1758.0,0.5209007774231386
1759.0,0.5201029131544976
1760.0,0.51940460324506
1761.0,0.5187165079489832
1762.0,0.5180085789561298
1763.0,0.5173511857064983
1764.0,0.5166845592446165
1765.0,0.5160826087159643
1766.0,0.5153903385068608
1767.0,0.5146663090121549
1768.0,0.5139804671328374
1769.0,0.5133160847554629
1770.0,0.5125949683157084
1771.0,0.5119418162108649
1772.0,0.5112115307931501
1773.0,0.5104822050219482
1774.0,0.5096872725129888
1775.0,0.5089818223225794
1776.0,0.5082812597783546
1777.0,0.5075678664539933
1778.0,0.5068887687350565
1779.0,0.5061397768735298
1780.0,0.5054069604648102
1781.0,0.5046224098943933
1782.0,0.5038951296866706
1783.0,0.5031992760493901
1784.0,0.5025592155975831
1785.0,0.5018784396317513
1786.0,0.501130721548508
1787.0,0.5004220469321083
1788.0,0.4997287862568966
1789.0,0.4990090506966377
1790.0,0.49830124259503483
1791.0,0.4975907628652547
1792.0,0.49688059379028454
1793.0,0.4961887349720375
1794.0,0.4954699424110057
1795.0,0.49473129269619776
1796.0,0.49403720612374863
1797.0,0.4933334185451207
1798.0,0.4926629521192506
1799.0,0.4919337240271286
1800.0,0.4912577919452973
1801.0,0.4905624369361486
1802.0,0.4898516500083653
1803.0,0.489145850016065
1804.0,0.4884704506942887
1805.0,0.48777436951003256
1806.0,0.4870795479434583
1807.0,0.48641085265489303
1808.0,0.48572633658142605
1809.0,0.4850854932701725
1810.0,0.48441929845393805
1811.0,0.48380960662832606
1812.0,0.48314132103232454
1813.0,0.4825103252522214
1814.0,0.4818774306122978
1815.0,0.48128094395955245
1816.0,0.4807348649194955
1817.0,0.48010626982544147
1818.0,0.4794699575554154
1819.0,0.4789395685245208
1820.0,0.4782996324500043
1821.0,0.4776702675007662
1822.0,0.477091296027629
1823.0,0.47642282942203934
1824.0,0.4758622612558065
1825.0,0.4752014454504215
1826.0,0.4746496773382755
1827.0,0.4739914487159398
1828.0,0.4734169569746149
1829.0,0.4727895684637787
1830.0,0.472262609050318
1831.0,0.47172835830707616
1832.0,0.47119749081474954
1833.0,0.4705658702628142
1834.0,0.47005696217516896
1835.0,0.469502389896789
1836.0,0.46892629006028325
1837.0,0.4684041528921518
1838.0,0.46788313178502233
1839.0,0.46735908417888034
1840.0,0.4668404083768379
1841.0,0.46631750336090344
1842.0,0.4658217063729646
1843.0,0.465330349902495
1844.0,0.46484716755172006
1845.0,0.464352475198677
1846.0,0.4638854334950769
1847.0,0.4634090729305449
1848.0,0.462992028588464
1849.0,0.46257285816871674
1850.0,0.46218340247689843
1851.0,0.461770740716632
1852.0,0.4613719296227502
1853.0,0.46100680761451357
1854.0,0.4606577381551894
1855.0,0.4603136110152709
1856.0,0.45997916509127673
1857.0,0.459659873519525
1858.0,0.45938465713249577
1859.0,0.45908397806422613
1860.0,0.4586697936489119
1861.0,0.45838799374671285
1862.0,0.45809611689306673
1863.0,0.45777740318486115
1864.0,0.45752248092378894
1865.0,0.4571438995527779
1866.0,0.4569391217372279
1867.0,0.4566611457130841
1868.0,0.45640731532838297
1869.0,0.4561205385653039
1870.0,0.45595822885829396
1871.0,0.4557170271388863
1872.0,0.45553493047553173
1873.0,0.4552795659659667
1874.0,0.4550785582253807
1875.0,0.4548360761075018
1876.0,0.4546442095681824
1877.0,0.4544277414469492
1878.0,0.45423539672402974
1879.0,0.4540358182613655
1880.0,0.45387879073132836
1881.0,0.45376324719196937
1882.0,0.4536244728616883
1883.0,0.4535151370264315
1884.0,0.45342045425599475
1885.0,0.4533495338757927
1886.0,0.4532359747800673
1887.0,0.45314204809696473
1888.0,0.453050330724962
1889.0,0.45298180034420926
1890.0,0.45291174212211577
1891.0,0.4528500367825972
1892.0,0.4527749218167278
1893.0,0.45275647493421006
1894.0,0.452751035981419
1895.0,0.45274492977033187
1896.0,0.45271661924015083
1897.0,0.45275962493892036
1898.0,0.45278880346311695
1899.0,0.4528552860097171
1900.0,0.452895022203479
1901.0,0.45292685272487665
1902.0,0.4529570895183613
1903.0,0.45303516315931097
1904.0,0.45308903947401125
1905.0,0.4531345449357045
1906.0,0.45317600426373655
1907.0,0.45321911568734596
1908.0,0.45326877146757677
1909.0,0.453318088876057
1910.0,0.4533719995122157
1911.0,0.45344786032242007
1912.0,0.45350661356321664
1913.0,0.4535984015351985
1914.0,0.45369751475482945
1915.0,0.4538136979057622
1916.0,0.4539237571114549
1917.0,0.4540300054301417
1918.0,0.45412291591108295
1919.0,0.45424002267368824
1920.0,0.45432117395586685
1921.0,0.4543997248946658
1922.0,0.4544737460472908
1923.0,0.45454975981077267
1924.0,0.45461600727819546
1925.0,0.45467341615345647
1926.0,0.4547490445298583
1927.0,0.4548088097270836
1928.0,0.4548867472376504
1929.0,0.45497136477460354
1930.0,0.4550663448645086
1931.0,0.45509073553073864
1932.0,0.45515599517038624
1933.0,0.45520865956991163
1934.0,0.4553010935370974
1935.0,0.4553491971464575
1936.0,0.4553997626844822
1937.0,0.4554968992748104
1938.0,0.4555690067164647
1939.0,0.4556313330521141
1940.0,0.45568142947143464
1941.0,0.45572425507484926
1942.0,0.45576052747413764
1943.0,0.4558094781237311
1944.0,0.4558766545676351
1945.0,0.45592950809527005
1946.0,0.45598885134836115
1947.0,0.4560487244164924
1948.0,0.45612883137960986
1949.0,0.4562178638183829
1950.0,0.45631171801728676
1951.0,0.45640579464950437
1952.0,0.45657754133378003
1953.0,0.45667422046700473
1954.0,0.4567122701788383
1955.0,0.4568661591931253
1956.0,0.4568396229466096
1957.0,0.4570422836453617
1958.0,0.456966676104329
1959.0,0.4571984159617245
1960.0,0.4571841519679745
1961.0,0.4573770238587562
1962.0,0.45743541412510513
1963.0,0.4575693735383948
1964.0,0.4576926661252723
1965.0,0.45783087270543343
1966.0,0.4579703957566183
1967.0,0.45805249377983204
1968.0,0.4582231416315163
1969.0,0.45833937620483495
1970.0,0.45851022094596383
1971.0,0.4586193746541257
1972.0,0.4587836472367679
1973.0,0.45886912771728117
1974.0,0.4589906869047149
1975.0,0.4591145179770158
1976.0,0.4592615149707709
1977.0,0.45941478558414467
1978.0,0.45955157269608043
1979.0,0.4596925895294787
1980.0,0.4598495510428888
1981.0,0.45998801039488163
1982.0,0.4601132447540225
1983.0,0.46023572103672333
1984.0,0.46036116927350146
1985.0,0.46050548342508385
1986.0,0.46063784238840466
1987.0,0.46076490082837074
1988.0,0.460891107566908
1989.0,0.4610227643894465
1990.0,0.46114868106610185
1991.0,0.46126912094488887
1992.0,0.4613841904303138
1993.0,0.4615269757026018
1994.0,0.461656253481737
1995.0,0.461803962957766
1996.0,0.46200375457367726
1997.0,0.4621035115864311
1998.0,0.4622665057232894
1999.0,0.4624080551627939
2000.0,0.4624756510838056
2001.0,0.4626323054354542
2002.0,0.4627593467710256
2003.0,0.4628299845563351
2004.0,0.4629856914087341
2005.0,0.4631371805987231
2006.0,0.4631969035914544
2007.0,0.46335124107375886
2008.0,0.46347823160337587
2009.0,0.46352568315166287
2010.0,0.4636916844006584
2011.0,0.46381229613437996
2012.0,0.4638254149603771
2013.0,0.46403239360178333
2014.0,0.4641374490822382
2015.0,0.4643161176446105
2016.0,0.464336414109738
2017.0,0.46453592556122697
2018.0,0.46462338984360657
2019.0,0.46474603810009785
2020.0,0.46485126111065966
2021.0,0.46495139403923336
2022.0,0.4650797668712329
2023.0,0.4651728946242488
2024.0,0.4652712912190944
2025.0,0.46537796945361487
2026.0,0.46549625641710457
2027.0,0.4655939811731275
2028.0,0.465666107440524
2029.0,0.46567034701440224
2030.0,0.46578268655040017
2031.0,0.4658926064998182
2032.0,0.4659340004086147
2033.0,0.46605146392521785
2034.0,0.46609494075605296
2035.0,0.4662003935713452
2036.0,0.46624043475975974
2037.0,0.46635967729326105
2038.0,0.4664142168429966
2039.0,0.46645893315607184
2040.0,0.4665614560771054
2041.0,0.4665228576484083
2042.0,0.46666590058867385
2043.0,0.4667083038940245
2044.0,0.46675318693104745
2045.0,0.46685664141747324
2046.0,0.4667973710251555
2047.0,0.4669113384342317
2048.0,0.4669280388414005
2049.0,0.466955762236187
2050.0,0.4670527589275261
2051.0,0.46698098511176783
2052.0,0.46707871995294825
2053.0,0.46708277916858554
2054.0,0.4670880760859254
2055.0,0.4671579741437785
2056.0,0.46714197273914043
2057.0,0.4671517393054699
2058.0,0.4672419372474148
2059.0,0.467232837305887
2060.0,0.46722493728510317
2061.0,0.46723009970230195
2062.0,0.4672411212863188
2063.0,0.46729518723708763
2064.0,0.467194689096966
2065.0,0.46728182558268855
2066.0,0.46726778577543676
2067.0,0.4671917280546025
2068.0,0.46728797842502734
2069.0,0.46728291877356337
2070.0,0.46720419324011686
2071.0,0.46727614810569057
2072.0,0.46728105745010834
2073.0,0.46728156527101267
2074.0,0.46725776572234157
2075.0,0.4672546014334161
2076.0,0.4672381559719133
2077.0,0.46720749644605475
2078.0,0.4672698233011155
2079.0,0.46717388675312704
2080.0,0.4672577942552097
2081.0,0.4672652054674354
2082.0,0.4671495848370608
2083.0,0.46722333721035386
2084.0,0.46719056411592064
2085.0,0.46711218370612956
2086.0,0.46718115203383365
2087.0,0.4672152852783888
2088.0,0.4671227959541869
2089.0,0.4671901659042243
2090.0,0.46721503100289946
2091.0,0.46712415133962204
2092.0,0.46720705448014305
2093.0,0.4671487162398071
2094.0,0.46709283224462184
2095.0,0.46716136692166454
2096.0,0.46713945763437825
2097.0,0.4671033913596608
2098.0,0.46717973030384247
2099.0,0.4671551330916092
2100.0,0.46713756133947126
2101.0,0.46724332979411304
2102.0,0.4672352097636607
2103.0,0.46717934660556515
2104.0,0.4672543116111019
2105.0,0.4672988581943694
2106.0,0.46726121188581277
2107.0,0.4673689125204736
2108.0,0.4674146373908137
2109.0,0.46734091668865985
2110.0,0.46741027924069034
2111.0,0.46744866272480273
2112.0,0.4674304557250219
2113.0,0.4674480067681989
2114.0,0.46751308289218985
2115.0,0.467520500390386
2116.0,0.46759738179545207
2117.0,0.4676690241354975
2118.0,0.46765349544589985
2119.0,0.46775660809161007
2120.0,0.4678173122953454
2121.0,0.46784132792913885
2122.0,0.46793070644093254
2123.0,0.4679981600810673
2124.0,0.46798515339002345
2125.0,0.4680833826132229
2126.0,0.468148386036135
2127.0,0.4682388241582688
2128.0,0.46828475277046316
2129.0,0.4683907323442759
2130.0,0.4684616986196596
2131.0,0.46850843247971774
2132.0,0.46862218573021797
2133.0,0.4687089632080071
2134.0,0.46878545622979767
2135.0,0.4688254655905943
2136.0,0.46893679167543645
2137.0,0.4690414289388317
2138.0,0.46914372336171173
2139.0,0.46923751405718156
2140.0,0.46934408115689213
2141.0,0.46943698349503316
2142.0,0.46953676746567774
2143.0,0.4696418734074661
2144.0,0.469747253982728
2145.0,0.4698401460463543
2146.0,0.4699385684455475
2147.0,0.4700455401771288
2148.0,0.4701408162406109
2149.0,0.47025014595574144
2150.0,0.47039151356567876
2151.0,0.4704899571235925
2152.0,0.4706000767086841
2153.0,0.47073088529359763
2154.0,0.470874271910972
2155.0,0.4709940257630682
2156.0,0.47110390429986787
2157.0,0.47120893543379805
2158.0,0.47131725664421725
2159.0,0.4714362402688748
2160.0,0.4715491284906088
2161.0,0.4716574036106895
2162.0,0.47179456143560045
2163.0,0.4719243248484926
2164.0,0.4720346008705273
2165.0,0.4721512903340627
2166.0,0.47227198034815343
2167.0,0.47241314439491855
2168.0,0.47253433242376364
2169.0,0.4726682305673162
2170.0,0.47279592360898615
2171.0,0.47294169144737763
2172.0,0.47307808985472155
2173.0,0.4731991931103472
2174.0,0.473292831998978
2175.0,0.47340293456198673
2176.0,0.47352342268272535
2177.0,0.4736415447129385
2178.0,0.4737472928617753
2179.0,0.4738702621646702
2180.0,0.4739649800710791
2181.0,0.4740965531218494
2182.0,0.47423300294577303
2183.0,0.474360559639844
2184.0,0.47447203578068836
2185.0,0.47460677865255174
2186.0,0.4747302611911817
2187.0,0.474879317307604
2188.0,0.47497301480424575
2189.0,0.47509956630970207
2190.0,0.475179573180793
2191.0,0.4752960631778172
2192.0,0.4754333223426874
2193.0,0.47550662464011045
2194.0,0.47565607512470404
2195.0,0.4757340417164933
2196.0,0.4758808729288208
2197.0,0.4759883928236189
2198.0,0.4761460396472449
2199.0,0.47625787101921424
2200.0,0.47641064640546016
2201.0,0.4764917056965089
2202.0,0.47663244419189305
2203.0,0.4767091921897551
2204.0,0.47685513012535347
2205.0,0.4769417430251708
2206.0,0.4770819232129996
2207.0,0.47716354748979994
2208.0,0.4773106484507926
2209.0,0.47739340589476775
2210.0,0.4775532822606087
2211.0,0.4776534469861729
2212.0,0.4778038842100736
2213.0,0.47789813321159896
2214.0,0.478062319735175
2215.0,0.47818079736909297
2216.0,0.4783336834903949
2217.0,0.4784248488452721
2218.0,0.4785721166210379
2219.0,0.47869165511130884
2220.0,0.4788394580666305
2221.0,0.4789569668960853
2222.0,0.47905897593334773
2223.0,0.4792118408046542
2224.0,0.4793555504395747
2225.0,0.47948283941806435
2226.0,0.4796596803621557
2227.0,0.47981337782601613
2228.0,0.47994550115598317
2229.0,0.48009098973508335
2230.0,0.4802450129563889
2231.0,0.4803568427711656
2232.0,0.48050733434097137
2233.0,0.4806592071951852
2234.0,0.4807851654494876
2235.0,0.4809472976840546
2236.0,0.48111037629121106
2237.0,0.4812293757450445
2238.0,0.48139963511729383
2239.0,0.4815828486485298
2240.0,0.48176650918941333
2241.0,0.4819385948642879
2242.0,0.48211404955057724
2243.0,0.48228212230778134
2244.0,0.4824492368685631
2245.0,0.4826245419221654
2246.0,0.4827989859812381
2247.0,0.48297504096388455
2248.0,0.48315161707427173
2249.0,0.48331758293541166
2250.0,0.48348185335854493
2251.0,0.48364850837053525
2252.0,0.48381856924175654
2253.0,0.48398483005940424
2254.0,0.48416834067151227
2255.0,0.4843446584853935
2256.0,0.4845290653033685
2257.0,0.4847079512780744
2258.0,0.4848941376952038
2259.0,0.4850815795008558
2260.0,0.48528324650117555
2261.0,0.4854658436707895
2262.0,0.4856341607771876
2263.0,0.4858044606741596
2264.0,0.4859885984411686
2265.0,0.48617273258327504
2266.0,0.48635719733567484
2267.0,0.4865263783632194
2268.0,0.48669799246383816
2269.0,0.48687472914295427
2270.0,0.4870626041746735
2271.0,0.4872362963649956
2272.0,0.4874267276224644
2273.0,0.4876145358643995
2274.0,0.4877907160378545
2275.0,0.4879581572182725
2276.0,0.48810008104185937
2277.0,0.48825020602995745
2278.0,0.4884150125885849
2279.0,0.488586183277113
2280.0,0.48876471575078967
2281.0,0.4889406646402625
2282.0,0.48909121050510995
2283.0,0.48925624738201795
2284.0,0.4894305742877427
2285.0,0.48959179481374643
2286.0,0.48974591707537146
2287.0,0.48987419061888154
2288.0,0.4900254742337974
2289.0,0.49017955982479017
2290.0,0.4903180284041732
2291.0,0.4904576407997287
2292.0,0.49059194455425265
2293.0,0.49072845285564287
2294.0,0.4908569545598811
2295.0,0.4909745934245958
2296.0,0.49109009951236
2297.0,0.4912074276356422
2298.0,0.4913346691343419
2299.0,0.4914627551401572
2300.0,0.4915844848104348
2301.0,0.4916962010710936
2302.0,0.4918021143863001
2303.0,0.4919066088799192
2304.0,0.4920138009986503
2305.0,0.4921122402205623
2306.0,0.4922067185702555
2307.0,0.4923042096300881
2308.0,0.49239268333011066
2309.0,0.4924807712586494
2310.0,0.4925498657386229
2311.0,0.4926321625392464
2312.0,0.49268902128634795
2313.0,0.4927446027888759
2314.0,0.4928185552411811
2315.0,0.49288753147355713
2316.0,0.4929598375911964
2317.0,0.49303611604662356
2318.0,0.49311182424152894
2319.0,0.4931828660526224
2320.0,0.49323219966025433
2321.0,0.49327738502422935
2322.0,0.4933023188623319
2323.0,0.4933468499121183
2324.0,0.49339204132013537
2325.0,0.4934403996407495
2326.0,0.4934875906127315
2327.0,0.4935350475355468
2328.0,0.4935744135841357
2329.0,0.49358462052235075
2330.0,0.4936258356017311
2331.0,0.49366637186291545
2332.0,0.4936969038274847
2333.0,0.49371664852156927
2334.0,0.4937346240027264
2335.0,0.49375679327563354
2336.0,0.4937799173032516
2337.0,0.4937968139785588
2338.0,0.4938118780380341
2339.0,0.49382630629936664
2340.0,0.4938398304350644
2341.0,0.493853542248725
2342.0,0.49387238379462084
2343.0,0.4938954152929994
2344.0,0.4939191797674415
2345.0,0.4939244293242238
2346.0,0.49392977546602335
2347.0,0.49392717995178986
2348.0,0.49393022186217883
2349.0,0.4939308881591358
2350.0,0.4939401322370361
2351.0,0.4939533974782349
2352.0,0.49396441800064644
2353.0,0.49398413748853925
2354.0,0.4939978837732817
2355.0,0.4940242808945573
2356.0,0.49402331086773943
2357.0,0.49404260599637795
2358.0,0.4940496729066575
2359.0,0.49405571371619555
2360.0,0.4940629355532785
2361.0,0.4940864457375366
2362.0,0.4941196073766904
2363.0,0.4941427392129867
2364.0,0.4941509091204571
2365.0,0.49415786672908035
2366.0,0.494170370354462
2367.0,0.4941894808050197
2368.0,0.49422097632617756
2369.0,0.49424834321964706
2370.0,0.4942704057620151
2371.0,0.49429486447850146
2372.0,0.49430552886402934
2373.0,0.4943322693192511
2374.0,0.4943663850936652
2375.0,0.49440267289310363
2376.0,0.4944465417951215
2377.0,0.4944880929912201
2378.0,0.4945332986475296
2379.0,0.4945719192368971
2380.0,0.4946096246503747
2381.0,0.4946578945404161
2382.0,0.4947028551404877
2383.0,0.4947598928715256
2384.0,0.4948042076619093
2385.0,0.4948507080496689
2386.0,0.4948919833192259
2387.0,0.49493676786227014
2388.0,0.49498028483385476
2389.0,0.49501240734329277
2390.0,0.4950600188985994
2391.0,0.4951301010774828
2392.0,0.4951987837922718
2393.0,0.49526334975494224
2394.0,0.49534094601675677
2395.0,0.49541630650064217
2396.0,0.49549158841727653
2397.0,0.49555389864058674
2398.0,0.4956218657660211
2399.0,0.4956840877462512
2400.0,0.4957606403317888
2401.0,0.49582728175640783
2402.0,0.49592248095850977
2403.0,0.49601382470728894
2404.0,0.4961030433592763
2405.0,0.496178389634296
2406.0,0.4962567562447889
2407.0,0.4963611595292709
2408.0,0.49645113231584614
2409.0,0.49654275681107896
2410.0,0.4966446672967729
2411.0,0.49674913367933077
2412.0,0.4968393279079517
2413.0,0.4969325544069619
2414.0,0.4970353503710414
2415.0,0.49713750405625534
2416.0,0.4972424602689249
2417.0,0.4973484890479341
2418.0,0.49744972628443646
2419.0,0.49754925857886306
2420.0,0.4976645431614411
2421.0,0.4978020064770371
2422.0,0.49790578896016907
2423.0,0.4980113612045962
2424.0,0.4981195302801212
2425.0,0.498230311896655
2426.0,0.49834305587976213
2427.0,0.4984651508824558
2428.0,0.49857374858892134
2429.0,0.4986873790201702
2430.0,0.4988092866154767
2431.0,0.4989330008322964
2432.0,0.4990610009802765
2433.0,0.4991916512493365
2434.0,0.49934262962034814
2435.0,0.49947225562368347
2436.0,0.49959917900276374
2437.0,0.4997128197513582
2438.0,0.49983605052728547
2439.0,0.4999503271052545
2440.0,0.500078568771605
2441.0,0.5001955703143416
2442.0,0.5003281698329888
2443.0,0.5004480335288706
2444.0,0.500581719761297
2445.0,0.500701105935665
2446.0,0.5008339614441271
2447.0,0.5009478194824246
2448.0,0.5010805562648185
2449.0,0.5012227681711224
2450.0,0.501374656785284
2451.0,0.5015134974420997
2452.0,0.5016487703045909
2453.0,0.5017745366100385
2454.0,0.501905828881676
2455.0,0.5020231375924332
2456.0,0.5021516736956086
2457.0,0.5022735029400912
2458.0,0.5024054735552117
2459.0,0.5025422799192941
2460.0,0.5026655242625506
2461.0,0.502788365835576
2462.0,0.5029002329364057
2463.0,0.5030092079813127
2464.0,0.5031131602928639
2465.0,0.5032486516143831
2466.0,0.5034127066072843
2467.0,0.5035586855001761
2468.0,0.5036980524943666
2469.0,0.5038249992720654
2470.0,0.5039633204277654
2471.0,0.5040954954954792
2472.0,0.5042248541576504
2473.0,0.5043471270963747
2474.0,0.5044321610739559
2475.0,0.5045414955908442
2476.0,0.5046779530494576
2477.0,0.5047858909129843
2478.0,0.5049194286096972
2479.0,0.5050760968882219
2480.0,0.5051980451417644
2481.0,0.5053344630732615
2482.0,0.5054634303067084
2483.0,0.505595161214834
2484.0,0.5057158666921318
2485.0,0.5058649804600502
2486.0,0.5060022097026524
2487.0,0.506150166209499
2488.0,0.5062666252805317
2489.0,0.5064034631614196
2490.0,0.5065406771559938
2491.0,0.5066746509857056
2492.0,0.5068037606921024
2493.0,0.506919070442474
2494.0,0.507059284798794
2495.0,0.5071957534701519
2496.0,0.5073171065932292
2497.0,0.5074631958636812
2498.0,0.5076233374540302
2499.0,0.507763291232992
2500.0,0.5079284141020532
2501.0,0.5081027462861744
2502.0,0.5082417345840615
2503.0,0.5083875768237518
2504.0,0.5085406379436883
2505.0,0.5086851884702805
2506.0,0.5088300778097731
2507.0,0.5090257413601293
2508.0,0.5091671840020909
2509.0,0.5093255860881757
2510.0,0.509495693841472
2511.0,0.5096548718134022
2512.0,0.5097955337054202
2513.0,0.5099596979388389
2514.0,0.5101548229223245
2515.0,0.5103357590349159
2516.0,0.5105446861149066
2517.0,0.510724661087831
2518.0,0.5109092614500421
2519.0,0.5110680573011347
2520.0,0.5112419759328416
2521.0,0.5114186921473278
2522.0,0.5116190562338958
2523.0,0.5117825057272035
2524.0,0.5119955233089957
2525.0,0.5121987655178818
2526.0,0.5123970212970715
2527.0,0.5126098091744123
2528.0,0.5128179291610241
2529.0,0.513048028455708
2530.0,0.5132115232797333
2531.0,0.5134346350574921
2532.0,0.5136365716853859
2533.0,0.5138528914634765
2534.0,0.5140590917509746
2535.0,0.51429275535798
2536.0,0.5145045526204176
2537.0,0.5147402031686448
2538.0,0.5149532253668188
2539.0,0.5152003070396534
2540.0,0.5154620442158352
2541.0,0.5157101303786922
2542.0,0.515958690001659
2543.0,0.51620103755278
2544.0,0.5164382032969546
2545.0,0.5166827482495656
2546.0,0.5169171460627541
2547.0,0.517159410496477
2548.0,0.5174073522690126
2549.0,0.5176619618243614
2550.0,0.5178939115750955
2551.0,0.5181673751804045
2552.0,0.5184333233745909
2553.0,0.518728074239489
2554.0,0.5190213704083209
2555.0,0.5193079617270518
2556.0,0.5196190255822449
2557.0,0.5199255956794713
2558.0,0.5202224429483404
2559.0,0.5205154960753665
2560.0,0.5208051343644194
2561.0,0.5211051274653392
2562.0,0.521430799655941
2563.0,0.5217578608780586
2564.0,0.5220599102713377
2565.0,0.5223201594384106
2566.0,0.5226064725824269
2567.0,0.5229158375776649
2568.0,0.5232558616376738
2569.0,0.5235886287210778
2570.0,0.5239247514566899
2571.0,0.524279838989636
2572.0,0.5246252278556569
2573.0,0.5249871126397813
2574.0,0.5253384992415095
2575.0,0.5256715422493907
2576.0,0.5260056804739078
2577.0,0.5263483114151049
2578.0,0.5266840813259778
2579.0,0.5270341023835734
2580.0,0.5273888904759537
2581.0,0.5277753744574447
2582.0,0.5281120887518971
2583.0,0.5284730311316032
2584.0,0.5288497758390162
2585.0,0.5292890234741443
2586.0,0.5296160058072581
2587.0,0.529997905518676
2588.0,0.530410878781945
2589.0,0.5307686672295362
2590.0,0.5311410989776794
2591.0,0.5315654657474133
2592.0,0.5319130190446154
2593.0,0.5322856477728898
2594.0,0.5326648473596934
2595.0,0.5330726535724765
2596.0,0.5334327991491563
2597.0,0.5338401022758864
2598.0,0.5342477493425051
2599.0,0.5346492564819169
2600.0,0.5350368154681946
2601.0,0.535409620155691
2602.0,0.535816856625498
2603.0,0.5362304572173837
2604.0,0.536652883736627
2605.0,0.5370478603449604
2606.0,0.5374244269977297
2607.0,0.5377992906553462
2608.0,0.53818202087576
2609.0,0.5385911944902727
2610.0,0.5389936964833586
2611.0,0.5393959030715171
2612.0,0.5398056239733601
2613.0,0.54019297721578
2614.0,0.5405738016899949
2615.0,0.5409711935430882
2616.0,0.5413390720805662
2617.0,0.5417270142624303
2618.0,0.5420904963635973
2619.0,0.5424504207014433
2620.0,0.5428248367170799
2621.0,0.5432216220568199
2622.0,0.5436145345019401
2623.0,0.5440202781220971
2624.0,0.5443900147201791
2625.0,0.544739081773124
2626.0,0.5450818506361426
2627.0,0.5454184941573711
2628.0,0.5457801881132536
2629.0,0.5461404929745913
2630.0,0.5465069727877103
2631.0,0.5468576250272468
2632.0,0.5471996444846358
2633.0,0.5475590841738969
2634.0,0.5478726700199419
2635.0,0.5481710574307571
2636.0,0.5485471357414812
2637.0,0.5488687592307011
2638.0,0.5492189934928562
2639.0,0.5494959816820185
2640.0,0.5498402576975739
2641.0,0.5501508084923354
2642.0,0.5504867982320799
2643.0,0.5508008117606271
2644.0,0.5511167606225339
2645.0,0.5514063955100591
2646.0,0.5517255274854698
2647.0,0.5520136742448529
2648.0,0.5523181114607215
2649.0,0.5526057900160309
2650.0,0.552899741260823
2651.0,0.5531958381258362
2652.0,0.5534633472677754
2653.0,0.5537281917768498
2654.0,0.5540058461211375
2655.0,0.554282210480609
2656.0,0.5545773082916124
2657.0,0.5548504709277526
2658.0,0.5551408609391748
2659.0,0.5554426482567306
2660.0,0.5557413257209588
2661.0,0.5560256997954819
2662.0,0.5562858213826571
2663.0,0.5565504378211769
2664.0,0.5568071371932601
2665.0,0.5570817116274753
2666.0,0.5573531983528949
2667.0,0.5576174419429105
2668.0,0.5578878813452396
2669.0,0.558136200034934
2670.0,0.5583710282663831
2671.0,0.5586220791449737
2672.0,0.5589133202165807
2673.0,0.5591866166041507
2674.0,0.5594550500307632
2675.0,0.5597270479974891
2676.0,0.5599970209601863
2677.0,0.5602594577122039
2678.0,0.5605178146435191
2679.0,0.5607662041417196
2680.0,0.5610392513641197
2681.0,0.5613135055579208
2682.0,0.5615994036466257
2683.0,0.5618709578789208
2684.0,0.5621596108032417
2685.0,0.5624080877024896
2686.0,0.5626652990941577
2687.0,0.5629605262148487
2688.0,0.5632336842642184
2689.0,0.5635016148957199
2690.0,0.5637962807599334
2691.0,0.5640523467415439
2692.0,0.5643463152373451
2693.0,0.5646299908386387
2694.0,0.5649434299648682
2695.0,0.5652338559013417
2696.0,0.5655650880175507
2697.0,0.5658381141289153
2698.0,0.566158776622303
2699.0,0.5664395454607253
2700.0,0.5667638816752925
2701.0,0.5670759790482706
2702.0,0.5673498740374608
2703.0,0.567740249179468
2704.0,0.5680041278764411
2705.0,0.5683115581844499
2706.0,0.5686367613519222
2707.0,0.5689524496941801
2708.0,0.5692824272091751
2709.0,0.569595212834667
2710.0,0.5699978234675184
2711.0,0.5702741369583028
2712.0,0.5706526408794049
2713.0,0.5709306920392769
2714.0,0.5713346574321021
2715.0,0.5716380531303493
2716.0,0.5720442623598383
2717.0,0.572351552710814
2718.0,0.572764531232493
2719.0,0.573096402341881
2720.0,0.5735587922474462
2721.0,0.5738914708883428
2722.0,0.5743756795274222
2723.0,0.5747152784297909
2724.0,0.5751956100192805
2725.0,0.5755473264830211
2726.0,0.5759907222305833
2727.0,0.5763433853942008
2728.0,0.5768103257769877
2729.0,0.5771744554753502
2730.0,0.5776600974913358
2731.0,0.5780741207687204
2732.0,0.5785264643206985
2733.0,0.5789709563161406
2734.0,0.5794547760806394
2735.0,0.5798304484399333
2736.0,0.5803649600286055
2737.0,0.5808071754312687
2738.0,0.581289529291155
2739.0,0.5818151839794451
2740.0,0.5822747902006984
2741.0,0.5827782839610511
2742.0,0.5833124219134689
2743.0,0.5837695242022968
2744.0,0.5842983644624327
2745.0,0.5847540840124712
2746.0,0.5852931122670609
2747.0,0.5857669332032077
2748.0,0.5863349734072989
2749.0,0.5868102456122999
2750.0,0.5873963325397279
2751.0,0.5878950900333152
2752.0,0.5884530700805077
2753.0,0.5889652968477747
2754.0,0.5895854975962633
2755.0,0.5900964946070759
2756.0,0.5907098954824884
2757.0,0.5912325295503494
2758.0,0.5918401064250141
2759.0,0.5923655345563705
2760.0,0.5929734421684535
2761.0,0.5934950168856427
2762.0,0.5940948948954161
2763.0,0.5946032294394115
2764.0,0.5951935377966433
2765.0,0.5957191983886146
2766.0,0.5963047822165243
2767.0,0.5969091925229961
2768.0,0.5974235366993267
2769.0,0.5979859249826501
2770.0,0.5985709571055898
2771.0,0.5991335065674733
2772.0,0.5997151520438072
2773.0,0.6002935948343902
2774.0,0.6008726399162118
2775.0,0.6014781125453611
2776.0,0.6020452726873314
2777.0,0.6026387636221847
2778.0,0.6032353447227088
2779.0,0.6038290989526465
2780.0,0.6044379084731755
2781.0,0.6050091588733819
2782.0,0.6055735446226627
2783.0,0.6061574535567001
2784.0,0.6067307718594143
2785.0,0.607289715538551
2786.0,0.6078611272905718
2787.0,0.6084314554396694
2788.0,0.6089633390410388
2789.0,0.6094842872179483
2790.0,0.6100205425958972
2791.0,0.6105271291248671
2792.0,0.6110205082086302
2793.0,0.611471261880015
2794.0,0.6119847455598036
2795.0,0.61243732294188
2796.0,0.6129410500507928
2797.0,0.6133485274948044
2798.0,0.6138003705375924
2799.0,0.6141748490252414
2800.0,0.6145867336813944
2801.0,0.614957942622244
2802.0,0.6153453177915571
2803.0,0.6156779387536095
2804.0,0.6160040168759158
2805.0,0.6162763992212911
2806.0,0.6165649257494743
2807.0,0.6168340280990615
2808.0,0.6170517029120814
2809.0,0.6172641879635787
2810.0,0.6174320291870414
2811.0,0.6176322746245723
2812.0,0.6177472655169024
2813.0,0.6179078782357846
2814.0,0.6179909664443609
2815.0,0.6181188030955713
2816.0,0.6181525105369529
2817.0,0.6182561498755172
2818.0,0.6182681695436778
2819.0,0.6183567135829919
2820.0,0.6183056236771222
2821.0,0.6183011561196271
2822.0,0.6182192775506907
2823.0,0.6182009888068889
2824.0,0.6180882944363696
2825.0,0.6180479349718506
2826.0,0.6178948227339719
2827.0,0.6178215567339829
2828.0,0.6176262271421274
2829.0,0.6174441615664653
2830.0,0.6172720387726492
2831.0,0.6170737836406059
2832.0,0.6168660548307997
2833.0,0.6166533316282692
2834.0,0.6164179752685599
2835.0,0.6161747965647896
2836.0,0.6159090133944615
2837.0,0.6156536938217178
2838.0,0.6153771793066599
2839.0,0.6150665275892296
2840.0,0.6147714606673212
2841.0,0.6144788940686272
2842.0,0.6141608174210124
2843.0,0.61383859022638
2844.0,0.6135256355217846
2845.0,0.6131772117498875
2846.0,0.6128181755513035
2847.0,0.6124669242927214
2848.0,0.6121077693176582
2849.0,0.6117260581731785
2850.0,0.6113601409850907
2851.0,0.6110002069052084
2852.0,0.6106402115038384
2853.0,0.6102938197143152
2854.0,0.6099356808965795
2855.0,0.6095803937730837
2856.0,0.6092229461117423
2857.0,0.6088557165513961
2858.0,0.608501102930307
2859.0,0.6081565522804999
2860.0,0.6078118624777521
2861.0,0.6074592972415042
2862.0,0.6071006096159541
2863.0,0.6067372261019826
2864.0,0.6063820755852547
2865.0,0.6060184033476209
2866.0,0.6056884293781964
2867.0,0.6053321088343432
2868.0,0.604972303438084
2869.0,0.6046401106428689
2870.0,0.6042874756176928
2871.0,0.6039453280926295
2872.0,0.6035987545900049
2873.0,0.6032453648687839
2874.0,0.6029188005280994
2875.0,0.6025833475540107
2876.0,0.6022287639710179
2877.0,0.6018840505921766
2878.0,0.6015344207617864
2879.0,0.6011834987289204
2880.0,0.6008279150739788
2881.0,0.6005420467672793
2882.0,0.6001075392101592
2883.0,0.5997374800873515
2884.0,0.5994566255433801
2885.0,0.5990420474720249
2886.0,0.5987539416271571
2887.0,0.5982995435419006
2888.0,0.597994407114218
2889.0,0.5975755205270553
2890.0,0.597266474001066
2891.0,0.5968391188939708
2892.0,0.5965613655306699
2893.0,0.5961639407612006
2894.0,0.5958980526045825
2895.0,0.5954854555186113
2896.0,0.5951559678225916
2897.0,0.5949242292468307
2898.0,0.5946063416661566
2899.0,0.5942979765666965
2900.0,0.5939943297594019
2901.0,0.5936917292896678
2902.0,0.5933679670772732
2903.0,0.5930270234603702
2904.0,0.5927307561737041
2905.0,0.5924584816256395
2906.0,0.592205727842651
2907.0,0.5919702163509286
2908.0,0.5917276850837593
2909.0,0.5914774739295814
2910.0,0.5912135267031935
2911.0,0.5909442325449719
2912.0,0.5906795134965548
2913.0,0.5903801669149769
2914.0,0.5901001215967385
2915.0,0.5898195133979655
2916.0,0.5895382716589791
2917.0,0.589277370099721
2918.0,0.5890514746216937
2919.0,0.5888267140167708
2920.0,0.5886120892124425
2921.0,0.5884082567995867
2922.0,0.5882259706604424
2923.0,0.5880816560925758
2924.0,0.5878892355237921
2925.0,0.5877036282181766
2926.0,0.5875169972848416
2927.0,0.5873437938526813
2928.0,0.5871566095167128
2929.0,0.5869586054703863
2930.0,0.5867231175453915
2931.0,0.5866367459963394
2932.0,0.58642389211472
2933.0,0.5863670590488954
2934.0,0.5861465072566131
2935.0,0.5860802981213712
2936.0,0.585849399306104
2937.0,0.5857792688653071
2938.0,0.5855717129628188
2939.0,0.5855057080665561
2940.0,0.5852776126481797
2941.0,0.5852401033638867
2942.0,0.5851475229892001
2943.0,0.5850480741768488
2944.0,0.5850157338293117
2945.0,0.5848246323123426
2946.0,0.5847873835669095
2947.0,0.5846814920250676
2948.0,0.5846171769966944
2949.0,0.5844945030046415
2950.0,0.5844578629960642
2951.0,0.5844122235338274
2952.0,0.5843188598642943
2953.0,0.5842916995689379
2954.0,0.5842663496079615
2955.0,0.5842366146295733
2956.0,0.5841730300099854
2957.0,0.5840892447795898
2958.0,0.5840096357194804
2959.0,0.5839265540748572
2960.0,0.5838511180691989
2961.0,0.5837698642519371
2962.0,0.583739835879151
2963.0,0.5836968598170537
2964.0,0.5836505423141539
2965.0,0.5836126153522521
2966.0,0.5835724431294199
2967.0,0.5835376712177852
2968.0,0.5835464576521756
2969.0,0.5835582563535642
2970.0,0.5836006439818521
2971.0,0.5836235002228722
2972.0,0.5836261704056852
2973.0,0.5836707908445657
2974.0,0.5836855674002404
2975.0,0.5837328995765547
2976.0,0.5837372417510507
2977.0,0.583757916374872
2978.0,0.58378789435897
2979.0,0.583760189579908
2980.0,0.5837649366822801
2981.0,0.5837819993742046
2982.0,0.5838008172828936
2983.0,0.5838137494885474
2984.0,0.5838282052229071
2985.0,0.583851411193633
2986.0,0.5838746396954415
2987.0,0.5839041541791992
2988.0,0.5839354643992082
2989.0,0.5839781183328856
2990.0,0.5840135642823134
2991.0,0.5840555762205318
2992.0,0.584078991605947
2993.0,0.5841089032842119
2994.0,0.5841494937771592
2995.0,0.5841450968122683
2996.0,0.5841934384800892
2997.0,0.5842587206063092
2998.0,0.5843030753217356
2999.0,0.5843774667004491
3000.0,0.5844326376454536
