"Iteration","CpT_flap1 Monitor: CpT_flap1 Monitor"
1.0,1.2346146030770164
2.0,1.042963730521818
3.0,0.3652294177837007
4.0,-0.0904499856022679
5.0,-0.1129527546531226
6.0,-0.23041333603900804
7.0,-0.2692903914618306
8.0,-0.366435326967686
9.0,-0.3950794213627926
10.0,-0.5561506712204419
11.0,-0.7152760063026672
12.0,-0.7278604445019805
13.0,-0.6839443902711325
14.0,-0.5249248994198774
15.0,-0.3541955804415535
16.0,-0.31026612946879206
17.0,-0.13318297430914203
18.0,-0.1205553010030378
19.0,-0.06608284773734809
20.0,-0.06846952803349605
21.0,-0.07720768929589271
22.0,-0.20242050672621045
23.0,-0.21615574870309276
24.0,-0.24376537738269066
25.0,-0.25788309950499755
26.0,-0.3052485803706703
27.0,-0.31464477505290833
28.0,-0.32143570917471437
29.0,-0.32880194134413177
30.0,-0.3299737702141868
31.0,-0.3284736751933855
32.0,-0.3241888592114371
33.0,-0.3179233647284354
34.0,-0.3036474284172849
35.0,-0.2889400314547659
36.0,-0.27838426887536505
37.0,-0.26313438029133956
38.0,-0.2490085367752515
39.0,-0.2412288512762952
40.0,-0.2325912995888509
41.0,-0.22966849561077735
42.0,-0.2281103561952613
43.0,-0.22769047616787141
44.0,-0.22887301492213544
45.0,-0.2314219516934648
46.0,-0.23502712237812418
47.0,-0.23977586403591733
48.0,-0.2501087326262734
49.0,-0.2557441705441578
50.0,-0.261546499287733
51.0,-0.2714409102408168
52.0,-0.276201098032768
53.0,-0.28042902783329415
54.0,-0.2837276460016702
55.0,-0.28853215226921697
56.0,-0.2903970904237513
57.0,-0.29153736198317093
58.0,-0.29142299326012033
59.0,-0.2902077946870343
60.0,-0.2877626978288247
61.0,-0.2844756443874062
62.0,-0.2806415115456578
63.0,-0.27659701008378407
64.0,-0.27130020865819127
65.0,-0.26835052945116417
66.0,-0.26491066724716567
67.0,-0.261997797515462
68.0,-0.2603753776960869
69.0,-0.25934046776567976
70.0,-0.25890608062542153
71.0,-0.2590458430588347
72.0,-0.2599588066031712
73.0,-0.26123268672127176
74.0,-0.26358517401644666
75.0,-0.26633237373837587
76.0,-0.269431070160813
77.0,-0.2729675603172951
78.0,-0.2776056241943729
79.0,-0.28154147291409154
80.0,-0.2852599145641425
81.0,-0.2900933578621771
82.0,-0.2914396117452446
83.0,-0.2915814821411938
84.0,-0.29014710593816895
85.0,-0.2871303558773163
86.0,-0.282312125726076
87.0,-0.27577861110321583
88.0,-0.2730305428721228
89.0,-0.26812234622297587
90.0,-0.2671315123813226
91.0,-0.26594883309399736
92.0,-0.2659850478504725
93.0,-0.2671105192217993
94.0,-0.267595687037917
95.0,-0.2704601822160682
96.0,-0.27144142771791135
97.0,-0.2740484660337419
98.0,-0.27580071160701036
99.0,-0.2796286784123459
100.0,-0.2815938484293355
101.0,-0.2847702545276869
102.0,-0.2878537458433723
103.0,-0.29025793109438863
104.0,-0.2946141742900573
105.0,-0.2968606979149651
106.0,-0.301027017355623
107.0,-0.3037575390675054
108.0,-0.30724993047440224
109.0,-0.30905765428263426
110.0,-0.31211299771825135
111.0,-0.31382656818949006
112.0,-0.3169927683925467
113.0,-0.31861299375484614
114.0,-0.3210584369368193
115.0,-0.3229911183092228
116.0,-0.32568909641391686
117.0,-0.3278071519141437
118.0,-0.32983428244157154
119.0,-0.3319767318366739
120.0,-0.3339459094684959
121.0,-0.33637510164594825
122.0,-0.337913149438279
123.0,-0.33930402747606997
124.0,-0.3408948098225143
125.0,-0.3417269271223486
126.0,-0.3424698828117612
127.0,-0.34270140865573423
128.0,-0.3426509894171188
129.0,-0.3424722799812637
130.0,-0.3421701009049222
131.0,-0.3416526681736597
132.0,-0.34133176069467
133.0,-0.3408092069095416
134.0,-0.3407567138120249
135.0,-0.3408194026043941
136.0,-0.3409182343212952
137.0,-0.3414223998692363
138.0,-0.34223897359218675
139.0,-0.3433775820744905
140.0,-0.3448055124934062
141.0,-0.34651173109898814
142.0,-0.3483739324581495
143.0,-0.349909586541211
144.0,-0.35215113798423514
145.0,-0.3547931712828778
146.0,-0.3562287482558825
147.0,-0.35862104824301827
148.0,-0.3601735694792427
149.0,-0.3619125318057925
150.0,-0.3633589148996844
151.0,-0.3647204821648718
152.0,-0.365758789873206
153.0,-0.36701576687525905
154.0,-0.3679790885613081
155.0,-0.3694112706156952
156.0,-0.3706204818609448
157.0,-0.3722542877721848
158.0,-0.3737789624946562
159.0,-0.3752451502460125
160.0,-0.3766785093636125
161.0,-0.3781029578627734
162.0,-0.3793944002080941
163.0,-0.38046219203391246
164.0,-0.3815327366159313
165.0,-0.3823555466482152
166.0,-0.38334455069335593
167.0,-0.3842272362447351
168.0,-0.3852026374378007
169.0,-0.3860094567550325
170.0,-0.3870012223339225
171.0,-0.3881115895544957
172.0,-0.389200238604597
173.0,-0.3904782083797366
174.0,-0.39201977627419593
175.0,-0.3936779530197616
176.0,-0.395898204188438
177.0,-0.39776561155517637
178.0,-0.39924511639158794
179.0,-0.4018861160537798
180.0,-0.4030731456250287
181.0,-0.4060149484409957
182.0,-0.4071278433664779
183.0,-0.4103660163872952
184.0,-0.41144365291559337
185.0,-0.4132224437956459
186.0,-0.41546729785244846
187.0,-0.41665671347844696
188.0,-0.4185027356224514
189.0,-0.42032610297644085
190.0,-0.4222470558994202
191.0,-0.4240992185409673
192.0,-0.4260052018536433
193.0,-0.4274555509423067
194.0,-0.4297504551271544
195.0,-0.43187680325508077
196.0,-0.4334919845924069
197.0,-0.4358491187203394
198.0,-0.4374166299783626
199.0,-0.4399107721193071
200.0,-0.44156615345196953
201.0,-0.44394583379607216
202.0,-0.44508063795997344
203.0,-0.44761451874080443
204.0,-0.44868731656374883
205.0,-0.451203373374526
206.0,-0.4522057419726775
207.0,-0.4545242524351233
208.0,-0.45542187201886664
209.0,-0.45734908284720943
210.0,-0.45812370857758833
211.0,-0.459829522964175
212.0,-0.4605393852229228
213.0,-0.46198814733441534
214.0,-0.4630577404662135
215.0,-0.46396571559037714
216.0,-0.4646768146272379
217.0,-0.4652704777332529
218.0,-0.4657221135465624
219.0,-0.46616356902438544
220.0,-0.4664381970461956
221.0,-0.46688327232874727
222.0,-0.4672441944500158
223.0,-0.4678352277286077
224.0,-0.4683713665727155
225.0,-0.46948694882630404
226.0,-0.4704042471687688
227.0,-0.47126855270665113
228.0,-0.4723902101260152
229.0,-0.47364410337515217
230.0,-0.47506067301057964
231.0,-0.4765341653685675
232.0,-0.4781677941188704
233.0,-0.4799404088282545
234.0,-0.4824597950181554
235.0,-0.4836932221329035
236.0,-0.48633787273932705
237.0,-0.48808614271702616
238.0,-0.4899317444661014
239.0,-0.4918906746346997
240.0,-0.4933284306027063
241.0,-0.4955908882628148
242.0,-0.4970619648784502
243.0,-0.500111091524562
244.0,-0.5013685519304806
245.0,-0.5027576370213575
246.0,-0.5048158570630468
247.0,-0.5060717395756236
248.0,-0.508713048371914
249.0,-0.5095991221129167
250.0,-0.5126117876053777
251.0,-0.5129778589852936
252.0,-0.5135032142341218
253.0,-0.5141257630219486
254.0,-0.5145773879066242
255.0,-0.5153991795701747
256.0,-0.5156425875430728
257.0,-0.5159454244040811
258.0,-0.516024994275596
259.0,-0.5162963237951763
260.0,-0.5168292050998323
261.0,-0.5176774928469265
262.0,-0.5182952341364562
263.0,-0.520291378873185
264.0,-0.521040038808181
265.0,-0.5234777848739902
266.0,-0.5244379743096577
267.0,-0.5275092478664336
268.0,-0.5286090701760939
269.0,-0.5327628232762888
270.0,-0.5337683330368297
271.0,-0.5360630825495116
272.0,-0.5382069141532362
273.0,-0.5402176446608294
274.0,-0.5421077850598276
275.0,-0.543865690645991
276.0,-0.5454659996521887
277.0,-0.5469411762722309
278.0,-0.5482830629826196
279.0,-0.5495168994638469
280.0,-0.5506190166577808
281.0,-0.5520207640234385
282.0,-0.5525564909437468
283.0,-0.5539976960977331
284.0,-0.5545241353222882
285.0,-0.5560971737396946
286.0,-0.5566879068174881
287.0,-0.5585423692777929
288.0,-0.5592043399350596
289.0,-0.5613781646945168
290.0,-0.5622835882374296
291.0,-0.5645262455279683
292.0,-0.5654972300980703
293.0,-0.5677567788805138
294.0,-0.5687268500103387
295.0,-0.570959095881656
296.0,-0.5719439238460784
297.0,-0.5741728110498574
298.0,-0.5751137606304187
299.0,-0.5772566264641894
300.0,-0.5782027615004562
301.0,-0.5802634528605543
302.0,-0.5811435665884725
303.0,-0.5831392129502881
304.0,-0.5840293467198888
305.0,-0.5859832093333788
306.0,-0.5868585238214429
307.0,-0.5887365209980757
308.0,-0.5895980924015343
309.0,-0.5915264688508192
310.0,-0.5924219559067088
311.0,-0.5943823593559853
312.0,-0.5953083890040866
313.0,-0.5973780377837004
314.0,-0.5983178019667537
315.0,-0.6004589959503618
316.0,-0.6018498250270017
317.0,-0.6031152978636127
318.0,-0.6051228135190126
319.0,-0.6064972185854876
320.0,-0.6077422243324414
321.0,-0.6097346103815959
322.0,-0.6108985837585011
323.0,-0.6123096191003788
324.0,-0.6144038064512589
325.0,-0.6153637016002326
326.0,-0.6174742744584908
327.0,-0.6184254270842207
328.0,-0.6205586854629664
329.0,-0.621522283991087
330.0,-0.6236045882605384
331.0,-0.6245458986180543
332.0,-0.6266295200270207
333.0,-0.627562316081746
334.0,-0.6296743214715956
335.0,-0.6306079166808531
336.0,-0.632114983056474
337.0,-0.6336469319285656
338.0,-0.6359112810404088
339.0,-0.6366696654451235
340.0,-0.6388802837134193
341.0,-0.6396261718957595
342.0,-0.6418893067408301
343.0,-0.6426327849493731
344.0,-0.6448576540085174
345.0,-0.645595947330558
346.0,-0.6478137606421983
347.0,-0.6487230499326723
348.0,-0.6502031942673757
349.0,-0.6522999563855381
350.0,-0.6532072421126361
351.0,-0.6552050784137688
352.0,-0.6561094620470348
353.0,-0.6581610260063923
354.0,-0.6590573477206232
355.0,-0.6610735928434598
356.0,-0.6619521907645515
357.0,-0.663904115869428
358.0,-0.6647634805931578
359.0,-0.6666568173281362
360.0,-0.6675116229143068
361.0,-0.6693558518570898
362.0,-0.6702084387419238
363.0,-0.6721149471725513
364.0,-0.6729555502150063
365.0,-0.6748427920837914
366.0,-0.6758630481686173
367.0,-0.6775605677217009
368.0,-0.6785746135626555
369.0,-0.680285890525006
370.0,-0.681268921799641
371.0,-0.6829470997870435
372.0,-0.6841447561833884
373.0,-0.6852115736340254
374.0,-0.6869211046213304
375.0,-0.6881125997861697
376.0,-0.6893706491943342
377.0,-0.6908777614255847
378.0,-0.6920011878879393
379.0,-0.6932445496527608
380.0,-0.6947011310626465
381.0,-0.6958352326320779
382.0,-0.697088989076206
383.0,-0.6986114221967616
384.0,-0.7000033410118722
385.0,-0.7011393929639556
386.0,-0.7023733933221462
387.0,-0.7038676742086075
388.0,-0.7049866016606811
389.0,-0.7064406603909239
390.0,-0.707566564277371
391.0,-0.7090151683112803
392.0,-0.7101146991221033
393.0,-0.7115957500656669
394.0,-0.712696183142825
395.0,-0.7136837116822513
396.0,-0.7153484154913542
397.0,-0.7166680566359176
398.0,-0.7177140936101098
399.0,-0.7186749478264927
400.0,-0.7202655820906733
401.0,-0.7215768157023981
402.0,-0.7226300617038169
403.0,-0.7239583317545386
404.0,-0.7252006511631268
405.0,-0.7262136529415057
406.0,-0.7275297423448319
407.0,-0.7287397283473943
408.0,-0.7299478857918517
409.0,-0.7311091324936998
410.0,-0.732250945948865
411.0,-0.7333660089349866
412.0,-0.7344858543184684
413.0,-0.7358461831241819
414.0,-0.7367153694841021
415.0,-0.7379208684322005
416.0,-0.7392930862558241
417.0,-0.7401397434012308
418.0,-0.7413196087137071
419.0,-0.7428487858022642
420.0,-0.7434042674532367
421.0,-0.7450957088119249
422.0,-0.7456281821348036
423.0,-0.7474299423508812
424.0,-0.7479260186969189
425.0,-0.7494585886786759
426.0,-0.7499732354194227
427.0,-0.7518352898245759
428.0,-0.7523236390792545
429.0,-0.753852186168746
430.0,-0.7543581546188948
431.0,-0.756143873667004
432.0,-0.7566178901682971
433.0,-0.7582743021725342
434.0,-0.75873504348501
435.0,-0.7602370761623906
436.0,-0.7607209360983009
437.0,-0.762607646219534
438.0,-0.7630428999169453
439.0,-0.7640501137394593
440.0,-0.7652276512604174
441.0,-0.7661250479076457
442.0,-0.7674245870336612
443.0,-0.7678954988546253
444.0,-0.7697127467241917
445.0,-0.7701223730488234
446.0,-0.7710735897458864
447.0,-0.7720399989528508
448.0,-0.7733673578295605
449.0,-0.7738212528215312
450.0,-0.7755982647313091
451.0,-0.7759891726330033
452.0,-0.7769027902098522
453.0,-0.7780128198981225
454.0,-0.7788689999997446
455.0,-0.779933891926048
456.0,-0.7807752834150952
457.0,-0.7816764976155218
458.0,-0.7827458640693998
459.0,-0.7835474686039421
460.0,-0.7844394045327314
461.0,-0.7853296775284682
462.0,-0.7863839964186456
463.0,-0.787177176379261
464.0,-0.7880439479328409
465.0,-0.788901329032584
466.0,-0.7899408081113293
467.0,-0.7907250332029794
468.0,-0.7915618212634624
469.0,-0.7924290458680546
470.0,-0.7933291822328544
471.0,-0.794214644890977
472.0,-0.7950837700795278
473.0,-0.7959453410580815
474.0,-0.7967970046441573
475.0,-0.7976632617145989
476.0,-0.798498849356233
477.0,-0.7993113059620963
478.0,-0.800161478166093
479.0,-0.8010065459555038
480.0,-0.8018152247677814
481.0,-0.8026319875730791
482.0,-0.8034519398114339
483.0,-0.8042527442375496
484.0,-0.8050534544561828
485.0,-0.805850850849977
486.0,-0.806626901943169
487.0,-0.8074268427799601
488.0,-0.8082099978720776
489.0,-0.8089925431014726
490.0,-0.8097694082595843
491.0,-0.8105413626132001
492.0,-0.8113361135316168
493.0,-0.8121165875222756
494.0,-0.8128945409903358
495.0,-0.8136721171928494
496.0,-0.8144579203805079
497.0,-0.8152125144517682
498.0,-0.8159708658345343
499.0,-0.8167357079953351
500.0,-0.8174936521022474
501.0,-0.8182284761208949
502.0,-0.8189407520757551
503.0,-0.8196664299722987
504.0,-0.8203897071261183
505.0,-0.821102866655617
506.0,-0.8218215812936229
507.0,-0.822553408325921
508.0,-0.8232780874337378
509.0,-0.8239997828245659
510.0,-0.8247383177216245
511.0,-0.8254698212957233
512.0,-0.8261717516426729
513.0,-0.8268770840240265
514.0,-0.8275547749212617
515.0,-0.8282410975790069
516.0,-0.8289352747132078
517.0,-0.8296186923266305
518.0,-0.8303175132749775
519.0,-0.8310106326955479
520.0,-0.8316954602848279
521.0,-0.8323690241609719
522.0,-0.8330398407720393
523.0,-0.8337346081317433
524.0,-0.834401421068597
525.0,-0.8350737724034053
526.0,-0.8357491101397451
527.0,-0.8364112854373803
528.0,-0.837071597326774
529.0,-0.8377272755100238
530.0,-0.8383797023800214
531.0,-0.8390381494291304
532.0,-0.8396929520836023
533.0,-0.8403361387778934
534.0,-0.8409910930065836
535.0,-0.8416340696211577
536.0,-0.8422727161301463
537.0,-0.8428963844794486
538.0,-0.8435355813897357
539.0,-0.8441689079577608
540.0,-0.8448079338000548
541.0,-0.8454438102820505
542.0,-0.8460884410875256
543.0,-0.846728555950943
544.0,-0.8473513595527038
545.0,-0.8479780144130219
546.0,-0.8484853120957486
547.0,-0.849179902013832
548.0,-0.8498267101911885
549.0,-0.850453334484385
550.0,-0.8508334601444741
551.0,-0.8520313403338596
552.0,-0.8522501653255808
553.0,-0.8528262351851108
554.0,-0.853415368803331
555.0,-0.8540238666751537
556.0,-0.8546391586993227
557.0,-0.8552528620756839
558.0,-0.8558622673808509
559.0,-0.8564703260451076
560.0,-0.8569558289516356
561.0,-0.857599209802591
562.0,-0.8582155010736634
563.0,-0.8587002798622853
564.0,-0.8593528988115694
565.0,-0.8599879779333139
566.0,-0.860282699212745
567.0,-0.8617262679880905
568.0,-0.8619191552166248
569.0,-0.8622410513081006
570.0,-0.862804180981214
571.0,-0.863365053296752
572.0,-0.8638297482242744
573.0,-0.8645812916236647
574.0,-0.8652360543246539
575.0,-0.8654745397509032
576.0,-0.8665920981296971
577.0,-0.8667904457232497
578.0,-0.8673134175300206
579.0,-0.8678804296634989
580.0,-0.868340558138616
581.0,-0.8690744715051127
582.0,-0.8697420259531847
583.0,-0.869986202790818
584.0,-0.8710872158864053
585.0,-0.8712842476121276
586.0,-0.8717005976027342
587.0,-0.8721863563167566
588.0,-0.8729347929002355
589.0,-0.8735530984350414
590.0,-0.8737773707298021
591.0,-0.8748120510428283
592.0,-0.8750001845809259
593.0,-0.8754032243421092
594.0,-0.8759989797128359
595.0,-0.8767019909486349
596.0,-0.8769366191150334
597.0,-0.878016717821527
598.0,-0.8782010714544171
599.0,-0.878876635164027
600.0,-0.8790784031170052
601.0,-0.8799655527049138
602.0,-0.8801619839226179
603.0,-0.8809937918649408
604.0,-0.881179918392867
605.0,-0.8820054848850263
606.0,-0.8821900140085003
607.0,-0.8830925712532235
608.0,-0.8832657620683475
609.0,-0.8840174672075088
610.0,-0.8842018908563625
611.0,-0.8850730216188916
612.0,-0.885249072358696
613.0,-0.8861050069478315
614.0,-0.8862767141336411
615.0,-0.8869314605869184
616.0,-0.8872580821545504
617.0,-0.887762859323981
618.0,-0.8883628469789641
619.0,-0.8889037401878542
620.0,-0.8893343458680016
621.0,-0.8897866073694696
622.0,-0.8903541283061767
623.0,-0.8908690419047526
624.0,-0.8912794767143816
625.0,-0.8917282218388063
626.0,-0.8922678829521499
627.0,-0.8927559506538092
628.0,-0.893155981283278
629.0,-0.893598918381375
630.0,-0.894162402039621
631.0,-0.8946592162575934
632.0,-0.8950809600042241
633.0,-0.8955387907576906
634.0,-0.8960925268828267
635.0,-0.8965081624471996
636.0,-0.8969576373930873
637.0,-0.8974170435218288
638.0,-0.8979523035897529
639.0,-0.8984325408187561
640.0,-0.898810199815608
641.0,-0.8992229093051013
642.0,-0.899752749988736
643.0,-0.900237623408385
644.0,-0.9005507028345254
645.0,-0.901009690016811
646.0,-0.9016545624689623
647.0,-0.9021166108282583
648.0,-0.9022985470177185
649.0,-0.9031689739399744
650.0,-0.9033241017980517
651.0,-0.903730497960752
652.0,-0.9042524396903567
653.0,-0.9047333078706418
654.0,-0.9050525586606658
655.0,-0.9055135514078032
656.0,-0.9060546836731838
657.0,-0.9064463897927558
658.0,-0.9068012026987736
659.0,-0.9073640865503662
660.0,-0.9078678091931557
661.0,-0.9080453041229251
662.0,-0.908835148867331
663.0,-0.9089917533090314
664.0,-0.9096609830536125
665.0,-0.9098139367592474
666.0,-0.9104759334874319
667.0,-0.9106327454866455
668.0,-0.9113154864784153
669.0,-0.9114729136272738
670.0,-0.912163562327636
671.0,-0.9123223158466055
672.0,-0.913020108534767
673.0,-0.9131751713168474
674.0,-0.9138626216813118
675.0,-0.9140179185649874
676.0,-0.9146686623828458
677.0,-0.9148205011749285
678.0,-0.9155373284750467
679.0,-0.9156871967530588
680.0,-0.9161947459933898
681.0,-0.9163792801780991
682.0,-0.9173675549816735
683.0,-0.9175072357279256
684.0,-0.9177030171416063
685.0,-0.9182502152186772
686.0,-0.9184347862752793
687.0,-0.9192752155225277
688.0,-0.9194240385318506
689.0,-0.9197689202741587
690.0,-0.9201536483928973
691.0,-0.9207333421625378
692.0,-0.9209124658284988
693.0,-0.9218205727532609
694.0,-0.9219577996640901
695.0,-0.9221488198458486
696.0,-0.9226917577136557
697.0,-0.9228658869965871
698.0,-0.9236556891158914
699.0,-0.923803267659464
700.0,-0.9241454814230972
701.0,-0.9245199415665701
702.0,-0.9251151498113664
703.0,-0.9253014062698004
704.0,-0.9262053154257703
705.0,-0.9263392265011421
706.0,-0.9265282932529151
707.0,-0.9270396310787249
708.0,-0.9272047714749896
709.0,-0.9279466900699551
710.0,-0.9280935843770449
711.0,-0.9284339317808988
712.0,-0.9288027371954714
713.0,-0.9293862085415302
714.0,-0.9295692517662032
715.0,-0.9303619731994086
716.0,-0.9305026652651663
717.0,-0.9307098278911019
718.0,-0.9314602959672846
719.0,-0.9315992073762639
720.0,-0.9317969953869603
721.0,-0.9327202898106197
722.0,-0.9328414186914032
723.0,-0.9330123217997403
724.0,-0.9333758165161729
725.0,-0.9337447748228288
726.0,-0.9343057363146157
727.0,-0.9344794542880629
728.0,-0.9352661732858538
729.0,-0.9354056646539195
730.0,-0.9356086333883153
731.0,-0.9363497140464869
732.0,-0.9364856803730205
733.0,-0.9367999785783618
734.0,-0.9371465528667774
735.0,-0.9376918170106477
736.0,-0.9378593493523659
737.0,-0.9385974991341052
738.0,-0.9387338558109409
739.0,-0.9389333555050141
740.0,-0.9396985928790917
741.0,-0.9398292654079978
742.0,-0.9400213441647807
743.0,-0.9407612499554713
744.0,-0.9408930988781576
745.0,-0.9410894917915151
746.0,-0.9419988625685842
747.0,-0.942116980377022
748.0,-0.9422890436288629
749.0,-0.9426463550383223
750.0,-0.942846961592579
751.0,-0.9438015833865614
752.0,-0.9439189293243236
753.0,-0.9440785828187837
754.0,-0.9444000861482966
755.0,-0.9448212204341088
756.0,-0.9453243095014526
757.0,-0.945488472091856
758.0,-0.946194825819954
759.0,-0.9463346307486508
760.0,-0.9465305744085759
761.0,-0.9472158395017367
762.0,-0.9473478917987423
763.0,-0.9476546477401792
764.0,-0.9479930547510751
765.0,-0.9484951528989779
766.0,-0.9486633527635661
767.0,-0.9493688359912238
768.0,-0.9495031883836592
769.0,-0.9496972838122457
770.0,-0.950410587693639
771.0,-0.9505439221652743
772.0,-0.9507374599651859
773.0,-0.9514267983726865
774.0,-0.9515561944325713
775.0,-0.9518608457819637
776.0,-0.9520595303626517
777.0,-0.9529843193110177
778.0,-0.9530965604596914
779.0,-0.9532511806938144
780.0,-0.9535538402580298
781.0,-0.9537437947994973
782.0,-0.9544675437011781
783.0,-0.9545984032877558
784.0,-0.9547786612167647
785.0,-0.9555214305457885
786.0,-0.9556528588613041
787.0,-0.9558454704453039
788.0,-0.9564066133383344
789.0,-0.9565657094974439
790.0,-0.957097616979239
791.0,-0.9572489000453228
792.0,-0.95778503962533
793.0,-0.9579417150028332
794.0,-0.9584802537191056
795.0,-0.9586340131073058
796.0,-0.9589890179406686
797.0,-0.9591880052148147
798.0,-0.9599746498840778
799.0,-0.9600944046800781
800.0,-0.9602629976775922
801.0,-0.9606066676660284
802.0,-0.9608027025610584
803.0,-0.9615954321282623
804.0,-0.9617195192568279
805.0,-0.9618843581026276
806.0,-0.9622303362642
807.0,-0.962424766666716
808.0,-0.9631987272376829
809.0,-0.963325499729977
810.0,-0.9634995145785107
811.0,-0.9638484763158193
812.0,-0.9640473890549867
813.0,-0.9648976199858198
814.0,-0.965013743549725
815.0,-0.9651665453104695
816.0,-0.9654588361941601
817.0,-0.965641657557241
818.0,-0.9663837280513238
819.0,-0.9665033660916407
820.0,-0.9666726826021085
821.0,-0.9670207628921234
822.0,-0.9672183187493203
823.0,-0.9679962496997958
824.0,-0.9681161313107366
825.0,-0.9682785712985779
826.0,-0.9685983009804379
827.0,-0.9687883276686601
828.0,-0.9695353531234894
829.0,-0.9696586483700989
830.0,-0.9698218880208753
831.0,-0.970147756256779
832.0,-0.9703442398593902
833.0,-0.9711024129084533
834.0,-0.9712247276247339
835.0,-0.9713902669841502
836.0,-0.971707363122817
837.0,-0.9718991587793074
838.0,-0.972614109404008
839.0,-0.9727325678235904
840.0,-0.9728929017102262
841.0,-0.9731962473907017
842.0,-0.9733824444528
843.0,-0.9740856738442083
844.0,-0.9741999014593945
845.0,-0.9743541414089925
846.0,-0.9746506342772042
847.0,-0.9748376233122181
848.0,-0.9755462484777284
849.0,-0.9756641776756515
850.0,-0.9758249571148577
851.0,-0.9761268931652644
852.0,-0.9763162898094944
853.0,-0.9770240300353729
854.0,-0.9771409152270767
855.0,-0.9772971936195446
856.0,-0.9775895941709882
857.0,-0.9777709075009183
858.0,-0.978439527212819
859.0,-0.9785537195330508
860.0,-0.9787103398158359
861.0,-0.9790049525066494
862.0,-0.9791881945366545
863.0,-0.9798676221272528
864.0,-0.9799821366441002
865.0,-0.9801367962658017
866.0,-0.9804169331731052
867.0,-0.9805922442441007
868.0,-0.9812148976396553
869.0,-0.9813289819640267
870.0,-0.9815165061817025
871.0,-0.9817763382731053
872.0,-0.9820557994909055
873.0,-0.9823342533960727
874.0,-0.9826205000959048
875.0,-0.9829024877529486
876.0,-0.9831856307463529
877.0,-0.9834631337125872
878.0,-0.9837419172961227
879.0,-0.984015392199226
880.0,-0.9842899697300145
881.0,-0.9845564258996187
882.0,-0.9848245934368273
883.0,-0.9850843372549022
884.0,-0.9853405395636656
885.0,-0.9855993847464196
886.0,-0.985854461377759
887.0,-0.9861111393333652
888.0,-0.9863680348408703
889.0,-0.986629920482415
890.0,-0.9868827554842642
891.0,-0.987134092878206
892.0,-0.9873825993196087
893.0,-0.9876362549005959
894.0,-0.9878913832078301
895.0,-0.9881983271397733
896.0,-0.9884255985913935
897.0,-0.9886660779900257
898.0,-0.9889087489884842
899.0,-0.9892040662370934
900.0,-0.9894296941605129
901.0,-0.9896686035871397
902.0,-0.9899517525688297
903.0,-0.9901769852696034
904.0,-0.9904094747282823
905.0,-0.9906836605244006
906.0,-0.9908983186088051
907.0,-0.9911607360420003
908.0,-0.9913697056759496
909.0,-0.9916342291853348
910.0,-0.9918941840718429
911.0,-0.9921000424427846
912.0,-0.9923582210518953
913.0,-0.992568952837073
914.0,-0.9928280109013108
915.0,-0.9930755391114062
916.0,-0.9932818925728168
917.0,-0.993542191232999
918.0,-0.9937932989783669
919.0,-0.9939938230897607
920.0,-0.9942571199927978
921.0,-0.9945088715998003
922.0,-0.9947439463790753
923.0,-0.9949782017128335
924.0,-0.9952046530448091
925.0,-0.9954248539165675
926.0,-0.9956499766961638
927.0,-0.9958688817800457
928.0,-0.9960961496830621
929.0,-0.996313463084136
930.0,-0.9965332584139627
931.0,-0.9967529691937754
932.0,-0.9969780257621726
933.0,-0.997201737221043
934.0,-0.9974405855446984
935.0,-0.9976730378058615
936.0,-0.9979058952923062
937.0,-0.9981342722800254
938.0,-0.998359973187461
939.0,-0.998580056626464
940.0,-0.9988005545332563
941.0,-0.9989852341653445
942.0,-0.9992146240239591
943.0,-0.9994372119289775
944.0,-0.9996261598907427
945.0,-0.9998582308796498
946.0,-1.0000844786779837
947.0,-1.0002694197235733
948.0,-1.0005004599933425
949.0,-1.0007174586075482
950.0,-1.0009009543471947
951.0,-1.0011271159658823
952.0,-1.0013166051576756
953.0,-1.0015444084962364
954.0,-1.0017652746782224
955.0,-1.001948196073542
956.0,-1.0021718709437788
957.0,-1.002352456628899
958.0,-1.0025759410147697
959.0,-1.0027856689231727
960.0,-1.0029625196133223
961.0,-1.0031771703049592
962.0,-1.0033928559550764
963.0,-1.0035708694667653
964.0,-1.0037873417138556
965.0,-1.0039674799335345
966.0,-1.0041845341730509
967.0,-1.004360820294777
968.0,-1.0045454429520138
969.0,-1.0047639049151473
970.0,-1.004935953529635
971.0,-1.0051201681291342
972.0,-1.005310234836593
973.0,-1.0055027284620621
974.0,-1.0056940886420416
975.0,-1.0058866672766194
976.0,-1.0060769623344494
977.0,-1.0062636287935092
978.0,-1.0064540785852842
979.0,-1.0066382570852983
980.0,-1.0068257186814724
981.0,-1.0070073268411766
982.0,-1.0071867147000437
983.0,-1.0073648782929638
984.0,-1.0075508314453254
985.0,-1.0077324684637927
986.0,-1.0079123558439178
987.0,-1.008091386489052
988.0,-1.0082719188988976
989.0,-1.0084504868752413
990.0,-1.0086260099005095
991.0,-1.0087952651147045
992.0,-1.0089651403108921
993.0,-1.0091331329249993
994.0,-1.00930271211264
995.0,-1.0094704068544373
996.0,-1.0096423192855049
997.0,-1.009812156897259
998.0,-1.009980008289613
999.0,-1.0101462062724622
1000.0,-1.010315498421753
1001.0,-1.010481697602524
1002.0,-1.0106468548347949
1003.0,-1.0108110910505195
1004.0,-1.0109767010171125
1005.0,-1.0111384818172655
1006.0,-1.0112973188038026
1007.0,-1.011450982878616
1008.0,-1.0116062482158592
1009.0,-1.0117601333622435
1010.0,-1.0119134110092118
1011.0,-1.0120656476950405
1012.0,-1.0122174527529304
1013.0,-1.0123686356821036
1014.0,-1.0125229952265755
1015.0,-1.0126779428184163
1016.0,-1.01283331195648
1017.0,-1.0129804099739301
1018.0,-1.0131263532126966
1019.0,-1.0132738236464032
1020.0,-1.0134219629237238
1021.0,-1.0135688464169255
1022.0,-1.0137141996184946
1023.0,-1.0138567172591852
1024.0,-1.0139998750151102
1025.0,-1.0141414209800226
1026.0,-1.0142805575716305
1027.0,-1.0144192676304598
1028.0,-1.0145608034840508
1029.0,-1.0146976152818856
1030.0,-1.014835634837613
1031.0,-1.014973727781404
1032.0,-1.015107183294471
1033.0,-1.0152381911442492
1034.0,-1.0153724673132023
1035.0,-1.0155062485767203
1036.0,-1.0156373316345177
1037.0,-1.0157685231865505
1038.0,-1.0159007872720298
1039.0,-1.0160315199805947
1040.0,-1.0161598374363785
1041.0,-1.0162847716387755
1042.0,-1.016408349389724
1043.0,-1.0165311693011678
1044.0,-1.0166561527420341
1045.0,-1.0167798100143128
1046.0,-1.016866465096511
1047.0,-1.017035860739001
1048.0,-1.0171174962264449
1049.0,-1.017284474052242
1050.0,-1.0173663351708486
1051.0,-1.017531060610694
1052.0,-1.0176113502111663
1053.0,-1.0177545819539677
1054.0,-1.0178406279432202
1055.0,-1.0180039095330635
1056.0,-1.0180825845192554
1057.0,-1.0182182695993647
1058.0,-1.0182981918404785
1059.0,-1.0184550342328498
1060.0,-1.018531048458335
1061.0,-1.0186593046114092
1062.0,-1.018739609430133
1063.0,-1.0188729834718784
1064.0,-1.018951126574892
1065.0,-1.0190811015354762
1066.0,-1.0191581116770676
1067.0,-1.0192828092286352
1068.0,-1.019358274111448
1069.0,-1.019483747013746
1070.0,-1.0195593415693875
1071.0,-1.0197287377887416
1072.0,-1.019795472593586
1073.0,-1.0199034955928952
1074.0,-1.0199749236938784
1075.0,-1.0200896525317606
1076.0,-1.0201598428870302
1077.0,-1.0202997513597383
1078.0,-1.0203586164320617
1079.0,-1.020452600023629
1080.0,-1.020514411447795
1081.0,-1.0206282713385078
1082.0,-1.0206874363333989
1083.0,-1.020783498936357
1084.0,-1.020844915014405
1085.0,-1.0209754226384276
1086.0,-1.0210320361149436
1087.0,-1.0211249457604437
1088.0,-1.0211865457988103
1089.0,-1.0213033097601893
1090.0,-1.0213618585212996
1091.0,-1.0214629410727505
1092.0,-1.0215237778923616
1093.0,-1.0216552481394987
1094.0,-1.0217076770354554
1095.0,-1.0217936351983483
1096.0,-1.021850895797104
1097.0,-1.0219595737598328
1098.0,-1.0220130227007658
1099.0,-1.0221022880558301
1100.0,-1.0221572458779027
1101.0,-1.0222709474260518
1102.0,-1.0223200795071332
1103.0,-1.0223983600023467
1104.0,-1.0224477698414884
1105.0,-1.0225395774074122
1106.0,-1.0225882431929103
1107.0,-1.0226635560456458
1108.0,-1.02271181705586
1109.0,-1.0228016714036512
1110.0,-1.0228453913058475
1111.0,-1.022917853245432
1112.0,-1.022964287453507
1113.0,-1.0230460325236037
1114.0,-1.0230892172591086
1115.0,-1.0231590888315898
1116.0,-1.023202851558149
1117.0,-1.0232755553738961
1118.0,-1.023319148958111
1119.0,-1.0233899540218017
1120.0,-1.0234334819229605
1121.0,-1.0235008523647142
1122.0,-1.0235434284626408
1123.0,-1.0236061526634264
1124.0,-1.023645445667835
1125.0,-1.0237070911254442
1126.0,-1.0237431062995341
1127.0,-1.0237983752778357
1128.0,-1.0238319921976067
1129.0,-1.0238834154907706
1130.0,-1.0239165577273055
1131.0,-1.0239690945206898
1132.0,-1.0240024855652092
1133.0,-1.0240504816384322
1134.0,-1.0240818848762483
1135.0,-1.0241308091868586
1136.0,-1.0241614932516037
1137.0,-1.024210119251253
1138.0,-1.0242411531041544
1139.0,-1.0242867160170024
1140.0,-1.024316745686077
1141.0,-1.0243649183838595
1142.0,-1.02439472691608
1143.0,-1.0244385489449923
1144.0,-1.024467358671985
1145.0,-1.0245129387661989
1146.0,-1.0245404170538432
1147.0,-1.0245879069123327
1148.0,-1.024615597274785
1149.0,-1.0246582581836148
1150.0,-1.024683787409144
1151.0,-1.0247215707832669
1152.0,-1.0247457466918029
1153.0,-1.0247831103752956
1154.0,-1.0248056759726727
1155.0,-1.024836469451123
1156.0,-1.0248547358510463
1157.0,-1.024882680624754
1158.0,-1.0249013570912195
1159.0,-1.0249311987180136
1160.0,-1.0249524229146179
1161.0,-1.0249903371629634
1162.0,-1.0250103609959147
1163.0,-1.0250419338366943
1164.0,-1.0250629076181554
1165.0,-1.0250934814654091
1166.0,-1.025112181605748
1167.0,-1.02513624858852
1168.0,-1.0251505676357482
1169.0,-1.0251661137400876
1170.0,-1.0251776780822894
1171.0,-1.02518833633455
1172.0,-1.0251990939076245
1173.0,-1.0252071249291392
1174.0,-1.025214620272058
1175.0,-1.0252269522031443
1176.0,-1.0252394918747842
1177.0,-1.025249686034654
1178.0,-1.0252580337327786
1179.0,-1.025271171588652
1180.0,-1.025278963852208
1181.0,-1.0252874426450815
1182.0,-1.0252950645045675
1183.0,-1.0253010179107327
1184.0,-1.02530584661417
1185.0,-1.0253061163780623
1186.0,-1.025309265181062
1187.0,-1.025307769671838
1188.0,-1.025307298468488
1189.0,-1.0252996619748158
1190.0,-1.0252978052498465
1191.0,-1.0252927911476182
1192.0,-1.0252917115645057
1193.0,-1.0252862195144419
1194.0,-1.0252857069885923
1195.0,-1.0252783268242294
1196.0,-1.025273757701793
1197.0,-1.025260682155521
1198.0,-1.025255737139086
1199.0,-1.0252400238145574
1200.0,-1.0252341809582781
1201.0,-1.0252172973587672
1202.0,-1.0252116718235298
1203.0,-1.0251940913972997
1204.0,-1.0251869138136158
1205.0,-1.0251704668746635
1206.0,-1.025164193468964
1207.0,-1.0251449819878236
1208.0,-1.0251382621591438
1209.0,-1.025120187147948
1210.0,-1.0251131337899007
1211.0,-1.0250974155855241
1212.0,-1.0250912979802804
1213.0,-1.0250744452510712
1214.0,-1.0250679596220909
1215.0,-1.0250508884292042
1216.0,-1.0250436457334726
1217.0,-1.0250253977302302
1218.0,-1.025015640795863
1219.0,-1.0249971822124895
1220.0,-1.0249880642284503
1221.0,-1.0249616723169008
1222.0,-1.0249503641634297
1223.0,-1.0249239916491346
1224.0,-1.0249133633651344
1225.0,-1.0248744530833303
1226.0,-1.0248678908679094
1227.0,-1.024856176144235
1228.0,-1.0248373706610425
1229.0,-1.024828956206038
1230.0,-1.0247932085274685
1231.0,-1.02478712781804
1232.0,-1.02477758889027
1233.0,-1.024749780494576
1234.0,-1.0247381034763487
1235.0,-1.0246917654601257
1236.0,-1.0246838007311594
1237.0,-1.0246709903403521
1238.0,-1.024636014574801
1239.0,-1.0246185768446456
1240.0,-1.024573556946282
1241.0,-1.0245636878684903
1242.0,-1.0245465775773093
1243.0,-1.0245029894484239
1244.0,-1.0244819091523036
1245.0,-1.0244200500124823
1246.0,-1.0244049328654639
1247.0,-1.024380832113783
1248.0,-1.0243304323974347
1249.0,-1.0243051471825915
1250.0,-1.0242476717227555
1251.0,-1.0242234388962377
1252.0,-1.0241635756011256
1253.0,-1.0241339000746645
1254.0,-1.0240972213585886
1255.0,-1.024026129403216
1256.0,-1.0239965853722783
1257.0,-1.023960012855683
1258.0,-1.0238854971531224
1259.0,-1.0238560838441113
1260.0,-1.0238189943993923
1261.0,-1.0237518141547193
1262.0,-1.0237193280782095
1263.0,-1.02368055298323
1264.0,-1.0236060921129564
1265.0,-1.023572498397506
1266.0,-1.0235305912593082
1267.0,-1.0234525943061477
1268.0,-1.0234143927997337
1269.0,-1.02336799402841
1270.0,-1.0232827097920711
1271.0,-1.0232408990606967
1272.0,-1.023178116183207
1273.0,-1.0231303975912027
1274.0,-1.0230400241772606
1275.0,-1.0229946521053186
1276.0,-1.0229253355590076
1277.0,-1.02285665204035
1278.0,-1.022792646144699
1279.0,-1.0227248730778444
1280.0,-1.022660316704679
1281.0,-1.0225990960504558
1282.0,-1.0225386264999936
1283.0,-1.0224805113742277
1284.0,-1.0224232840549135
1285.0,-1.0223666668821607
1286.0,-1.022311036806887
1287.0,-1.022257013211495
1288.0,-1.022202940842197
1289.0,-1.0221453413659316
1290.0,-1.022088422264523
1291.0,-1.022027869151595
1292.0,-1.0219675778513377
1293.0,-1.0219060370062878
1294.0,-1.0218437078229838
1295.0,-1.0217821368861184
1296.0,-1.0217181057867626
1297.0,-1.021654762490133
1298.0,-1.0215906212300947
1299.0,-1.021528918337175
1300.0,-1.021469568587669
1301.0,-1.0214104656135894
1302.0,-1.0213528380456907
1303.0,-1.0212952906982762
1304.0,-1.0212427094427317
1305.0,-1.0211756095250546
1306.0,-1.021138632748134
1307.0,-1.0210584246993133
1308.0,-1.021027285510911
1309.0,-1.020961566554723
1310.0,-1.0209325385952455
1311.0,-1.0208656372983895
1312.0,-1.0208350738870562
1313.0,-1.020760295783781
1314.0,-1.0207268757773196
1315.0,-1.020647676398455
1316.0,-1.0206125381729692
1317.0,-1.0205097010881345
1318.0,-1.0204796622444798
1319.0,-1.0203988784676479
1320.0,-1.0203647175992918
1321.0,-1.020264644574314
1322.0,-1.0202327778013882
1323.0,-1.0201580602321805
1324.0,-1.0201217824589262
1325.0,-1.0200177205206709
1326.0,-1.0199844370857107
1327.0,-1.019911738164578
1328.0,-1.019839051133152
1329.0,-1.019764347175483
1330.0,-1.0196912462210532
1331.0,-1.019621538829411
1332.0,-1.019573561568583
1333.0,-1.019422416506291
1334.0,-1.0193936956029772
1335.0,-1.0193359142634641
1336.0,-1.0192579411907703
1337.0,-1.019207611596951
1338.0,-1.0190597350346144
1339.0,-1.0190213108357489
1340.0,-1.018947756689431
1341.0,-1.0188404276081504
1342.0,-1.018781213709841
1343.0,-1.018592432731598
1344.0,-1.0185476681823171
1345.0,-1.0184885273902722
1346.0,-1.0184166919028335
1347.0,-1.0182827770873735
1348.0,-1.0182194208608506
1349.0,-1.018141712509724
1350.0,-1.0178984845802255
1351.0,-1.0178642435617662
1352.0,-1.0178038719787181
1353.0,-1.0177304802854201
1354.0,-1.0176453639927319
1355.0,-1.017552660010918
1356.0,-1.017383947892926
1357.0,-1.0173299170442778
1358.0,-1.0172371861015954
1359.0,-1.0171071863689105
1360.0,-1.017015771793406
1361.0,-1.0168841928634222
1362.0,-1.0167913188770077
1363.0,-1.01665891693055
1364.0,-1.016538355195851
1365.0,-1.0164469071279032
1366.0,-1.0163239356413896
1367.0,-1.0162097060179942
1368.0,-1.0160999636785728
1369.0,-1.0159955311199553
1370.0,-1.0158924116989367
1371.0,-1.0157913600937054
1372.0,-1.0156892771663122
1373.0,-1.0155872153326841
1374.0,-1.0154851894870274
1375.0,-1.0153822014444502
1376.0,-1.0152788866956801
1377.0,-1.0151735539299456
1378.0,-1.0150676870661879
1379.0,-1.0149611814374067
1380.0,-1.0148553442887953
1381.0,-1.0147496593436656
1382.0,-1.014644249493133
1383.0,-1.014540032485899
1384.0,-1.0144388974759246
1385.0,-1.0143394932727696
1386.0,-1.0142393259051827
1387.0,-1.014142370217325
1388.0,-1.0140461197788062
1389.0,-1.0139512962032726
1390.0,-1.0138572282774614
1391.0,-1.0137659400161325
1392.0,-1.0136763853818778
1393.0,-1.0135877366918224
1394.0,-1.0135019639185987
1395.0,-1.013415491815331
1396.0,-1.0133305082308808
1397.0,-1.0132452395611429
1398.0,-1.0131595288651094
1399.0,-1.0130763513247278
1400.0,-1.0129923084680816
1401.0,-1.0129064805354433
1402.0,-1.0128222030144014
1403.0,-1.012738309081503
1404.0,-1.0126549205789088
1405.0,-1.0125733052835897
1406.0,-1.0124941281038593
1407.0,-1.0124149388679486
1408.0,-1.0123037604142444
1409.0,-1.0122567585312312
1410.0,-1.012159463231079
1411.0,-1.0121152025286115
1412.0,-1.012021774497418
1413.0,-1.0119751494385893
1414.0,-1.0118686473389826
1415.0,-1.0118085886566766
1416.0,-1.0117081678590225
1417.0,-1.011646932083242
1418.0,-1.011543391307983
1419.0,-1.0114795971476855
1420.0,-1.0113750348153343
1421.0,-1.0112997344712147
1422.0,-1.0112165557945578
1423.0,-1.0111256079168012
1424.0,-1.0110312997701068
1425.0,-1.0109366150954378
1426.0,-1.0108408973145782
1427.0,-1.010737017641316
1428.0,-1.0106356650418784
1429.0,-1.0105325955066573
1430.0,-1.010425569030158
1431.0,-1.0103552596354093
1432.0,-1.0101754696931355
1433.0,-1.010122262490149
1434.0,-1.0100114115569319
1435.0,-1.0099408032608699
1436.0,-1.0097524467989945
1437.0,-1.0096983241992563
1438.0,-1.0095896639315758
1439.0,-1.0095150222683862
1440.0,-1.0093148397925453
1441.0,-1.0092594080601522
1442.0,-1.0091814990047097
1443.0,-1.009031220089834
1444.0,-1.0089496439553927
1445.0,-1.008780658099285
1446.0,-1.0086959648943201
1447.0,-1.0085204694155343
1448.0,-1.0084319407640332
1449.0,-1.0083242311297005
1450.0,-1.0081202470094113
1451.0,-1.0080290919978414
1452.0,-1.0079200197594373
1453.0,-1.0077989975443906
1454.0,-1.0075696208191065
1455.0,-1.007499832034328
1456.0,-1.0073794517369024
1457.0,-1.007253589517521
1458.0,-1.0071226243466593
1459.0,-1.006889707579475
1460.0,-1.0068166382573631
1461.0,-1.0066961030625574
1462.0,-1.0065711313697094
1463.0,-1.0063552969136291
1464.0,-1.0062800512582284
1465.0,-1.0061209004158957
1466.0,-1.0060080869183123
1467.0,-1.0058486098294965
1468.0,-1.0057015611551992
1469.0,-1.0055599411642928
1470.0,-1.0054196617075015
1471.0,-1.0052801016141888
1472.0,-1.0051438826799508
1473.0,-1.00500682482061
1474.0,-1.00487226101664
1475.0,-1.0047355814603138
1476.0,-1.0046021345149203
1477.0,-1.0044383789615254
1478.0,-1.0043225474831032
1479.0,-1.0041985154609387
1480.0,-1.0040713806418728
1481.0,-1.0039468166300622
1482.0,-1.0038187325355739
1483.0,-1.0036945838262985
1484.0,-1.0035700252690416
1485.0,-1.0034450832311232
1486.0,-1.0033209096791673
1487.0,-1.0031980439672958
1488.0,-1.0030758417650811
1489.0,-1.002954822710353
1490.0,-1.0028377251179208
1491.0,-1.0027196330864696
1492.0,-1.0026008331169964
1493.0,-1.0024831613425345
1494.0,-1.0023647700858356
1495.0,-1.0022468072706106
1496.0,-1.0021546302937683
1497.0,-1.0020246195221538
1498.0,-1.0019283682024465
1499.0,-1.0017642787806904
1500.0,-1.0016997913095547
1501.0,-1.0015388414515691
1502.0,-1.0014769088690023
1503.0,-1.0013210763766152
1504.0,-1.0012616030715984
1505.0,-1.0011093169208845
1506.0,-1.0010514803482964
1507.0,-1.0009030203749127
1508.0,-1.0008463238577054
1509.0,-1.000703945965241
1510.0,-1.0006341874713867
1511.0,-1.0005070162015046
1512.0,-1.0004400780031022
1513.0,-1.0003159693310848
1514.0,-1.0002511549504038
1515.0,-1.000110612657119
1516.0,-1.0000577248532396
1517.0,-0.9999480081238442
1518.0,-0.999884387884658
1519.0,-0.999745940586156
1520.0,-0.9996893905233192
1521.0,-0.999555694385216
1522.0,-0.9994974995436168
1523.0,-0.9993622479447511
1524.0,-0.999299742277425
1525.0,-0.9991294956568297
1526.0,-0.9990738440321337
1527.0,-0.998959594292739
1528.0,-0.9988866255274216
1529.0,-0.9987008317491909
1530.0,-0.9986423928112963
1531.0,-0.9985279940519393
1532.0,-0.9984547456576041
1533.0,-0.9982650542058956
1534.0,-0.9982081637878261
1535.0,-0.9981286785104153
1536.0,-0.9979870873831062
1537.0,-0.9979104328336655
1538.0,-0.9977004241947832
1539.0,-0.9976416305909552
1540.0,-0.9975629991275693
1541.0,-0.9974675406185206
1542.0,-0.9973014148732259
1543.0,-0.9972621617069396
1544.0,-0.9968607538060829
1545.0,-0.9968336321636581
1546.0,-0.9967964326039949
1547.0,-0.996741709442457
1548.0,-0.996671298769885
1549.0,-0.9965842714829527
1550.0,-0.9964817536052767
1551.0,-0.9963660324404919
1552.0,-0.9962405408505305
1553.0,-0.9961055540500691
1554.0,-0.9959621494954392
1555.0,-0.9956794780901089
1556.0,-0.9956322976826747
1557.0,-0.9951145442122254
1558.0,-0.9950884063098776
1559.0,-0.9950245125558703
1560.0,-0.9949920761225453
1561.0,-0.9948511979516581
1562.0,-0.9948227088090809
1563.0,-0.994728641909059
1564.0,-0.9946291512424777
1565.0,-0.9945204104670592
1566.0,-0.9944034228480536
1567.0,-0.9942786870292751
1568.0,-0.9941424463407048
1569.0,-0.993884148622244
1570.0,-0.9938346767756738
1571.0,-0.9933243936312769
1572.0,-0.9932851180314047
1573.0,-0.9932213673738256
1574.0,-0.9931485224341277
1575.0,-0.9930639366355177
1576.0,-0.9929694111273674
1577.0,-0.992866093275209
1578.0,-0.9927550007092909
1579.0,-0.9926343677293332
1580.0,-0.9925071901379249
1581.0,-0.992369188489419
1582.0,-0.9922252089956862
1583.0,-0.991964443072268
1584.0,-0.9919109254782874
1585.0,-0.9914094101034623
1586.0,-0.9913671634154197
1587.0,-0.9913010243839918
1588.0,-0.9912281555810695
1589.0,-0.9911451511143653
1590.0,-0.9910532019050617
1591.0,-0.9909540883399515
1592.0,-0.9908474164072294
1593.0,-0.9907351700939381
1594.0,-0.9906174448847523
1595.0,-0.9904931013751805
1596.0,-0.9903630685161654
1597.0,-0.9902273285061394
1598.0,-0.9900862275718213
1599.0,-0.989941598947408
1600.0,-0.9897955541921076
1601.0,-0.9894179212208939
1602.0,-0.9893665852928905
1603.0,-0.9892848434672077
1604.0,-0.9891988001523945
1605.0,-0.9891044563006969
1606.0,-0.9890034867973986
1607.0,-0.9888965833351651
1608.0,-0.9887846725846059
1609.0,-0.9885968654759213
1610.0,-0.9885118737578542
1611.0,-0.9884076123162229
1612.0,-0.988230608210111
1613.0,-0.9881380448777306
1614.0,-0.9879610378937425
1615.0,-0.9878693607613911
1616.0,-0.9876995908498105
1617.0,-0.9876108628771609
1618.0,-0.9874459069846256
1619.0,-0.9873596215026662
1620.0,-0.9871987135835375
1621.0,-0.9871142728806935
1622.0,-0.9869552832981209
1623.0,-0.9868708359857316
1624.0,-0.9867145059588626
1625.0,-0.986630115157779
1626.0,-0.9864720216253265
1627.0,-0.9863851571221366
1628.0,-0.9862233689184671
1629.0,-0.986136253773652
1630.0,-0.9859660350531397
1631.0,-0.9858765538588062
1632.0,-0.9857037543090271
1633.0,-0.9856117043294345
1634.0,-0.9854402742741516
1635.0,-0.9853502925044727
1636.0,-0.985214561067493
1637.0,-0.9851113083329778
1638.0,-0.9849234955656145
1639.0,-0.9848313453936698
1640.0,-0.9847222085491585
1641.0,-0.9845325723238308
1642.0,-0.9844395149775028
1643.0,-0.9843305145536688
1644.0,-0.9841407786428501
1645.0,-0.984048099313057
1646.0,-0.9839386316372484
1647.0,-0.9837877600968514
1648.0,-0.9836787216757433
1649.0,-0.9834885646721696
1650.0,-0.9833945943522368
1651.0,-0.983285637133362
1652.0,-0.9831379462147954
1653.0,-0.9830308693766034
1654.0,-0.9828441214101786
1655.0,-0.982749309292807
1656.0,-0.9826123370664012
1657.0,-0.982507882472672
1658.0,-0.9823312040537959
1659.0,-0.9822385665684313
1660.0,-0.9821035154149904
1661.0,-0.9820015661638997
1662.0,-0.9818267269223043
1663.0,-0.9817344470600655
1664.0,-0.9815993397365506
1665.0,-0.9814695362500245
1666.0,-0.9813429764597337
1667.0,-0.9812162752808382
1668.0,-0.9810916162330319
1669.0,-0.9809677304421173
1670.0,-0.9808439359295131
1671.0,-0.98072015982485
1672.0,-0.9805956392786012
1673.0,-0.9804725519996563
1674.0,-0.980348598861709
1675.0,-0.9802281672542879
1676.0,-0.9801087107335469
1677.0,-0.9799882586302924
1678.0,-0.9798687657733969
1679.0,-0.9797501730461837
1680.0,-0.9796312405400871
1681.0,-0.9795148403269462
1682.0,-0.9793985137859771
1683.0,-0.9792817377822676
1684.0,-0.9791678830598929
1685.0,-0.9790551190598842
1686.0,-0.9789421219165086
1687.0,-0.9788302293892912
1688.0,-0.9787178176187512
1689.0,-0.9786064128259697
1690.0,-0.9784948921389243
1691.0,-0.9783843396474857
1692.0,-0.9782737580595509
1693.0,-0.9781638530247023
1694.0,-0.9780553217248542
1695.0,-0.9779468074737749
1696.0,-0.9778388307245013
1697.0,-0.9777314011628208
1698.0,-0.977624794739388
1699.0,-0.9774969132322034
1700.0,-0.977423041859498
1701.0,-0.9772715060631589
1702.0,-0.9772085440200574
1703.0,-0.9770926570775788
1704.0,-0.9770225922895807
1705.0,-0.9768772774058546
1706.0,-0.9768149880471382
1707.0,-0.9766976574178904
1708.0,-0.9766277393067494
1709.0,-0.9764592637055759
1710.0,-0.9764038098654264
1711.0,-0.976296338958199
1712.0,-0.9762249114652424
1713.0,-0.9760576808812123
1714.0,-0.9759996867752142
1715.0,-0.9758863875375171
1716.0,-0.9757751095597181
1717.0,-0.9756668989584366
1718.0,-0.97555648117788
1719.0,-0.9754489982442386
1720.0,-0.9753424947930652
1721.0,-0.9752332567877074
1722.0,-0.9751213065884814
1723.0,-0.9750100359883412
1724.0,-0.9748965147415612
1725.0,-0.9747854640724515
1726.0,-0.9746725415372413
1727.0,-0.974562869223447
1728.0,-0.9744587322400248
1729.0,-0.9743480770176812
1730.0,-0.9742422322838359
1731.0,-0.9741328246749034
1732.0,-0.9740226452733486
1733.0,-0.9739100074193877
1734.0,-0.9737942471049801
1735.0,-0.9736760633365167
1736.0,-0.9735593173115874
1737.0,-0.9734420480680677
1738.0,-0.9733196700301586
1739.0,-0.9731947760477745
1740.0,-0.9730701217167169
1741.0,-0.9729473528467366
1742.0,-0.9728236086242404
1743.0,-0.9726970655894303
1744.0,-0.9725685029185669
1745.0,-0.9724801621261965
1746.0,-0.9722630401379093
1747.0,-0.9721913099884428
1748.0,-0.9720556906874277
1749.0,-0.9719640944559259
1750.0,-0.9717363548847393
1751.0,-0.9716646671306328
1752.0,-0.9715279823177874
1753.0,-0.9714363190980889
1754.0,-0.9712087639274063
1755.0,-0.9711347797898797
1756.0,-0.9709960056358505
1757.0,-0.9709035774942714
1758.0,-0.9707377348999798
1759.0,-0.9706406204609932
1760.0,-0.9704647209107474
1761.0,-0.9703635775545301
1762.0,-0.9701857980391282
1763.0,-0.9700831259763846
1764.0,-0.9698968257798813
1765.0,-0.9697932113977458
1766.0,-0.9696053409453721
1767.0,-0.9694999248380798
1768.0,-0.9693111511816507
1769.0,-0.9692085303677762
1770.0,-0.9690253838450643
1771.0,-0.9689239686013532
1772.0,-0.9687392625164515
1773.0,-0.9686363030661921
1774.0,-0.9684538988004593
1775.0,-0.968353179685266
1776.0,-0.968173553682875
1777.0,-0.9680739847243599
1778.0,-0.9678940612248977
1779.0,-0.9677930010188299
1780.0,-0.9676093825926803
1781.0,-0.9675072350059742
1782.0,-0.9672530940561529
1783.0,-0.967173463388999
1784.0,-0.9670252193035289
1785.0,-0.9669315996131204
1786.0,-0.9667328581806838
1787.0,-0.966648084046737
1788.0,-0.9664614562209546
1789.0,-0.9663763099968913
1790.0,-0.9661890071787312
1791.0,-0.9661024911591447
1792.0,-0.9659134498074285
1793.0,-0.9658083001831537
1794.0,-0.9656388997119316
1795.0,-0.9655129285027054
1796.0,-0.9653809924606235
1797.0,-0.9652482011139133
1798.0,-0.9651180837184794
1799.0,-0.964984509816611
1800.0,-0.9648504536904131
1801.0,-0.9647200725916477
1802.0,-0.9645890625824589
1803.0,-0.9644557461262904
1804.0,-0.9643242413656079
1805.0,-0.9641929352903489
1806.0,-0.9640621172009877
1807.0,-0.9639305903623219
1808.0,-0.963802343506769
1809.0,-0.9636745676399907
1810.0,-0.9635489106299194
1811.0,-0.9634232503910605
1812.0,-0.9632975789167
1813.0,-0.9631732248769949
1814.0,-0.9630495336131009
1815.0,-0.9629273081275218
1816.0,-0.9628083227797112
1817.0,-0.9626881565666767
1818.0,-0.9625673672314298
1819.0,-0.9624500224080947
1820.0,-0.962332138003299
1821.0,-0.9622136589791658
1822.0,-0.962095698591343
1823.0,-0.9619795034356119
1824.0,-0.9618625920687608
1825.0,-0.9617467472938245
1826.0,-0.9616330563801657
1827.0,-0.961520031730684
1828.0,-0.9614038439326774
1829.0,-0.961289384286332
1830.0,-0.9611752501785508
1831.0,-0.9610658096858317
1832.0,-0.9609554883258923
1833.0,-0.9608474285298872
1834.0,-0.9607392767067647
1835.0,-0.9606316337815513
1836.0,-0.9605249820591003
1837.0,-0.960435482726299
1838.0,-0.9603229760041817
1839.0,-0.9602317327714615
1840.0,-0.9601200922739456
1841.0,-0.9600289120984262
1842.0,-0.9599143628167895
1843.0,-0.9598239261977397
1844.0,-0.9597290864215279
1845.0,-0.9596302442407865
1846.0,-0.959531920512522
1847.0,-0.9594344119055268
1848.0,-0.9593353436775148
1849.0,-0.9592382485723033
1850.0,-0.9591398841553508
1851.0,-0.9590414101354133
1852.0,-0.9589456559691587
1853.0,-0.9588516080819789
1854.0,-0.9587582458790068
1855.0,-0.9586651970646454
1856.0,-0.9585747756576788
1857.0,-0.9584852809322636
1858.0,-0.9583966065235485
1859.0,-0.958308629701389
1860.0,-0.958220681720476
1861.0,-0.9581341240304654
1862.0,-0.9580490760650084
1863.0,-0.957964017231502
1864.0,-0.9578797297370567
1865.0,-0.9577958528481502
1866.0,-0.9577133701960421
1867.0,-0.957632106395846
1868.0,-0.9575514563264791
1869.0,-0.9574711461999971
1870.0,-0.9573908973983345
1871.0,-0.957311303343856
1872.0,-0.9572318966094696
1873.0,-0.9571509086585895
1874.0,-0.9570712600898725
1875.0,-0.9569915779171064
1876.0,-0.9569103442883281
1877.0,-0.9568313482642439
1878.0,-0.9567526566574116
1879.0,-0.9566603629028039
1880.0,-0.956602977538525
1881.0,-0.9564936857929905
1882.0,-0.9564437592521811
1883.0,-0.9563466632299419
1884.0,-0.9562986796466635
1885.0,-0.956200997253482
1886.0,-0.9561519061327551
1887.0,-0.9560493294989889
1888.0,-0.956000286646859
1889.0,-0.9558990581813082
1890.0,-0.9558486435892093
1891.0,-0.9557460702350601
1892.0,-0.9556936794119029
1893.0,-0.9555754875102924
1894.0,-0.9555273682113302
1895.0,-0.9554264215762708
1896.0,-0.9553523382265598
1897.0,-0.9552719965455054
1898.0,-0.9551892693237768
1899.0,-0.9551020506593249
1900.0,-0.955018459620764
1901.0,-0.9549345370369329
1902.0,-0.9548489627005993
1903.0,-0.9547617194102342
1904.0,-0.9546791708425477
1905.0,-0.9545936340497467
1906.0,-0.9545004491569572
1907.0,-0.9544056000028206
1908.0,-0.9543090378851637
1909.0,-0.954211686622903
1910.0,-0.9541115837548926
1911.0,-0.9540089615868677
1912.0,-0.9539105474890567
1913.0,-0.9538125237398246
1914.0,-0.9537217331529401
1915.0,-0.9536279557277872
1916.0,-0.9535258956362882
1917.0,-0.9534265478775475
1918.0,-0.953324292009685
1919.0,-0.9532191199624213
1920.0,-0.9531102178644539
1921.0,-0.9530035620095156
1922.0,-0.952893057613371
1923.0,-0.9527787424377693
1924.0,-0.9526623615601347
1925.0,-0.9525390859003018
1926.0,-0.9524146879785792
1927.0,-0.9522858341177883
1928.0,-0.9521619516775738
1929.0,-0.952034205089625
1930.0,-0.9519054217027645
1931.0,-0.9517783602797348
1932.0,-0.9516519423547186
1933.0,-0.9515253911439625
1934.0,-0.9513986939228152
1935.0,-0.9512696415604408
1936.0,-0.951141285055807
1937.0,-0.9510088289421295
1938.0,-0.9508780935373743
1939.0,-0.9507485760981841
1940.0,-0.9506093036581114
1941.0,-0.950472593977025
1942.0,-0.9503336716787526
1943.0,-0.9501934648061249
1944.0,-0.9500501320219129
1945.0,-0.9498998587491474
1946.0,-0.9497528188728644
1947.0,-0.9496045344883681
1948.0,-0.9494595052142305
1949.0,-0.9493110508000576
1950.0,-0.9491624038035625
1951.0,-0.9490156131757437
1952.0,-0.9488678470399019
1953.0,-0.948719204548595
1954.0,-0.9485693035377506
1955.0,-0.9484172927468822
1956.0,-0.9482670711969657
1957.0,-0.9481172166822757
1958.0,-0.9479653650650902
1959.0,-0.9478398947155091
1960.0,-0.9476760556298698
1961.0,-0.9475463363635237
1962.0,-0.9473779429626621
1963.0,-0.9472452443898423
1964.0,-0.9470704161590311
1965.0,-0.9469354863847147
1966.0,-0.9467246727654879
1967.0,-0.9466033987481919
1968.0,-0.9464376961383034
1969.0,-0.9462808101514967
1970.0,-0.946128220545658
1971.0,-0.9459802114037617
1972.0,-0.94584084949559
1973.0,-0.9456742119193758
1974.0,-0.9455473552643837
1975.0,-0.9453882874150761
1976.0,-0.9452630934804116
1977.0,-0.9451110562153273
1978.0,-0.944987154271152
1979.0,-0.9448391683483788
1980.0,-0.9447199016459967
1981.0,-0.9445728231322753
1982.0,-0.9444539879757387
1983.0,-0.9443079065424717
1984.0,-0.9441926197759113
1985.0,-0.9440444936718327
1986.0,-0.9439261142022789
1987.0,-0.9437721694044563
1988.0,-0.9436552454573781
1989.0,-0.9434955820007752
1990.0,-0.9433910048188995
1991.0,-0.943278070255503
1992.0,-0.9431200632962272
1993.0,-0.943017403528734
1994.0,-0.9429074558648408
1995.0,-0.942746922975999
1996.0,-0.9426507935751909
1997.0,-0.9425391396362691
1998.0,-0.942395508403553
1999.0,-0.9423006454489317
2000.0,-0.9421981661501092
2001.0,-0.9420590886418653
2002.0,-0.9419708545627983
2003.0,-0.9418734294229535
2004.0,-0.9417438610188759
2005.0,-0.9416601190985853
2006.0,-0.941566543289317
2007.0,-0.9414300624127023
2008.0,-0.9413450375817153
2009.0,-0.9412469932729273
2010.0,-0.9411210526709041
2011.0,-0.9410398058986623
2012.0,-0.9409534221570981
2013.0,-0.9408673040468806
2014.0,-0.9407772882884846
2015.0,-0.9406905668811335
2016.0,-0.9406092587776925
2017.0,-0.9405302704515589
2018.0,-0.9404517941967683
2019.0,-0.9403723938833267
2020.0,-0.9402928314847121
2021.0,-0.940215945682468
2022.0,-0.9401349087467864
2023.0,-0.9400567738865506
2024.0,-0.9399819405262939
2025.0,-0.9399066673790337
2026.0,-0.9398313948065051
2027.0,-0.9397611390369386
2028.0,-0.9396923706350865
2029.0,-0.9396346619559923
2030.0,-0.9395600348738196
2031.0,-0.939508082756535
2032.0,-0.9394523542403664
2033.0,-0.9393975995177413
2034.0,-0.9393410069995711
2035.0,-0.939286703536087
2036.0,-0.9392323660146309
2037.0,-0.9391825985320003
2038.0,-0.9391321494838024
2039.0,-0.9390853848212888
2040.0,-0.9390403409439183
2041.0,-0.9389980366107451
2042.0,-0.9389585288202545
2043.0,-0.9389200127676867
2044.0,-0.9388804989146845
2045.0,-0.9388433517036017
2046.0,-0.9388075864319909
2047.0,-0.9387724196502932
2048.0,-0.9387382769035442
2049.0,-0.938704993064903
2050.0,-0.9386728643353413
2051.0,-0.938642600629915
2052.0,-0.9386140434267669
2053.0,-0.9385859163981831
2054.0,-0.9385612218090459
2055.0,-0.9385397210344436
2056.0,-0.9385181180178801
2057.0,-0.9384989007746732
2058.0,-0.9384804429619029
2059.0,-0.9384609100995188
2060.0,-0.9384482836893637
2061.0,-0.9384363746981946
2062.0,-0.9384268823823415
2063.0,-0.9384153443310415
2064.0,-0.9384058717107084
2065.0,-0.9383959526380149
2066.0,-0.9383858307269608
2067.0,-0.9383727176598611
2068.0,-0.9383622311044405
2069.0,-0.9383521266029503
2070.0,-0.9383410402393569
2071.0,-0.9383327293794642
2072.0,-0.9383188971955232
2073.0,-0.9383094062138139
2074.0,-0.9383000469896788
2075.0,-0.9382923185233224
2076.0,-0.9382816508245224
2077.0,-0.9382732931479298
2078.0,-0.9382619270402677
2079.0,-0.9382593274386928
2080.0,-0.9382595127420768
2081.0,-0.9382543159652912
2082.0,-0.9382406924588056
2083.0,-0.9382279862632653
2084.0,-0.9382231392900671
2085.0,-0.9382032492258447
2086.0,-0.9381831339489571
2087.0,-0.9381684217626151
2088.0,-0.9381438234597244
2089.0,-0.9381109382594616
2090.0,-0.9380879415454606
2091.0,-0.938046063287257
2092.0,-0.938018407127623
2093.0,-0.9379718779397842
2094.0,-0.937935604139148
2095.0,-0.9378846237533386
2096.0,-0.9378486740358712
2097.0,-0.9377954087851611
2098.0,-0.9377589143814299
2099.0,-0.9376974908859806
2100.0,-0.9376596503036517
2101.0,-0.937602557267945
2102.0,-0.9375587126706038
2103.0,-0.937500788569388
2104.0,-0.9374558435072682
2105.0,-0.9373871451406023
2106.0,-0.937322374984583
2107.0,-0.9372301862226557
2108.0,-0.9371663881106717
2109.0,-0.9370700031148829
2110.0,-0.9369947738635596
2111.0,-0.9368799227017617
2112.0,-0.9368124916272335
2113.0,-0.9366797909766468
2114.0,-0.9365803918108212
2115.0,-0.9364754178306665
2116.0,-0.9363440346328927
2117.0,-0.9362504513413423
2118.0,-0.9361323022658832
2119.0,-0.9360335236991256
2120.0,-0.9359019434612414
2121.0,-0.9358021184998238
2122.0,-0.9356900286655236
2123.0,-0.9355645058353557
2124.0,-0.9354192098120822
2125.0,-0.935273508682915
2126.0,-0.9351193865747198
2127.0,-0.9349624198927967
2128.0,-0.9348003110075604
2129.0,-0.9346399593061929
2130.0,-0.9344851120770463
2131.0,-0.9343242342763807
2132.0,-0.9341617832232086
2133.0,-0.9340000343237008
2134.0,-0.9338342867380254
2135.0,-0.933673079353935
2136.0,-0.9335357417607879
2137.0,-0.9333181302829098
2138.0,-0.9331908470706792
2139.0,-0.9330196258350669
2140.0,-0.9328450236164917
2141.0,-0.9327001943570872
2142.0,-0.9325108605070649
2143.0,-0.9323612216423791
2144.0,-0.9321703813539621
2145.0,-0.9320188266927965
2146.0,-0.9318556189150844
2147.0,-0.9316899099969342
2148.0,-0.9315194783336803
2149.0,-0.9313442917884767
2150.0,-0.931131052963852
2151.0,-0.9309700005849761
2152.0,-0.9307971188725156
2153.0,-0.93058105584788
2154.0,-0.9304202024669168
2155.0,-0.9302134869672235
2156.0,-0.9300161594756265
2157.0,-0.9298287727928634
2158.0,-0.9296479631638171
2159.0,-0.9294793637739637
2160.0,-0.9293229406627612
2161.0,-0.9291678298279944
2162.0,-0.9290207614833504
2163.0,-0.9288765303048026
2164.0,-0.9287016845737697
2165.0,-0.9285629845594052
2166.0,-0.9284258744273323
2167.0,-0.9282826042871025
2168.0,-0.9281226799926148
2169.0,-0.9279955120963459
2170.0,-0.9278515080205749
2171.0,-0.9277276738490684
2172.0,-0.9275665684491088
2173.0,-0.9274478140812774
2174.0,-0.9273033514749123
2175.0,-0.9271552353205642
2176.0,-0.9270133978694087
2177.0,-0.9269072151744093
2178.0,-0.9267445258237897
2179.0,-0.9266316091786599
2180.0,-0.9265219321701063
2181.0,-0.926410294793058
2182.0,-0.9262954320298442
2183.0,-0.9261936042208097
2184.0,-0.9260625135322178
2185.0,-0.9259718560804355
2186.0,-0.9258399887946368
2187.0,-0.925758933757173
2188.0,-0.9256406186272021
2189.0,-0.9255606788789104
2190.0,-0.9254552479649902
2191.0,-0.9253809570938218
2192.0,-0.9252842842622903
2193.0,-0.9252061876255637
2194.0,-0.9250931639850534
2195.0,-0.9250235697894846
2196.0,-0.9249645701094155
2197.0,-0.9249055187143437
2198.0,-0.9248336176947591
2199.0,-0.924781548646935
2200.0,-0.9247346557137784
2201.0,-0.9246776566131579
2202.0,-0.9246313650663597
2203.0,-0.9245638638913403
2204.0,-0.9245205743789389
2205.0,-0.9244574054457539
2206.0,-0.9244096227556784
2207.0,-0.9243625340246723
2208.0,-0.9243211800557601
2209.0,-0.9242674854036718
2210.0,-0.9242213541325688
2211.0,-0.9241706477344964
2212.0,-0.9241406871896467
2213.0,-0.9241181788896096
2214.0,-0.9240924428357787
2215.0,-0.9240770114363304
2216.0,-0.9240696368145316
2217.0,-0.9240567148908969
2218.0,-0.9240482408589819
2219.0,-0.9240522474361647
2220.0,-0.9240658992076849
2221.0,-0.9240960781989651
2222.0,-0.9241018517366096
2223.0,-0.9241172780604283
2224.0,-0.9241350569474646
2225.0,-0.9241469667032032
2226.0,-0.9241848243920705
2227.0,-0.9242058627764878
2228.0,-0.9242289486758468
2229.0,-0.9242497816218133
2230.0,-0.924269974866195
2231.0,-0.9242908591971294
2232.0,-0.9243161243969502
2233.0,-0.9243415472950972
2234.0,-0.9243690179371701
2235.0,-0.9244032622408731
2236.0,-0.9244419911653803
2237.0,-0.9244826784017584
2238.0,-0.9245296966389603
2239.0,-0.9245669413712397
2240.0,-0.9246223037413696
2241.0,-0.9246648470963609
2242.0,-0.924734048482149
2243.0,-0.9247843543082348
2244.0,-0.9248662431081481
2245.0,-0.9249243505436051
2246.0,-0.9250095692255171
2247.0,-0.9250703652977881
2248.0,-0.9251617563416299
2249.0,-0.9252264711541103
2250.0,-0.9253130056989846
2251.0,-0.9253815216901268
2252.0,-0.9254509250351962
2253.0,-0.9255497371992074
2254.0,-0.9256194778773232
2255.0,-0.9257215295380539
2256.0,-0.9258002519282393
2257.0,-0.9259163158055632
2258.0,-0.9259928675806798
2259.0,-0.9261318096854225
2260.0,-0.9262144145259401
2261.0,-0.9263303351563329
2262.0,-0.9264146402525878
2263.0,-0.9265544366537821
2264.0,-0.9266302709522062
2265.0,-0.9267695063784099
2266.0,-0.9268426793332394
2267.0,-0.9269604082840398
2268.0,-0.9270264361701527
2269.0,-0.9271562083253966
2270.0,-0.9272212810693736
2271.0,-0.9273282217984999
2272.0,-0.9273939882507206
2273.0,-0.9274939275777675
2274.0,-0.9275990244192066
2275.0,-0.9277043939443186
2276.0,-0.927811158933778
2277.0,-0.9279140304993625
2278.0,-0.9280107219913108
2279.0,-0.9281055630953414
2280.0,-0.9282004803098671
2281.0,-0.928301504607808
2282.0,-0.9283816789838859
2283.0,-0.9284494646778247
2284.0,-0.9285183913586603
2285.0,-0.9285681942473509
2286.0,-0.928625141528952
2287.0,-0.9286670465053658
2288.0,-0.9287048864838179
2289.0,-0.9287488256206546
2290.0,-0.928781187564625
2291.0,-0.9288259358545732
2292.0,-0.9288718913534819
2293.0,-0.9289286589602477
2294.0,-0.9289774139003509
2295.0,-0.9290175424533732
2296.0,-0.929042463230948
2297.0,-0.9290428656863786
2298.0,-0.9290534162164548
2299.0,-0.9290702767339482
2300.0,-0.929064650541915
2301.0,-0.9290567166837542
2302.0,-0.9290177752058069
2303.0,-0.9289837078022749
2304.0,-0.9289344251690305
2305.0,-0.9288694846785365
2306.0,-0.9288116933548451
2307.0,-0.9287259050259262
2308.0,-0.9286427118222846
2309.0,-0.92854427957734
2310.0,-0.9284418305101481
2311.0,-0.9283246367649068
2312.0,-0.9282008227432986
2313.0,-0.9280751217541309
2314.0,-0.9279519189457981
2315.0,-0.9278048623098085
2316.0,-0.9276762390499536
2317.0,-0.9275217027498835
2318.0,-0.9273464081776887
2319.0,-0.9271968289385922
2320.0,-0.9270388917703873
2321.0,-0.9268710973117252
2322.0,-0.9267056146548707
2323.0,-0.9265415572611815
2324.0,-0.9263757787104904
2325.0,-0.9262083951275585
2326.0,-0.926031205731032
2327.0,-0.9258701037662288
2328.0,-0.9257020219927697
2329.0,-0.9255369994296752
2330.0,-0.9253868677825925
2331.0,-0.9252155216317559
2332.0,-0.9250380139908123
2333.0,-0.924858673314834
2334.0,-0.9246780418864651
2335.0,-0.924503145894281
2336.0,-0.9243634406936992
2337.0,-0.9241808823446187
2338.0,-0.9240466369916764
2339.0,-0.9238720336210037
2340.0,-0.923727959294952
2341.0,-0.9235783596964758
2342.0,-0.9233871810396684
2343.0,-0.9232498728597708
2344.0,-0.9230995959384927
2345.0,-0.9229453428549313
2346.0,-0.9227950799278846
2347.0,-0.9226424927382854
2348.0,-0.9224939444879618
2349.0,-0.92237646210429
2350.0,-0.9222167501020458
2351.0,-0.9220965546972172
2352.0,-0.921935816685759
2353.0,-0.9218145360524597
2354.0,-0.92165009591052
2355.0,-0.9215310283374347
2356.0,-0.9213445127673939
2357.0,-0.92124083223999
2358.0,-0.9210639742328579
2359.0,-0.9209647726538824
2360.0,-0.9208124645841478
2361.0,-0.9207265584201704
2362.0,-0.920554168716749
2363.0,-0.9204678187132277
2364.0,-0.9203420694779729
2365.0,-0.9202060273296393
2366.0,-0.9201113385005115
2367.0,-0.9200173154380211
2368.0,-0.9199273096672821
2369.0,-0.9198370855558695
2370.0,-0.9197765970625058
2371.0,-0.9197039266080486
2372.0,-0.9196386181945488
2373.0,-0.9195997294819834
2374.0,-0.9195397890806476
2375.0,-0.9194832684610811
2376.0,-0.919436873634893
2377.0,-0.9193677941933762
2378.0,-0.9192936615562887
2379.0,-0.9190894546373717
2380.0,-0.9190072583590025
2381.0,-0.9189014540255375
2382.0,-0.9187239107868868
2383.0,-0.918660262045666
2384.0,-0.9186481625901878
2385.0,-0.9185843937545134
2386.0,-0.9186084792683381
2387.0,-0.9186338880533734
2388.0,-0.9187087177966876
2389.0,-0.9187626385114052
2390.0,-0.9188062302234274
2391.0,-0.9188154206827311
2392.0,-0.9188383351937511
2393.0,-0.9188541137484151
2394.0,-0.9188625534358543
2395.0,-0.9188623784580462
2396.0,-0.9188857127508714
2397.0,-0.9188809474979152
2398.0,-0.9188846928923856
2399.0,-0.9188507114962252
2400.0,-0.918849120744174
2401.0,-0.9187955829717694
2402.0,-0.9187435175614228
2403.0,-0.9187474693592588
2404.0,-0.9187524700841424
2405.0,-0.9187810837747221
2406.0,-0.9187550011031674
2407.0,-0.9187799912111054
2408.0,-0.9188287846780967
2409.0,-0.9188420350863029
2410.0,-0.9188391522199978
2411.0,-0.9188589003867547
2412.0,-0.9188505804709142
2413.0,-0.9188810004451945
2414.0,-0.9188956777117117
2415.0,-0.9189413597798751
2416.0,-0.9189955632597819
2417.0,-0.9190330492286127
2418.0,-0.9191046366721151
2419.0,-0.9191889709981886
2420.0,-0.9192280779352291
2421.0,-0.9193253876944527
2422.0,-0.9194543458937351
2423.0,-0.919590334805484
2424.0,-0.9196995073664365
2425.0,-0.9199262253983612
2426.0,-0.9201535498710959
2427.0,-0.9204123871817906
2428.0,-0.9207903109415225
2429.0,-0.9210468525872445
2430.0,-0.9216115470010691
2431.0,-0.9219593029397505
2432.0,-0.9226667216584679
2433.0,-0.9230845495153636
2434.0,-0.9239373530349052
2435.0,-0.9244322525017592
2436.0,-0.9253687914647049
2437.0,-0.9262553966435529
2438.0,-0.9269059780108349
2439.0,-0.927741356300765
2440.0,-0.9285274959077519
2441.0,-0.9290529218114418
2442.0,-0.9297733312818587
2443.0,-0.930247959594285
2444.0,-0.9307930594020578
2445.0,-0.9312369136914953
2446.0,-0.9314757944967859
2447.0,-0.9317610652158725
2448.0,-0.9319636520995127
2449.0,-0.9321065022275555
2450.0,-0.9322606685600087
2451.0,-0.9323834579217382
2452.0,-0.9325903432974589
2453.0,-0.9328261690536667
2454.0,-0.9330506421104466
2455.0,-0.9333826346078659
2456.0,-0.9336267374521182
2457.0,-0.9340686565982356
2458.0,-0.9343829417628592
2459.0,-0.9348883193381108
2460.0,-0.9352570542834933
2461.0,-0.9357113163755428
2462.0,-0.9361674448499551
2463.0,-0.9365374740221157
2464.0,-0.9368947342488513
2465.0,-0.9371373109222848
2466.0,-0.9372867699407778
2467.0,-0.9374077175924771
2468.0,-0.9374667651340869
2469.0,-0.9375272032482453
2470.0,-0.9375693514262872
2471.0,-0.9375260586121384
2472.0,-0.9374267314441888
2473.0,-0.937374212043574
2474.0,-0.9373346329907282
2475.0,-0.9373837465180902
2476.0,-0.9374407856073043
2477.0,-0.9375355663483697
2478.0,-0.937664345562513
2479.0,-0.9377219415722381
2480.0,-0.9377696177484774
2481.0,-0.9378824444460416
2482.0,-0.9379293853822475
2483.0,-0.9380331052185885
2484.0,-0.9381535531622212
2485.0,-0.9382885333652243
2486.0,-0.9383916811862141
2487.0,-0.938487112301462
2488.0,-0.9385713357295109
2489.0,-0.938665535660168
2490.0,-0.9386716882766868
2491.0,-0.9386340656127685
2492.0,-0.9385271441512352
2493.0,-0.9383742395866275
2494.0,-0.9381057689932719
2495.0,-0.9378348320850179
2496.0,-0.937277909501544
2497.0,-0.9366581090293736
2498.0,-0.93611311438913
2499.0,-0.9352829107211866
2500.0,-0.9346189687781956
2501.0,-0.9336116170153024
2502.0,-0.9329001603710888
2503.0,-0.9315893308216464
2504.0,-0.9309347996155589
2505.0,-0.9301555440551029
2506.0,-0.9293088329934307
2507.0,-0.9289689894104992
2508.0,-0.9285640067310099
2509.0,-0.928493822662719
2510.0,-0.9285743621605163
2511.0,-0.9287272387636099
2512.0,-0.9291176463970457
2513.0,-0.9295650233900754
2514.0,-0.9299456429896347
2515.0,-0.9304856786122436
2516.0,-0.9310286985796469
2517.0,-0.9315144513000929
2518.0,-0.9319051923214756
2519.0,-0.9321782108621757
2520.0,-0.9323087420646416
2521.0,-0.9323194831010048
2522.0,-0.9322242983211422
2523.0,-0.9318238660707234
2524.0,-0.9315000797918077
2525.0,-0.9309413772180354
2526.0,-0.9303775023533281
2527.0,-0.929770102850208
2528.0,-0.9292289276284016
2529.0,-0.9285930022884408
2530.0,-0.9276923999163769
2531.0,-0.9272301165611729
2532.0,-0.9267568477747533
2533.0,-0.9263367070862444
2534.0,-0.9260468731311685
2535.0,-0.925900082775593
2536.0,-0.9257519821709608
2537.0,-0.9256894603646476
2538.0,-0.9258150346050521
2539.0,-0.9259659980268331
2540.0,-0.9262013362000519
2541.0,-0.9261828403590341
2542.0,-0.9262912281473262
2543.0,-0.9263191764034103
2544.0,-0.926517955585571
2545.0,-0.9266348303326907
2546.0,-0.926631917661362
2547.0,-0.926683151487087
2548.0,-0.926927080596516
2549.0,-0.9270435985892985
2550.0,-0.9272402808016219
2551.0,-0.927635770933379
2552.0,-0.9278899167604373
2553.0,-0.9282568395679113
2554.0,-0.9290890733129574
2555.0,-0.9295328666107895
2556.0,-0.9300696638407752
2557.0,-0.9309536750862163
2558.0,-0.9315780838342596
2559.0,-0.9325374850149091
2560.0,-0.933200029972145
2561.0,-0.9342342012818166
2562.0,-0.9353087588147413
2563.0,-0.9359677753685476
2564.0,-0.9369689083346895
2565.0,-0.9376712240498027
2566.0,-0.9386735536533029
2567.0,-0.9393534551679066
2568.0,-0.9400918893372769
2569.0,-0.9407865451879277
2570.0,-0.9414648744561497
2571.0,-0.9424271592142262
2572.0,-0.9430303330829486
2573.0,-0.9435953101786113
2574.0,-0.9443192165673641
2575.0,-0.9447852481582848
2576.0,-0.9452932799749676
2577.0,-0.945563434640992
2578.0,-0.9458135168795416
2579.0,-0.9458539661778571
2580.0,-0.9457715782316545
2581.0,-0.9455222952407718
2582.0,-0.9451867772669331
2583.0,-0.9447500495015481
2584.0,-0.9442575759143457
2585.0,-0.9438018314035506
2586.0,-0.9433916444709456
2587.0,-0.9431084324108873
2588.0,-0.9429456344412053
2589.0,-0.9429733445154058
2590.0,-0.9432140802306017
2591.0,-0.9436014659839631
2592.0,-0.9441311122405764
2593.0,-0.9448479278194278
2594.0,-0.9456206137770303
2595.0,-0.9463222381279227
2596.0,-0.9469231578176276
2597.0,-0.9474933756138363
2598.0,-0.9479962107928005
2599.0,-0.9485334444474733
2600.0,-0.9487671899744989
2601.0,-0.9488638330470669
2602.0,-0.9488367273941906
2603.0,-0.9487012409809056
2604.0,-0.9485163607042854
2605.0,-0.9483461524976913
2606.0,-0.9481808044036308
2607.0,-0.9480097584956849
2608.0,-0.9479204247142967
2609.0,-0.9478403984984448
2610.0,-0.9478575965845027
2611.0,-0.9479346902584608
2612.0,-0.9480480273645374
2613.0,-0.9481486041859255
2614.0,-0.9483115011885277
2615.0,-0.948453819913917
2616.0,-0.9486505712474019
2617.0,-0.9487718164319489
2618.0,-0.9489323365569791
2619.0,-0.9490124365629004
2620.0,-0.9490715055794168
2621.0,-0.9490847171290394
2622.0,-0.949050830648291
2623.0,-0.9489363204785851
2624.0,-0.9488195106846699
2625.0,-0.9486671954728423
2626.0,-0.9484000847384241
2627.0,-0.9481719278374001
2628.0,-0.9478149688181589
2629.0,-0.947531414013158
2630.0,-0.9470825943213027
2631.0,-0.9467543944846778
2632.0,-0.9462394344843735
2633.0,-0.9457466793928471
2634.0,-0.9452046968696433
2635.0,-0.9446619448529797
2636.0,-0.9440378148437876
2637.0,-0.9437374417693385
2638.0,-0.9432694025500141
2639.0,-0.9429532258525736
2640.0,-0.942727293402867
2641.0,-0.9426421862251656
2642.0,-0.9426470982828379
2643.0,-0.9427256280773514
2644.0,-0.942863857870655
2645.0,-0.9430376705835295
2646.0,-0.9432656018994227
2647.0,-0.943513567766557
2648.0,-0.9438344354312737
2649.0,-0.944031646323768
2650.0,-0.9442682997460439
2651.0,-0.9443472319891535
2652.0,-0.9443710370361307
2653.0,-0.9443132722107713
2654.0,-0.9441867829641957
2655.0,-0.9440292283508083
2656.0,-0.9438094900292945
2657.0,-0.9434912841981828
2658.0,-0.9432243018434007
2659.0,-0.9428309152760754
2660.0,-0.9426515987590186
2661.0,-0.9424686075594969
2662.0,-0.9424162113018777
2663.0,-0.9424002425330682
2664.0,-0.9425177782657839
2665.0,-0.9426043803707722
2666.0,-0.9427346302625037
2667.0,-0.9429117245565113
2668.0,-0.9430355904041112
2669.0,-0.9431593221426927
2670.0,-0.9433132877688164
2671.0,-0.9434915134994573
2672.0,-0.9436565369155829
2673.0,-0.9437996465426916
2674.0,-0.9439179518624559
2675.0,-0.9440244896006091
2676.0,-0.9441639101124781
2677.0,-0.9442796363145424
2678.0,-0.9445119932392863
2679.0,-0.9446092071513975
2680.0,-0.9448488916740603
2681.0,-0.945026247570885
2682.0,-0.9453421200533639
2683.0,-0.9455733221120659
2684.0,-0.9458687542659029
2685.0,-0.946327351479983
2686.0,-0.9466777432648692
2687.0,-0.9471021075828264
2688.0,-0.9477471397942246
2689.0,-0.9482490697936494
2690.0,-0.9490219880235178
2691.0,-0.9496218475460356
2692.0,-0.9505755692377855
2693.0,-0.9515430170053757
2694.0,-0.952457700868915
2695.0,-0.9533612156762977
2696.0,-0.9542497116250961
2697.0,-0.9551487839480385
2698.0,-0.9559515760119468
2699.0,-0.9567374131503289
2700.0,-0.957426829559724
2701.0,-0.9580254635991119
2702.0,-0.9585038985658463
2703.0,-0.9588600497734691
2704.0,-0.9590665134584048
2705.0,-0.9591116305204687
2706.0,-0.9590459251389073
2707.0,-0.9588506142315888
2708.0,-0.9585392515884715
2709.0,-0.9581590465390735
2710.0,-0.9577231366072102
2711.0,-0.9572670850504318
2712.0,-0.9568533020443172
2713.0,-0.9564747199094248
2714.0,-0.9561789912144447
2715.0,-0.9559448926632979
2716.0,-0.9558472440458373
2717.0,-0.9558933048294773
2718.0,-0.9560831042809002
2719.0,-0.9564621779858687
2720.0,-0.9569515308785783
2721.0,-0.9573991893420162
2722.0,-0.9582537613364911
2723.0,-0.958682357192242
2724.0,-0.9592360612938529
2725.0,-0.9595837408389597
2726.0,-0.9600656174214021
2727.0,-0.9602779111301571
2728.0,-0.960366917731879
2729.0,-0.9604273423125685
2730.0,-0.9604185542482169
2731.0,-0.9602839032952155
2732.0,-0.9600728828620226
2733.0,-0.9598547334468287
2734.0,-0.9596106000806992
2735.0,-0.9594362727716849
2736.0,-0.959170485707393
2737.0,-0.9589864096088168
2738.0,-0.9587550879141273
2739.0,-0.9586190376061866
2740.0,-0.9584993483734818
2741.0,-0.9583530823467519
2742.0,-0.9582780512122537
2743.0,-0.9582246387040616
2744.0,-0.9581772134078708
2745.0,-0.95817142344596
2746.0,-0.9581788172574615
2747.0,-0.9581749757388718
2748.0,-0.9581765710314306
2749.0,-0.9581666175093903
2750.0,-0.9581379623846433
2751.0,-0.9580833204810254
2752.0,-0.9579943851648839
2753.0,-0.9578613433439789
2754.0,-0.9576831294086736
2755.0,-0.9574533246762142
2756.0,-0.9570911252580506
2757.0,-0.9567005563593343
2758.0,-0.9563132994344865
2759.0,-0.9559414183286082
2760.0,-0.9555941880206434
2761.0,-0.9552623512832867
2762.0,-0.9550227275525522
2763.0,-0.954796006135671
2764.0,-0.9546407538744941
2765.0,-0.9546004247917004
2766.0,-0.9545434377773181
2767.0,-0.9545575340358006
2768.0,-0.9546424986889422
2769.0,-0.9547229568472466
2770.0,-0.9548218055640706
2771.0,-0.9548934354644133
2772.0,-0.9549707248564924
2773.0,-0.9550031684588639
2774.0,-0.9550573944641889
2775.0,-0.9550630459009598
2776.0,-0.9550312501040339
2777.0,-0.954953329206137
2778.0,-0.9549011700976756
2779.0,-0.9548211254125144
2780.0,-0.9546581348770473
2781.0,-0.9545756040342018
2782.0,-0.9544770155177013
2783.0,-0.9544144614434665
2784.0,-0.9543381314646485
2785.0,-0.9542969502590639
2786.0,-0.9543410493794157
2787.0,-0.9543832019388203
2788.0,-0.9544204818277863
2789.0,-0.9545292213056419
2790.0,-0.9546391361418842
2791.0,-0.9547766102348033
2792.0,-0.9549349983775535
2793.0,-0.9551378839018685
2794.0,-0.9553610384882517
2795.0,-0.9555930692844752
2796.0,-0.9558525656207022
2797.0,-0.9561051936821382
2798.0,-0.9563687264339742
2799.0,-0.9566446779044401
2800.0,-0.9569188001660492
2801.0,-0.957207869840159
2802.0,-0.9575089699490679
2803.0,-0.9578261969295371
2804.0,-0.9581624830442373
2805.0,-0.9585081840455855
2806.0,-0.9588543552420001
2807.0,-0.9592170135265575
2808.0,-0.9595948816594383
2809.0,-0.9599913863174013
2810.0,-0.9604043320371376
2811.0,-0.9608057099902965
2812.0,-0.9612232323988894
2813.0,-0.9616289560936749
2814.0,-0.9620198035392779
2815.0,-0.9622990292317979
2816.0,-0.9626807653541307
2817.0,-0.9630304918203442
2818.0,-0.9632703318181349
2819.0,-0.9635665949529746
2820.0,-0.9637451106028943
2821.0,-0.963931277894647
2822.0,-0.9640342092609133
2823.0,-0.9641309569261799
2824.0,-0.9641588897830232
2825.0,-0.9641753032952285
2826.0,-0.96415508739471
2827.0,-0.964127225540965
2828.0,-0.9640626442211989
2829.0,-0.9640186385337569
2830.0,-0.9639496763455816
2831.0,-0.9638814857830594
2832.0,-0.9638483359313408
2833.0,-0.9638465637566044
2834.0,-0.96389995104931
2835.0,-0.9639903090661622
2836.0,-0.9641261805871179
2837.0,-0.9643239283745693
2838.0,-0.9645423217124061
2839.0,-0.9648168627499855
2840.0,-0.9651147186723456
2841.0,-0.9653976487912144
2842.0,-0.9656787292462292
2843.0,-0.9659550532930631
2844.0,-0.9662079278414879
2845.0,-0.966436013692969
2846.0,-0.9666283499031357
2847.0,-0.9667905867774891
2848.0,-0.9669889076747181
2849.0,-0.9670739972636015
2850.0,-0.9671173777797465
2851.0,-0.9671477277336542
2852.0,-0.9671625205193559
2853.0,-0.9671655617252715
2854.0,-0.9671089949608502
2855.0,-0.9670868741969194
2856.0,-0.9670347213906745
2857.0,-0.9670444250616802
2858.0,-0.9670305142160163
2859.0,-0.9669884802465931
2860.0,-0.9669688787292366
2861.0,-0.9669339251923392
2862.0,-0.9669250409635222
2863.0,-0.9669146631145012
2864.0,-0.9668858976413717
2865.0,-0.9668363488845495
2866.0,-0.9668053640394664
2867.0,-0.9666882287828955
2868.0,-0.9666472664879711
2869.0,-0.9665883874305171
2870.0,-0.9664612296191971
2871.0,-0.9663904712918228
2872.0,-0.9663210060925536
2873.0,-0.9662333316699764
2874.0,-0.966117456351123
2875.0,-0.9659961290802667
2876.0,-0.9658682218868212
2877.0,-0.9657185179086664
2878.0,-0.9655851416538623
2879.0,-0.965446527524914
2880.0,-0.9653514900421841
2881.0,-0.9652149571871593
2882.0,-0.9651159066617846
2883.0,-0.9649741681152966
2884.0,-0.9648735488173809
2885.0,-0.9647692277930616
2886.0,-0.9646198439561801
2887.0,-0.9645194253652345
2888.0,-0.9644019164917407
2889.0,-0.9642414934401545
2890.0,-0.9641238688097712
2891.0,-0.9639617781485782
2892.0,-0.9638377490993801
2893.0,-0.9636572605795257
2894.0,-0.9634856876857375
2895.0,-0.9633159734371406
2896.0,-0.9631591100960591
2897.0,-0.9629941235714709
2898.0,-0.962842153695575
2899.0,-0.9626552973380959
2900.0,-0.9625666818740174
2901.0,-0.9624126404232964
2902.0,-0.9622821520254452
2903.0,-0.9621863585066782
2904.0,-0.962104411158578
2905.0,-0.9620111896231106
2906.0,-0.9619199528282959
2907.0,-0.9618315007571682
2908.0,-0.9617568538288487
2909.0,-0.9616873288872412
2910.0,-0.9616231057555784
2911.0,-0.9615345612070826
2912.0,-0.9614688960164587
2913.0,-0.9614041205446827
2914.0,-0.9613422996233153
2915.0,-0.9612723964735012
2916.0,-0.9612114217850088
2917.0,-0.9611637747559428
2918.0,-0.9611016449803418
2919.0,-0.9610336011036035
2920.0,-0.9609850188492621
2921.0,-0.9609846220317727
2922.0,-0.9609543436908172
2923.0,-0.9609100534012832
2924.0,-0.9608676703621652
2925.0,-0.9608335130236341
2926.0,-0.9608283917547767
2927.0,-0.9607946937477854
2928.0,-0.9607446149860096
2929.0,-0.9606867920237714
2930.0,-0.9606553600225145
2931.0,-0.9606583439099062
2932.0,-0.9606898647995749
2933.0,-0.9606968897603858
2934.0,-0.9607494523082408
2935.0,-0.9608083227154384
2936.0,-0.9608757199615903
2937.0,-0.9609526786694126
2938.0,-0.9610567789307949
2939.0,-0.9611484636312078
2940.0,-0.9612736697119527
2941.0,-0.9613368247103964
2942.0,-0.9615055545201934
2943.0,-0.961601605974102
2944.0,-0.961785417142622
2945.0,-0.9618878027066499
2946.0,-0.9620555141726846
2947.0,-0.9622001882307811
2948.0,-0.9624561785354746
2949.0,-0.962601187726686
2950.0,-0.9627658168102835
2951.0,-0.9629985688246112
2952.0,-0.9631847365396846
2953.0,-0.9634424476924188
2954.0,-0.9636374789049797
2955.0,-0.9639222879034067
2956.0,-0.9641491408630111
2957.0,-0.9645550728452889
2958.0,-0.9647755232734153
2959.0,-0.9652263957145654
2960.0,-0.9654753401098681
2961.0,-0.9659259335717871
2962.0,-0.9661891936454008
2963.0,-0.9666767668613899
2964.0,-0.9669320567250502
2965.0,-0.9673742362332468
2966.0,-0.9677699862206395
2967.0,-0.9681245440366347
2968.0,-0.9683874745518721
2969.0,-0.9687083621150312
2970.0,-0.9689154063274404
2971.0,-0.9690818938111528
2972.0,-0.9692407006513593
2973.0,-0.9693479635726017
2974.0,-0.9694316800444861
2975.0,-0.9694915158532512
2976.0,-0.9695113234611819
2977.0,-0.9695328553017699
2978.0,-0.9695650465648324
2979.0,-0.9696050557490657
2980.0,-0.9696536576710619
2981.0,-0.9696938615593071
2982.0,-0.969755296994333
2983.0,-0.9698359811224693
2984.0,-0.9699157028392623
2985.0,-0.9700068282940398
2986.0,-0.9701689661447914
2987.0,-0.970267914866351
2988.0,-0.970363786385443
2989.0,-0.9704153002968847
2990.0,-0.9704827364111306
2991.0,-0.9704796535524544
2992.0,-0.9704889819032615
2993.0,-0.9704675803892479
2994.0,-0.970394540627202
2995.0,-0.9703553041169596
2996.0,-0.9703228571881082
2997.0,-0.9702597309612426
2998.0,-0.9702386020525362
2999.0,-0.9702045852572612
3000.0,-0.9702004832145174
