"Iteration","Cp_both Monitor: Cp_both Monitor"
1.0,6.697522536751682
2.0,5.4581392233451345
3.0,2.558164113126265
4.0,-0.8621282342916545
5.0,-0.8431128038386646
6.0,-0.8384885325164353
7.0,-1.1459358070811991
8.0,-1.2278007981881813
9.0,-1.6374585657132916
10.0,-1.941608598676637
11.0,-1.7859642727055358
12.0,-1.6672005737054747
13.0,-1.1245893328979983
14.0,-1.0616108516714233
15.0,-0.20702949621161648
16.0,-0.15994398690963418
17.0,-0.058860454440266136
18.0,-0.0011096272479173433
19.0,0.09499117854589961
20.0,0.08662118318148626
21.0,-0.025410517792176946
22.0,-0.058508799067770095
23.0,-0.43749636709286616
24.0,-0.4577590866249141
25.0,-0.4719340095095708
26.0,-0.5231311604523556
27.0,-0.5322602004365822
28.0,-0.528229945895907
29.0,-0.5203130594609133
30.0,-0.489530578705483
31.0,-0.4736597693256116
32.0,-0.4515323363880889
33.0,-0.4056449056175991
34.0,-0.38508711737574414
35.0,-0.31007417554992356
36.0,-0.29560667435493854
37.0,-0.28187562015882234
38.0,-0.2694804802775014
39.0,-0.24935297041683702
40.0,-0.24333568793898985
41.0,-0.24150020763838057
42.0,-0.24354223443602488
43.0,-0.24863260107064675
44.0,-0.2565463739078376
45.0,-0.26591322380661425
46.0,-0.28640781659577663
47.0,-0.2983570167148913
48.0,-0.3194463940549309
49.0,-0.3331550855558485
50.0,-0.3480516839694391
51.0,-0.35399343388800586
52.0,-0.358088078113052
53.0,-0.36060992821501825
54.0,-0.36031474256521434
55.0,-0.35780642149450176
56.0,-0.35439986973609433
57.0,-0.3486832893828549
58.0,-0.34169291578378785
59.0,-0.3360127836116268
60.0,-0.3277873439107402
61.0,-0.3181338072430749
62.0,-0.30751079853721014
63.0,-0.2998872762560439
64.0,-0.2898527320155104
65.0,-0.28268079774913807
66.0,-0.2756620425886124
67.0,-0.269964451959964
68.0,-0.2641644937092429
69.0,-0.2614137340149024
70.0,-0.26036464357633593
71.0,-0.2607982044650628
72.0,-0.2627047579491762
73.0,-0.2669598246201576
74.0,-0.27153394333480113
75.0,-0.2789333048406725
76.0,-0.2871748271122427
77.0,-0.2956844012363341
78.0,-0.30404693733160465
79.0,-0.31206047325110364
80.0,-0.3193951803558423
81.0,-0.32416282291005777
82.0,-0.329682988614949
83.0,-0.3326154478797555
84.0,-0.33505104608404834
85.0,-0.33620875116169313
86.0,-0.3367892061904329
87.0,-0.33632186057535957
88.0,-0.3347887531882199
89.0,-0.3313576407502737
90.0,-0.3279068775719641
91.0,-0.3215964462629858
92.0,-0.31413217989492265
93.0,-0.30594042958310774
94.0,-0.2978637185780194
95.0,-0.2895151551254598
96.0,-0.28219628836799965
97.0,-0.27606809517466796
98.0,-0.2710010238628767
99.0,-0.26648072867190553
100.0,-0.2633758233191371
101.0,-0.2615289452820285
102.0,-0.26048776197069695
103.0,-0.26060488343492033
104.0,-0.2603477900726795
105.0,-0.26000156216662884
106.0,-0.2576926995584818
107.0,-0.25546938323671314
108.0,-0.24434654786712187
109.0,-0.24162294882720092
110.0,-0.23288271094148183
111.0,-0.22809784306277744
112.0,-0.22079473221676396
113.0,-0.21909922698231682
114.0,-0.216617713309136
115.0,-0.2163362988964644
116.0,-0.2179272937991842
117.0,-0.2176072058802062
118.0,-0.21735529095415987
119.0,-0.21750306802833946
120.0,-0.2194887340888563
121.0,-0.22114911259196815
122.0,-0.22428152789543748
123.0,-0.22940389221133106
124.0,-0.233382237572051
125.0,-0.23960707693406952
126.0,-0.24379705469235843
127.0,-0.2498105886528305
128.0,-0.25655253921240717
129.0,-0.26260907365428404
130.0,-0.2736213258283704
131.0,-0.27743080612255416
132.0,-0.29370988289486094
133.0,-0.2979860692102956
134.0,-0.3069462436622843
135.0,-0.3120007803291036
136.0,-0.3188371088339074
137.0,-0.3240570190594494
138.0,-0.3306064384344507
139.0,-0.3348777674279095
140.0,-0.33870371818269723
141.0,-0.3425546025620229
142.0,-0.3441740862186209
143.0,-0.34518414208321707
144.0,-0.3450666381188563
145.0,-0.3440763150728436
146.0,-0.3422218065364062
147.0,-0.3368085672272208
148.0,-0.33359334130704515
149.0,-0.3297973680755762
150.0,-0.3254715518484795
151.0,-0.3199436785745349
152.0,-0.31618730774133547
153.0,-0.3136507782763558
154.0,-0.3118030619121495
155.0,-0.31065084836374335
156.0,-0.31046721128918775
157.0,-0.311227919886694
158.0,-0.31281834637818123
159.0,-0.31523618568763795
160.0,-0.3182827406093409
161.0,-0.32198319594741304
162.0,-0.32630013522357354
163.0,-0.3310946750419739
164.0,-0.3361726373764631
165.0,-0.3414256704179746
166.0,-0.3496571864984056
167.0,-0.3539932556628825
168.0,-0.35808616695286233
169.0,-0.36174225402033694
170.0,-0.3648700923365625
171.0,-0.36760167193787324
172.0,-0.3696654242297579
173.0,-0.3715295714927445
174.0,-0.37307112343490645
175.0,-0.37442771119514273
176.0,-0.37560171279845556
177.0,-0.37672231824258684
178.0,-0.37800038078865045
179.0,-0.3789175617390778
180.0,-0.38048924601623274
181.0,-0.38184576876275966
182.0,-0.3846970883708536
183.0,-0.3863514060146998
184.0,-0.38855658834186085
185.0,-0.391540320712785
186.0,-0.3940040126915565
187.0,-0.39687500583167146
188.0,-0.3999854893468913
189.0,-0.40337313898377625
190.0,-0.4068388454619926
191.0,-0.4102325529315287
192.0,-0.4136616047387558
193.0,-0.4189587069941451
194.0,-0.4217094004287737
195.0,-0.42586462467257313
196.0,-0.42784803363829765
197.0,-0.43033789192004945
198.0,-0.43144064096311696
199.0,-0.4324206175500458
200.0,-0.43223399337297785
201.0,-0.431370479029006
202.0,-0.42983963000385667
203.0,-0.42778711126068514
204.0,-0.42547770437621746
205.0,-0.4232159049232139
206.0,-0.42102035608196303
207.0,-0.4191084902217499
208.0,-0.41747575763671274
209.0,-0.4165043250565546
210.0,-0.41591379960628105
211.0,-0.4160016056030281
212.0,-0.4166185998404697
213.0,-0.4178440360678264
214.0,-0.4204339074926209
215.0,-0.4221497559667398
216.0,-0.4241531127572645
217.0,-0.42647050131552927
218.0,-0.4298686341278916
219.0,-0.43161120026158245
220.0,-0.43389363399843106
221.0,-0.4362028150116879
222.0,-0.4388026985084212
223.0,-0.44132367417397544
224.0,-0.44422632587904093
225.0,-0.44704005773344624
226.0,-0.4489331802081586
227.0,-0.45231413865860226
228.0,-0.45434893504710716
229.0,-0.4581328695468763
230.0,-0.4602157405191317
231.0,-0.4631683527329627
232.0,-0.4659704935233251
233.0,-0.4694192348105736
234.0,-0.47230200754031926
235.0,-0.4747661749974079
236.0,-0.4769105051585193
237.0,-0.47882033665326545
238.0,-0.48015979850632634
239.0,-0.48141197071508957
240.0,-0.48252850555661053
241.0,-0.48397718320185823
242.0,-0.48507648925152147
243.0,-0.4864263762594934
244.0,-0.48788073570001145
245.0,-0.48940867204501737
246.0,-0.49115918666715536
247.0,-0.4930623638285903
248.0,-0.49514697072177416
249.0,-0.4975444992809936
250.0,-0.5001652821054835
251.0,-0.5037297328456783
252.0,-0.5063684129588727
253.0,-0.5094348565561879
254.0,-0.5125624888912275
255.0,-0.5158431438988431
256.0,-0.5193236450136799
257.0,-0.5227550845074702
258.0,-0.5260956230775482
259.0,-0.5293920026382654
260.0,-0.5334630609978898
261.0,-0.5359343387599269
262.0,-0.539464313333674
263.0,-0.5408916018759772
264.0,-0.5421166151869605
265.0,-0.5429673030677531
266.0,-0.5433508342212411
267.0,-0.5433827075240315
268.0,-0.543292934264249
269.0,-0.5428184933847483
270.0,-0.5417965341530108
271.0,-0.5409177561194833
272.0,-0.5395689806506678
273.0,-0.5387293196442091
274.0,-0.5376506815936285
275.0,-0.5371192532199873
276.0,-0.5363796094626301
277.0,-0.5361841435880682
278.0,-0.5360441349513521
279.0,-0.5358421974191063
280.0,-0.5359081378235505
281.0,-0.5360940998772574
282.0,-0.536397075387068
283.0,-0.5368595737065613
284.0,-0.537492172013151
285.0,-0.5382437964553836
286.0,-0.5389481808733905
287.0,-0.5396915884406847
288.0,-0.540414135487756
289.0,-0.5411203600545295
290.0,-0.5416929613914965
291.0,-0.5426726752409975
292.0,-0.543197498610486
293.0,-0.5440060915824712
294.0,-0.5439792851505092
295.0,-0.5439583628514646
296.0,-0.5438473687969311
297.0,-0.5437020515587909
298.0,-0.5432715405919514
299.0,-0.5429613956873048
300.0,-0.5421513385807791
301.0,-0.541935479128129
302.0,-0.5411279000458854
303.0,-0.5408973341981166
304.0,-0.5405638327478461
305.0,-0.5398260366682748
306.0,-0.5396772003272613
307.0,-0.5399806170943435
308.0,-0.5407406381273266
309.0,-0.5428667459514056
310.0,-0.5437351389204916
311.0,-0.5458730615555695
312.0,-0.549395586797471
313.0,-0.5532051164194097
314.0,-0.555964784978425
315.0,-0.5636113987930369
316.0,-0.5649091750656731
317.0,-0.5672987926102763
318.0,-0.5714895444982452
319.0,-0.5723837732596724
320.0,-0.5758158647129112
321.0,-0.5759854362833188
322.0,-0.5764218445605751
323.0,-0.5762811699252368
324.0,-0.5725275336637042
325.0,-0.5723709805781597
326.0,-0.571862176249787
327.0,-0.5709769071260328
328.0,-0.567309513237324
329.0,-0.5672609964076656
330.0,-0.5674584205539537
331.0,-0.5677585502755562
332.0,-0.5684942162405523
333.0,-0.5688153263444617
334.0,-0.5716896874638674
335.0,-0.5720819326535725
336.0,-0.5736154514272719
337.0,-0.5752670909761359
338.0,-0.5784214916072693
339.0,-0.5789668126446174
340.0,-0.5858878315141767
341.0,-0.5862706746864792
342.0,-0.5873648077789104
343.0,-0.5877263938777508
344.0,-0.5894805348870091
345.0,-0.5897274785783843
346.0,-0.5913377323603285
347.0,-0.5915492352105298
348.0,-0.5928225454397636
349.0,-0.5929995631322028
350.0,-0.5937652342688032
351.0,-0.5944456660031989
352.0,-0.5952202283793747
353.0,-0.5963205878065954
354.0,-0.5965720344337466
355.0,-0.5983674674368641
356.0,-0.5986893394509708
357.0,-0.5994083063376544
358.0,-0.6002531775671731
359.0,-0.6016802490662068
360.0,-0.6024791237416449
361.0,-0.6042298731224605
362.0,-0.6050895752826774
363.0,-0.607658329795625
364.0,-0.6083375981634389
365.0,-0.609245731887363
366.0,-0.6103151059102957
367.0,-0.6120963198621887
368.0,-0.6128672954509962
369.0,-0.6149165797113642
370.0,-0.615458901751619
371.0,-0.6162039180416522
372.0,-0.6173815674065485
373.0,-0.6179433155791526
374.0,-0.6192794888508084
375.0,-0.6197464513268843
376.0,-0.620793109591635
377.0,-0.6213265541862162
378.0,-0.6224862413976582
379.0,-0.6230423361188759
380.0,-0.624486433695716
381.0,-0.624958341113161
382.0,-0.6260039896689358
383.0,-0.6266571787199321
384.0,-0.6284109026474523
385.0,-0.6289809106147555
386.0,-0.6306760216458493
387.0,-0.6312668125919768
388.0,-0.6329774328325635
389.0,-0.633568066852744
390.0,-0.6352220434939291
391.0,-0.6357965638434702
392.0,-0.6374277081774532
393.0,-0.6379546209053909
394.0,-0.6397447052857902
395.0,-0.6402081172273055
396.0,-0.6411324882838801
397.0,-0.6420713346541059
398.0,-0.6430663839492955
399.0,-0.6440832906269559
400.0,-0.6454279190634341
401.0,-0.6459479015789285
402.0,-0.6473935807858971
403.0,-0.6479073592633486
404.0,-0.6494593554853808
405.0,-0.6499572172607836
406.0,-0.6510855534730483
407.0,-0.6516955657685646
408.0,-0.6535435603515268
409.0,-0.6538993797661974
410.0,-0.6546659189150709
411.0,-0.6560169210902342
412.0,-0.6566203538261998
413.0,-0.6585362189155954
414.0,-0.6587526316302291
415.0,-0.6603691770165941
416.0,-0.6605502263269581
417.0,-0.6624970975122956
418.0,-0.6628509715398375
419.0,-0.6633729158145589
420.0,-0.6643835642005085
421.0,-0.6654982110452705
422.0,-0.6659229226519662
423.0,-0.6673639318386394
424.0,-0.6677149989144572
425.0,-0.6684845252915245
426.0,-0.6695614518067385
427.0,-0.6700213975010144
428.0,-0.6723806679078201
429.0,-0.6727189731897167
430.0,-0.6733461414642509
431.0,-0.6743268688596337
432.0,-0.6752823874640489
433.0,-0.6762326551603395
434.0,-0.6773879433699518
435.0,-0.6777720697575431
436.0,-0.6794999387916774
437.0,-0.67981263662346
438.0,-0.6804967121255009
439.0,-0.6817657513600217
440.0,-0.6828692887183374
441.0,-0.6832389057875722
442.0,-0.6852092246610112
443.0,-0.6855083320364536
444.0,-0.68640480158276
445.0,-0.6873079156700175
446.0,-0.6882427758813475
447.0,-0.6891517801413712
448.0,-0.6900977291496995
449.0,-0.6910413195617863
450.0,-0.6919583751939099
451.0,-0.6929371304130499
452.0,-0.6939368785853101
453.0,-0.6942916374109765
454.0,-0.6965746132767793
455.0,-0.696840737957942
456.0,-0.6972234064088392
457.0,-0.6982751558251615
458.0,-0.6992811114394496
459.0,-0.7003060225215733
460.0,-0.7006293281661284
461.0,-0.7027806457671031
462.0,-0.7030052268332482
463.0,-0.7033413719464737
464.0,-0.7043385450964258
465.0,-0.7053105553368263
466.0,-0.7056391267631689
467.0,-0.7080012366436904
468.0,-0.708180911958599
469.0,-0.7084693267509945
470.0,-0.7091003189542725
471.0,-0.7100685949437712
472.0,-0.7113030546468437
473.0,-0.7115776281312421
474.0,-0.7136133678216945
475.0,-0.7137909772878828
476.0,-0.7140714079437926
477.0,-0.7149529374647214
478.0,-0.7157612815817801
479.0,-0.7160349779965204
480.0,-0.7180699222627677
481.0,-0.7182243481352363
482.0,-0.718480010440203
483.0,-0.7193340961584717
484.0,-0.7202302110407768
485.0,-0.7210654788347943
486.0,-0.721330511134025
487.0,-0.723620489119491
488.0,-0.7237413831147628
489.0,-0.723967083873791
490.0,-0.7245102531971461
491.0,-0.725416235913639
492.0,-0.7256812534080499
493.0,-0.7274830783986743
494.0,-0.7276329268801662
495.0,-0.7280960093888784
496.0,-0.728688164076536
497.0,-0.7302910982682596
498.0,-0.7304630342868995
499.0,-0.7309863122365438
500.0,-0.7319834893570651
501.0,-0.7322539307639716
502.0,-0.7344656121431266
503.0,-0.7345621851118005
504.0,-0.7347478810249106
505.0,-0.73519266123233
506.0,-0.7359738662954511
507.0,-0.7362058314030479
508.0,-0.7381420145208045
509.0,-0.7382568548377703
510.0,-0.7386338158930903
511.0,-0.7391690452457945
512.0,-0.7404916993023766
513.0,-0.7406807555865895
514.0,-0.7423693703518623
515.0,-0.7424930772723299
516.0,-0.7429353178229564
517.0,-0.7437440667018126
518.0,-0.7445375795824843
519.0,-0.7449938116006513
520.0,-0.7465109448265644
521.0,-0.7466247954532247
522.0,-0.7470382520450572
523.0,-0.7481395122111805
524.0,-0.7483186849743401
525.0,-0.750321117500152
526.0,-0.7504088829675982
527.0,-0.750759374644175
528.0,-0.7514791520805165
529.0,-0.752170851391137
530.0,-0.7529092546575245
531.0,-0.7536501628927856
532.0,-0.7544296170142888
533.0,-0.7551887596193417
534.0,-0.7556557100822385
535.0,-0.7575908300685495
536.0,-0.7577103521069097
537.0,-0.7580623272753891
538.0,-0.7587278728048766
539.0,-0.7591700887778083
540.0,-0.7606998934576925
541.0,-0.7608181861574734
542.0,-0.761514622607366
543.0,-0.7623211181600574
544.0,-0.7631227945435926
545.0,-0.7639209461994614
546.0,-0.7647250807627022
547.0,-0.7654794635025934
548.0,-0.7662772910690385
549.0,-0.7670737081939262
550.0,-0.7678394716092494
551.0,-0.7685958203358271
552.0,-0.7693472627383025
553.0,-0.7700807676000121
554.0,-0.7708528520358956
555.0,-0.771581355426783
556.0,-0.7723407080963332
557.0,-0.7730891076723582
558.0,-0.7738897121327846
559.0,-0.7746613426378803
560.0,-0.775466503014335
561.0,-0.7762296687819125
562.0,-0.7770351404289928
563.0,-0.7778484174410865
564.0,-0.7786402262908597
565.0,-0.7794202057536872
566.0,-0.780194968061578
567.0,-0.7809874233558888
568.0,-0.781765568100088
569.0,-0.7825417418548587
570.0,-0.7836547856769012
571.0,-0.7839197431820379
572.0,-0.7851319571911635
573.0,-0.785519454155843
574.0,-0.7864780477980553
575.0,-0.7875256667868306
576.0,-0.7880772524875602
577.0,-0.7890061218187112
578.0,-0.7898496047115121
579.0,-0.7906734458932514
580.0,-0.7915460880574839
581.0,-0.792376298267601
582.0,-0.7931946509992907
583.0,-0.7940328899649407
584.0,-0.7945595948064819
585.0,-0.7956498095624752
586.0,-0.7965520393023139
587.0,-0.7974322270113099
588.0,-0.7981161008222698
589.0,-0.7988923324180643
590.0,-0.7998626167282916
591.0,-0.8004088577625863
592.0,-0.8015092585801032
593.0,-0.8020565173668008
594.0,-0.8032009477127245
595.0,-0.8037567458809696
596.0,-0.8048771370184198
597.0,-0.8054448914029447
598.0,-0.8061746030398326
599.0,-0.8073883471760487
600.0,-0.8083022719564603
601.0,-0.8089885161754307
602.0,-0.809746750580102
603.0,-0.8104552311093091
604.0,-0.8113749870674615
605.0,-0.811995010414063
606.0,-0.8126964987462256
607.0,-0.8135761370627675
608.0,-0.8142005431561712
609.0,-0.8148839670994211
610.0,-0.815746694642416
611.0,-0.8163502588092731
612.0,-0.8173827335441669
613.0,-0.8179155446574011
614.0,-0.8185355654560103
615.0,-0.8195244162796295
616.0,-0.8198442177978081
617.0,-0.8208671723844655
618.0,-0.8214522626995462
619.0,-0.8221253893494864
620.0,-0.8231380662346722
621.0,-0.823454174829598
622.0,-0.8244822426595557
623.0,-0.8250241047885749
624.0,-0.8256845799534903
625.0,-0.8266423443107521
626.0,-0.8269578096008413
627.0,-0.8279172519339757
628.0,-0.8284565243421694
629.0,-0.8290536128849193
630.0,-0.8299788233875988
631.0,-0.830454079703997
632.0,-0.8310304667190511
633.0,-0.8319291547898423
634.0,-0.8324105940793848
635.0,-0.8332410677607145
636.0,-0.833737535949671
637.0,-0.8345556055002356
638.0,-0.8350501999362552
639.0,-0.8358444838819709
640.0,-0.8363277657691948
641.0,-0.8370970574280161
642.0,-0.8375761818585364
643.0,-0.838337435835573
644.0,-0.8388273153322436
645.0,-0.8395903368686795
646.0,-0.8402945199644396
647.0,-0.8407236098621135
648.0,-0.8414528675714824
649.0,-0.842127272987637
650.0,-0.8425683347057159
651.0,-0.8432909726541244
652.0,-0.8439656977471908
653.0,-0.8445757553281353
654.0,-0.8451695761956735
655.0,-0.8457265046678214
656.0,-0.8462785314668931
657.0,-0.8468466563564704
658.0,-0.8474112070937656
659.0,-0.8480157416766132
660.0,-0.848609537402807
661.0,-0.8492149253663323
662.0,-0.8499872145395567
663.0,-0.8503076862711842
664.0,-0.8509918844022564
665.0,-0.851531917520863
666.0,-0.8522710610320283
667.0,-0.8526089854253734
668.0,-0.8533596129814705
669.0,-0.853709591382239
670.0,-0.8546168583203161
671.0,-0.8549018745840221
672.0,-0.8556300401982132
673.0,-0.855970158560443
674.0,-0.8568812823512566
675.0,-0.8571760429939308
676.0,-0.8578767360579939
677.0,-0.8582251396641403
678.0,-0.859107871975898
679.0,-0.8594181033379753
680.0,-0.8600335867138093
681.0,-0.8605449349109794
682.0,-0.8612320261236416
683.0,-0.8615530685411457
684.0,-0.86216216348288
685.0,-0.8627079853604444
686.0,-0.8632206031671902
687.0,-0.8639586191029499
688.0,-0.8642849126988053
689.0,-0.8648284204532315
690.0,-0.8656015157299721
691.0,-0.865931722047343
692.0,-0.8664262370815868
693.0,-0.8671693663440534
694.0,-0.8674749021928377
695.0,-0.867978149551836
696.0,-0.8687039502898116
697.0,-0.8690187120493612
698.0,-0.8695000638316143
699.0,-0.8700675977407125
700.0,-0.8705915902718612
701.0,-0.8710948417244356
702.0,-0.8715876006112732
703.0,-0.8721041697667018
704.0,-0.8726120368927403
705.0,-0.8731233426511956
706.0,-0.8736214062939855
707.0,-0.8741324955168852
708.0,-0.8746216683014437
709.0,-0.8749895010834113
710.0,-0.8755092907745383
711.0,-0.8760495480097776
712.0,-0.8764171124090534
713.0,-0.8769539545531956
714.0,-0.8774803812594923
715.0,-0.8778363342759437
716.0,-0.8783253180994159
717.0,-0.8789110635529598
718.0,-0.8792628572440633
719.0,-0.8797292353295693
720.0,-0.8802557926387291
721.0,-0.8806033921271823
722.0,-0.8810697130316416
723.0,-0.881636978308874
724.0,-0.8819897698282038
725.0,-0.8824543995486146
726.0,-0.8829736893620244
727.0,-0.8833030224254358
728.0,-0.8837410474741693
729.0,-0.8841098211600122
730.0,-0.8846314665789642
731.0,-0.8849963831953725
732.0,-0.885461249563065
733.0,-0.8858352285074718
734.0,-0.8863198056181447
735.0,-0.8866833661526276
736.0,-0.8871705317362982
737.0,-0.8875397203672412
738.0,-0.8879773288481431
739.0,-0.8883320524777432
740.0,-0.8887788161599347
741.0,-0.889135646602
742.0,-0.8895856646732689
743.0,-0.8899456433814438
744.0,-0.8903726226342857
745.0,-0.8907057727795432
746.0,-0.8911174800115842
747.0,-0.8914626667475374
748.0,-0.8919213705777779
749.0,-0.8922709931822427
750.0,-0.8926815776339317
751.0,-0.8930189981334292
752.0,-0.8934253903721505
753.0,-0.8937330229255054
754.0,-0.8940973662622341
755.0,-0.8943910612886646
756.0,-0.8947698047180668
757.0,-0.8950775092978794
758.0,-0.8954626319331062
759.0,-0.8957640554998835
760.0,-0.8961772789945709
761.0,-0.8964681102973299
762.0,-0.8968952950066161
763.0,-0.8972020396640868
764.0,-0.8976112801922633
765.0,-0.8979105429696806
766.0,-0.8982930358140571
767.0,-0.8985416175724592
768.0,-0.8989171399201002
769.0,-0.8992230413688387
770.0,-0.8995916134301948
771.0,-0.8998622063268493
772.0,-0.9002314350744013
773.0,-0.9005183957077518
774.0,-0.9009035062257517
775.0,-0.9011750364228867
776.0,-0.9015541388615325
777.0,-0.9018189259734609
778.0,-0.9021738111145773
779.0,-0.9024556390609186
780.0,-0.9028230023939664
781.0,-0.9031144849465813
782.0,-0.9035281512130906
783.0,-0.9038110200710899
784.0,-0.9042064030531037
785.0,-0.904487146407498
786.0,-0.9048917644235562
787.0,-0.905185837594827
788.0,-0.905555398541871
789.0,-0.9058562825009003
790.0,-0.9062347741865979
791.0,-0.9064993370424816
792.0,-0.9068819924225939
793.0,-0.9071598093517032
794.0,-0.9075603310471009
795.0,-0.9078601744198661
796.0,-0.9082839262519977
797.0,-0.908589137740813
798.0,-0.9090070917733748
799.0,-0.9092991221040654
800.0,-0.9097147327250619
801.0,-0.910023668987988
802.0,-0.9104246874597628
803.0,-0.9107299575931258
804.0,-0.9111027723171459
805.0,-0.9113886144234944
806.0,-0.9117860175479807
807.0,-0.9120774364469811
808.0,-0.9125008112651422
809.0,-0.9127973468794962
810.0,-0.9132060631847693
811.0,-0.9135176651668306
812.0,-0.9138922193448846
813.0,-0.9142535141835456
814.0,-0.9145937149265345
815.0,-0.9149394201425527
816.0,-0.9153193290117558
817.0,-0.9156604804214874
818.0,-0.9159916361430944
819.0,-0.9163528505523664
820.0,-0.9167181703594979
821.0,-0.9170771520826942
822.0,-0.9174227047532991
823.0,-0.9177733909693235
824.0,-0.9180765096825523
825.0,-0.9184187960526311
826.0,-0.9187516826392194
827.0,-0.919082332712644
828.0,-0.9194071665684048
829.0,-0.9197538297425731
830.0,-0.9200850293744188
831.0,-0.9204296436853745
832.0,-0.9207609076429094
833.0,-0.9210848381191339
834.0,-0.9214204989811641
835.0,-0.92178053395618
836.0,-0.922095979339845
837.0,-0.9224115754172503
838.0,-0.9227099155519926
839.0,-0.9230531612692842
840.0,-0.9234020967482387
841.0,-0.9237477351478598
842.0,-0.9240666789526721
843.0,-0.9244128276238355
844.0,-0.9247549883333483
845.0,-0.9251250074529147
846.0,-0.9254308681436901
847.0,-0.9257629110907671
848.0,-0.9260970840956106
849.0,-0.9264198003691633
850.0,-0.9266790818833954
851.0,-0.9270613468384615
852.0,-0.9274404890622772
853.0,-0.927713307334526
854.0,-0.928084682386557
855.0,-0.9283587647933313
856.0,-0.9287921904952365
857.0,-0.9290974503838942
858.0,-0.9295506300740453
859.0,-0.9298309899256835
860.0,-0.930286645114956
861.0,-0.9306003182700889
862.0,-0.9310316115221515
863.0,-0.9313200882821993
864.0,-0.931763194845573
865.0,-0.9320560740002456
866.0,-0.9325136133867348
867.0,-0.9328128119967383
868.0,-0.9332819563677411
869.0,-0.9335781592608928
870.0,-0.9340215514046026
871.0,-0.9343215543266973
872.0,-0.934764204043218
873.0,-0.9350693191754486
874.0,-0.935531738963607
875.0,-0.9358698145080696
876.0,-0.9362152118707412
877.0,-0.9367292248632868
878.0,-0.9370707983849855
879.0,-0.9374237926698683
880.0,-0.9379875443252398
881.0,-0.9383093648785317
882.0,-0.9386702837922029
883.0,-0.9391752794344348
884.0,-0.9395042684019929
885.0,-0.9398867369718257
886.0,-0.9402610839395293
887.0,-0.9407815120806186
888.0,-0.9410980035737181
889.0,-0.9414489745081124
890.0,-0.9417995775555261
891.0,-0.9423208011089071
892.0,-0.9425899396204668
893.0,-0.9429870718929413
894.0,-0.9435342260677798
895.0,-0.9438199468075817
896.0,-0.944212284046374
897.0,-0.9447604746401779
898.0,-0.9450256323023187
899.0,-0.9454114339777886
900.0,-0.9459477464753919
901.0,-0.946220988841302
902.0,-0.9466006697097539
903.0,-0.9469593517321515
904.0,-0.9474713155916281
905.0,-0.9477377042288391
906.0,-0.9481051882493414
907.0,-0.9484545421868159
908.0,-0.9488081519110342
909.0,-0.9491830955905738
910.0,-0.9495585536531966
911.0,-0.9499140981687428
912.0,-0.9502663748000163
913.0,-0.9506432791791378
914.0,-0.9510078372351279
915.0,-0.9513987205030799
916.0,-0.9517854031516035
917.0,-0.9521680723249752
918.0,-0.9525291869072062
919.0,-0.9529053909763119
920.0,-0.9532484491366108
921.0,-0.9535873551534758
922.0,-0.9539389759000482
923.0,-0.9542917410019365
924.0,-0.9546401069766954
925.0,-0.9549929076782031
926.0,-0.9553562228465943
927.0,-0.955719279507872
928.0,-0.9560578584570917
929.0,-0.9564072186210939
930.0,-0.9567906205449824
931.0,-0.9571536290377145
932.0,-0.9574990301877017
933.0,-0.9578426935525646
934.0,-0.9581902526556655
935.0,-0.958528581574324
936.0,-0.9588789553082409
937.0,-0.959213457799135
938.0,-0.95956331508518
939.0,-0.9599062257035598
940.0,-0.9602525180142366
941.0,-0.9605881352904085
942.0,-0.9609263955306467
943.0,-0.9612669608200346
944.0,-0.9616038168618892
945.0,-0.9619347110021516
946.0,-0.9622826716032323
947.0,-0.9626315191862644
948.0,-0.9629732182736699
949.0,-0.9632118161643645
950.0,-0.9635543694073905
951.0,-0.9638958432880507
952.0,-0.9642328981295245
953.0,-0.9644344674005018
954.0,-0.9648067983954617
955.0,-0.9651572698605708
956.0,-0.965341180755805
957.0,-0.9657425039452836
958.0,-0.9659280542420811
959.0,-0.9662947732786679
960.0,-0.9664845181968793
961.0,-0.9668550510031185
962.0,-0.9670372126477687
963.0,-0.9674064060998174
964.0,-0.9675859199781542
965.0,-0.9679472361873068
966.0,-0.968143081074078
967.0,-0.9684910772852585
968.0,-0.968665128204033
969.0,-0.9689852888511953
970.0,-0.9691478501115539
971.0,-0.969480140431732
972.0,-0.9696267699864317
973.0,-0.9698864011564363
974.0,-0.9700397073913009
975.0,-0.9703128898235179
976.0,-0.970445460054558
977.0,-0.9707327554933937
978.0,-0.9708899332718336
979.0,-0.9711728585926419
980.0,-0.971309061929234
981.0,-0.9715660895284597
982.0,-0.971700554313486
983.0,-0.9719717420479196
984.0,-0.9721203460733103
985.0,-0.9723634379571399
986.0,-0.9726124423144296
987.0,-0.972851771036353
988.0,-0.9729709143343239
989.0,-0.9731784418303694
990.0,-0.9734154319371963
991.0,-0.97363040502491
992.0,-0.9738469661230175
993.0,-0.9740616148761011
994.0,-0.9742345384174559
995.0,-0.9744148854131416
996.0,-0.9745798122517941
997.0,-0.9747304491709123
998.0,-0.974868905076529
999.0,-0.9750236359989641
1000.0,-0.9751537125290047
1001.0,-0.9752815643832123
1002.0,-0.9754177689997269
1003.0,-0.9755068291500226
1004.0,-0.9755936034855645
1005.0,-0.9756990387934207
1006.0,-0.9757733160679218
1007.0,-0.9758203715937581
1008.0,-0.9758573955804403
1009.0,-0.9759016517808496
1010.0,-0.9759102643070579
1011.0,-0.9759117578011034
1012.0,-0.9758537619799674
1013.0,-0.9758235495697523
1014.0,-0.9757409576242305
1015.0,-0.9756747704600439
1016.0,-0.9756099325142251
1017.0,-0.9754976075628011
1018.0,-0.9753778439328669
1019.0,-0.9752123080655458
1020.0,-0.9750733531625911
1021.0,-0.9749117079026969
1022.0,-0.974772175280914
1023.0,-0.9746388216746462
1024.0,-0.9744806058500488
1025.0,-0.9743415111456523
1026.0,-0.974153571543045
1027.0,-0.9739866784811304
1028.0,-0.9738172595558914
1029.0,-0.9736398838296503
1030.0,-0.9734879480093785
1031.0,-0.9733199079236993
1032.0,-0.9731541174913866
1033.0,-0.9729933232519489
1034.0,-0.972839965061561
1035.0,-0.9726922596719547
1036.0,-0.9725307097154078
1037.0,-0.972412581355371
1038.0,-0.9722610132010396
1039.0,-0.9721648228805088
1040.0,-0.9720481423444253
1041.0,-0.9719488205544295
1042.0,-0.9718765326412757
1043.0,-0.9718220114766567
1044.0,-0.971796211772411
1045.0,-0.9717754477797255
1046.0,-0.9717654299018581
1047.0,-0.9717625907076538
1048.0,-0.9717698281882013
1049.0,-0.9717798787317006
1050.0,-0.9717837362083064
1051.0,-0.9718285644028051
1052.0,-0.971876937448063
1053.0,-0.9719259151682255
1054.0,-0.9719760289605923
1055.0,-0.9720291155094721
1056.0,-0.9720673328933227
1057.0,-0.9721215604034825
1058.0,-0.9721836911635208
1059.0,-0.972265203789258
1060.0,-0.9723428511084664
1061.0,-0.9724938527992883
1062.0,-0.9725944125478284
1063.0,-0.9726452123122047
1064.0,-0.9727474989641479
1065.0,-0.9728014905898522
1066.0,-0.9728902481899877
1067.0,-0.9729559479894255
1068.0,-0.9730290544315602
1069.0,-0.9731325798518171
1070.0,-0.9732244529606799
1071.0,-0.9732397257798511
1072.0,-0.9732923920273094
1073.0,-0.9734038687949301
1074.0,-0.9733986647199552
1075.0,-0.9734532561375907
1076.0,-0.9735592085475009
1077.0,-0.9736413052647022
1078.0,-0.9737288372036481
1079.0,-0.9738538690873387
1080.0,-0.9739677970217941
1081.0,-0.9740801871353898
1082.0,-0.9742043373032995
1083.0,-0.9742997202184628
1084.0,-0.9744402229091172
1085.0,-0.9746022027059321
1086.0,-0.97476023667948
1087.0,-0.9749448169455233
1088.0,-0.9750893841994608
1089.0,-0.9752745166992584
1090.0,-0.9754531151125679
1091.0,-0.9756853227010162
1092.0,-0.9758625673816747
1093.0,-0.976111105465279
1094.0,-0.9762780297588463
1095.0,-0.9764896283960085
1096.0,-0.9766725023023952
1097.0,-0.976924624632908
1098.0,-0.9770952378852636
1099.0,-0.9773622827489539
1100.0,-0.9775621617926852
1101.0,-0.9778260750022307
1102.0,-0.9780149376140188
1103.0,-0.9782765506893467
1104.0,-0.978462146384399
1105.0,-0.9787118224300118
1106.0,-0.9788872589482639
1107.0,-0.9790843020750329
1108.0,-0.9792179075952007
1109.0,-0.9793985075757812
1110.0,-0.9795449938650985
1111.0,-0.9797239519420935
1112.0,-0.9798578273694111
1113.0,-0.9800723010573655
1114.0,-0.9802201167505782
1115.0,-0.9804358499034549
1116.0,-0.9805518144281711
1117.0,-0.9807042969942503
1118.0,-0.9808398745162433
1119.0,-0.9809854003167873
1120.0,-0.9810689841106771
1121.0,-0.9811893726793336
1122.0,-0.9813110820920182
1123.0,-0.9814118553851966
1124.0,-0.9815285825692447
1125.0,-0.9816598718368059
1126.0,-0.9817380953076408
1127.0,-0.9818095052123088
1128.0,-0.9818885296959866
1129.0,-0.9819896407933241
1130.0,-0.9820919955284225
1131.0,-0.9821934254525503
1132.0,-0.9822766379499691
1133.0,-0.9823758375849
1134.0,-0.9824432688689313
1135.0,-0.9825644836840158
1136.0,-0.982643507872556
1137.0,-0.9827665952918251
1138.0,-0.9828171689010228
1139.0,-0.9828347520222506
1140.0,-0.9829147937111039
1141.0,-0.9830079781655265
1142.0,-0.9830813715226443
1143.0,-0.9831731272973228
1144.0,-0.9832745524569729
1145.0,-0.9833681151172738
1146.0,-0.9834779001046886
1147.0,-0.9836571882829082
1148.0,-0.9838068032189923
1149.0,-0.9839177169285822
1150.0,-0.9840282581602868
1151.0,-0.9841229198386694
1152.0,-0.984258357365874
1153.0,-0.9843743893755071
1154.0,-0.984480073342122
1155.0,-0.9845791829575528
1156.0,-0.9846566751397812
1157.0,-0.9847454274580907
1158.0,-0.984825391023542
1159.0,-0.9848735819354986
1160.0,-0.9849427672702809
1161.0,-0.9849964634724312
1162.0,-0.9850543791650141
1163.0,-0.9851022744775841
1164.0,-0.9851402479932527
1165.0,-0.9851425825874075
1166.0,-0.9851737983012636
1167.0,-0.9851717824959847
1168.0,-0.9851993262202701
1169.0,-0.9852288907740355
1170.0,-0.9852798076370765
1171.0,-0.9853291588316077
1172.0,-0.9853645284765143
1173.0,-0.9854042139021373
1174.0,-0.9854437568212664
1175.0,-0.9854720674221065
1176.0,-0.985480964390673
1177.0,-0.9854745590407815
1178.0,-0.9854645807075262
1179.0,-0.9854011782421316
1180.0,-0.9853498085681547
1181.0,-0.9853044187255531
1182.0,-0.9852420796716744
1183.0,-0.9851749712021013
1184.0,-0.9850826990924041
1185.0,-0.9849735619772264
1186.0,-0.9848469883688128
1187.0,-0.9846964658937117
1188.0,-0.9845657306562146
1189.0,-0.9844091913278008
1190.0,-0.9842078077949997
1191.0,-0.9840427144301116
1192.0,-0.9838537034532723
1193.0,-0.9836822689011598
1194.0,-0.9835157049279134
1195.0,-0.9833320172943399
1196.0,-0.9831480148307989
1197.0,-0.982948987180441
1198.0,-0.9826912581610201
1199.0,-0.9824751720331696
1200.0,-0.9821643332254982
1201.0,-0.9818901501055392
1202.0,-0.981553505405997
1203.0,-0.9812439235985689
1204.0,-0.9808465348969131
1205.0,-0.9805130825091358
1206.0,-0.9800902222470314
1207.0,-0.9797613542443944
1208.0,-0.9793667420747371
1209.0,-0.9789640009077406
1210.0,-0.9786048570448493
1211.0,-0.9781359537474924
1212.0,-0.9777157141158451
1213.0,-0.9772895446527043
1214.0,-0.9768562467637347
1215.0,-0.9764468188135691
1216.0,-0.975989454468344
1217.0,-0.9755296582222378
1218.0,-0.975161968737101
1219.0,-0.974558220106932
1220.0,-0.9739953683641759
1221.0,-0.9734691600542671
1222.0,-0.9730645785006846
1223.0,-0.9723526900244737
1224.0,-0.9717674669838243
1225.0,-0.9712443473159598
1226.0,-0.9706969708559512
1227.0,-0.9702759716300573
1228.0,-0.9696281638033056
1229.0,-0.9690047167583894
1230.0,-0.9685893491276283
1231.0,-0.9678736615263941
1232.0,-0.9673761487773859
1233.0,-0.9666074766653155
1234.0,-0.9661071912498356
1235.0,-0.9653372776973839
1236.0,-0.9648182536107875
1237.0,-0.9640021848720225
1238.0,-0.9634514169687325
1239.0,-0.9625921510687727
1240.0,-0.9620221612377516
1241.0,-0.9611425608536089
1242.0,-0.9605510912014388
1243.0,-0.9596656979532504
1244.0,-0.9590584802217689
1245.0,-0.9581284706686347
1246.0,-0.9574992318885298
1247.0,-0.9564895120454026
1248.0,-0.9558078392511089
1249.0,-0.9547399635294196
1250.0,-0.9540153082118727
1251.0,-0.9529497403809446
1252.0,-0.9522426807776085
1253.0,-0.9511420489282977
1254.0,-0.9504001782179309
1255.0,-0.9491920540011765
1256.0,-0.9483965510458522
1257.0,-0.9472035594804704
1258.0,-0.9464474451412568
1259.0,-0.9453067226824134
1260.0,-0.9445388590197613
1261.0,-0.9432381698812858
1262.0,-0.9420711717554501
1263.0,-0.9413484566162813
1264.0,-0.9401183157123397
1265.0,-0.9389379418664663
1266.0,-0.9379272334733332
1267.0,-0.9367793309337678
1268.0,-0.9357611249237493
1269.0,-0.9347624041814069
1270.0,-0.9337920901808995
1271.0,-0.932796708614359
1272.0,-0.9318226021607018
1273.0,-0.9308100731203077
1274.0,-0.9298202823935674
1275.0,-0.928809994604151
1276.0,-0.9278600802985154
1277.0,-0.9269035642065072
1278.0,-0.9260240410582817
1279.0,-0.9251864294958263
1280.0,-0.9240151411242099
1281.0,-0.9233956613382108
1282.0,-0.9226388261268462
1283.0,-0.9218682418274601
1284.0,-0.9211151047501145
1285.0,-0.9204041512690582
1286.0,-0.9197170738350369
1287.0,-0.9191055973500619
1288.0,-0.9185775789004405
1289.0,-0.9180815732927865
1290.0,-0.9177001192247004
1291.0,-0.9172800762279822
1292.0,-0.9169021035642463
1293.0,-0.9165060096570969
1294.0,-0.9161267332415268
1295.0,-0.9157845309612057
1296.0,-0.9154835645058661
1297.0,-0.9152241847537929
1298.0,-0.9149911327226337
1299.0,-0.9148241929954776
1300.0,-0.9145841319252243
1301.0,-0.914448994209247
1302.0,-0.9143364683534984
1303.0,-0.9142393698810221
1304.0,-0.914227430563735
1305.0,-0.914241528205948
1306.0,-0.9142993298453801
1307.0,-0.9143374183676846
1308.0,-0.91438488472798
1309.0,-0.9144535494179581
1310.0,-0.9145346859576912
1311.0,-0.9146252657728714
1312.0,-0.9147678745165246
1313.0,-0.91490484881168
1314.0,-0.9150569152255873
1315.0,-0.9152308889182657
1316.0,-0.9153780301506896
1317.0,-0.9155222535915597
1318.0,-0.9156818161409009
1319.0,-0.9158006747333718
1320.0,-0.9158494930157582
1321.0,-0.9159125581701177
1322.0,-0.9159378484766456
1323.0,-0.9159648049612982
1324.0,-0.9159712234105529
1325.0,-0.9159433918646306
1326.0,-0.9159005609108848
1327.0,-0.9158541608075181
1328.0,-0.9157786975803642
1329.0,-0.9156657313435
1330.0,-0.9155351446756095
1331.0,-0.9153746356543451
1332.0,-0.9152115056701657
1333.0,-0.9150105498990466
1334.0,-0.9148303878460773
1335.0,-0.9146367493173291
1336.0,-0.9144039220863136
1337.0,-0.9141570504438072
1338.0,-0.9138772583684458
1339.0,-0.9135810211287898
1340.0,-0.9132985626976281
1341.0,-0.9130168457507316
1342.0,-0.9127480080691205
1343.0,-0.9124592534467183
1344.0,-0.9121690549357534
1345.0,-0.9118633392850041
1346.0,-0.9115635976045773
1347.0,-0.9112561382202081
1348.0,-0.9109535228874605
1349.0,-0.9106564431164633
1350.0,-0.9103601871462397
1351.0,-0.9100543160909665
1352.0,-0.9097483841125593
1353.0,-0.9094461718219405
1354.0,-0.9091690657483102
1355.0,-0.9088801298327922
1356.0,-0.908593485892727
1357.0,-0.9082918729030874
1358.0,-0.9079737643081724
1359.0,-0.907652691223538
1360.0,-0.9073324276234919
1361.0,-0.9070150966092313
1362.0,-0.9067028888345763
1363.0,-0.9064033936100806
1364.0,-0.9060990429559481
1365.0,-0.9058066485700186
1366.0,-0.9055351794903482
1367.0,-0.9052639906915692
1368.0,-0.9050353801309915
1369.0,-0.9048263852166951
1370.0,-0.9046659681416099
1371.0,-0.9044771784081336
1372.0,-0.9043644913938618
1373.0,-0.9042148253711948
1374.0,-0.904141087306615
1375.0,-0.9040489709349249
1376.0,-0.904021494104536
1377.0,-0.9039711367969812
1378.0,-0.9039730637557305
1379.0,-0.904027319816984
1380.0,-0.9040765485905919
1381.0,-0.9041242397684921
1382.0,-0.9041391840384272
1383.0,-0.9041448258592001
1384.0,-0.9041239769501639
1385.0,-0.9040705592801263
1386.0,-0.903979731962432
1387.0,-0.9038648813784579
1388.0,-0.9037245394241261
1389.0,-0.9035518559892456
1390.0,-0.9033136115525331
1391.0,-0.9030932368129865
1392.0,-0.902866581098265
1393.0,-0.9026147964825724
1394.0,-0.9024376199217907
1395.0,-0.902269224293124
1396.0,-0.9021089734083985
1397.0,-0.9020310791172522
1398.0,-0.9019962873960227
1399.0,-0.9020155427164023
1400.0,-0.9020608434697108
1401.0,-0.9022309102693703
1402.0,-0.9023162571120322
1403.0,-0.9024805806066684
1404.0,-0.9025950399673476
1405.0,-0.9027272264999594
1406.0,-0.9027990990626802
1407.0,-0.9028381122468339
1408.0,-0.9028403307311429
1409.0,-0.9027892135917587
1410.0,-0.9026924786607248
1411.0,-0.9025551748958662
1412.0,-0.9023942768890715
1413.0,-0.9022314960215515
1414.0,-0.9020377285998691
1415.0,-0.9018153094817263
1416.0,-0.9016377739646545
1417.0,-0.9014590266934931
1418.0,-0.9013337365304284
1419.0,-0.901239025195952
1420.0,-0.9012251359056149
1421.0,-0.9012800960626116
1422.0,-0.9013685737500229
1423.0,-0.901474658420774
1424.0,-0.9015731119062103
1425.0,-0.901676067656855
1426.0,-0.9017886383953608
1427.0,-0.9020293236987256
1428.0,-0.9021992882072486
1429.0,-0.9024254184923041
1430.0,-0.9025151343269506
1431.0,-0.902656507688734
1432.0,-0.902713627252578
1433.0,-0.9026720093013201
1434.0,-0.902672892235767
1435.0,-0.9026450388128892
1436.0,-0.9025787868439943
1437.0,-0.9024377008840774
1438.0,-0.9023291943923689
1439.0,-0.9022793119428583
1440.0,-0.9022528879702237
1441.0,-0.9021806913132542
1442.0,-0.9021663163504261
1443.0,-0.9021646095176696
1444.0,-0.9021863473028052
1445.0,-0.9021875524428308
1446.0,-0.9021642828185356
1447.0,-0.902172972302115
1448.0,-0.9021479463752804
1449.0,-0.902109337353243
1450.0,-0.9021295024285498
1451.0,-0.9021200103898415
1452.0,-0.902124340127428
1453.0,-0.9020901312220847
1454.0,-0.9019722013915481
1455.0,-0.9019190574293786
1456.0,-0.9018500238909539
1457.0,-0.9016506662287914
1458.0,-0.9015274767646151
1459.0,-0.901362144267344
1460.0,-0.9012634964484553
1461.0,-0.9011569904157144
1462.0,-0.9009953008842236
1463.0,-0.9007997077245455
1464.0,-0.9006415395373772
1465.0,-0.9004473313393814
1466.0,-0.9002638522265873
1467.0,-0.9000506512584232
1468.0,-0.8998203662380427
1469.0,-0.8995895137092322
1470.0,-0.8992844742398387
1471.0,-0.8990242261175269
1472.0,-0.8987905189723744
1473.0,-0.898524970945331
1474.0,-0.8982694925207712
1475.0,-0.898019838138284
1476.0,-0.8977657237951322
1477.0,-0.8975018078574746
1478.0,-0.8972451848341021
1479.0,-0.8969769788639373
1480.0,-0.8967497906581454
1481.0,-0.8964809123766484
1482.0,-0.8961688024454413
1483.0,-0.8958241760687358
1484.0,-0.8954738305179977
1485.0,-0.8951075719966015
1486.0,-0.894731392642553
1487.0,-0.8943498819821819
1488.0,-0.893946312441527
1489.0,-0.8935069788522554
1490.0,-0.8930683256539367
1491.0,-0.8926229718489588
1492.0,-0.8921753092644912
1493.0,-0.8917426389399983
1494.0,-0.8912924781506341
1495.0,-0.8907990830075158
1496.0,-0.8903214056848712
1497.0,-0.8898404427454139
1498.0,-0.8893533571106511
1499.0,-0.8888463501892359
1500.0,-0.8883421051341178
1501.0,-0.8878203259430817
1502.0,-0.887280374687156
1503.0,-0.8867248494113144
1504.0,-0.8861810814616594
1505.0,-0.8856419642780038
1506.0,-0.8850729681451373
1507.0,-0.8845079857512095
1508.0,-0.8839321157272826
1509.0,-0.8833794563473659
1510.0,-0.8828059609065367
1511.0,-0.8822364753801232
1512.0,-0.8816894921175584
1513.0,-0.8811102886436954
1514.0,-0.8805437074210846
1515.0,-0.8799531242757745
1516.0,-0.8793553647407114
1517.0,-0.8787459822553046
1518.0,-0.8781146372810748
1519.0,-0.8774666555336051
1520.0,-0.876804097861985
1521.0,-0.8761604555145596
1522.0,-0.8755107565938739
1523.0,-0.8748203329397735
1524.0,-0.8741470155705502
1525.0,-0.8734625383123129
1526.0,-0.872758500077125
1527.0,-0.8721887061363822
1528.0,-0.8714398473242045
1529.0,-0.8708788150262047
1530.0,-0.8701058906024177
1531.0,-0.8695115170120121
1532.0,-0.8688435074694508
1533.0,-0.8680156341506859
1534.0,-0.8675336633796265
1535.0,-0.8666507195286635
1536.0,-0.8661746912914565
1537.0,-0.8653044797230153
1538.0,-0.8648379675603265
1539.0,-0.8639814231211462
1540.0,-0.8635328954981507
1541.0,-0.8627252227142828
1542.0,-0.8620353008728766
1543.0,-0.861533151488643
1544.0,-0.8610419037413242
1545.0,-0.860423452429535
1546.0,-0.8599831745238092
1547.0,-0.8594381093262867
1548.0,-0.8590560377164213
1549.0,-0.8585736649022369
1550.0,-0.858158395963408
1551.0,-0.8577469803836295
1552.0,-0.8573644468398498
1553.0,-0.8569824192384692
1554.0,-0.8565957689939168
1555.0,-0.8561910463882791
1556.0,-0.8557615017389945
1557.0,-0.8554320223287537
1558.0,-0.8550218779836928
1559.0,-0.8547281216018415
1560.0,-0.8543345008937594
1561.0,-0.8541083660144193
1562.0,-0.853784413720849
1563.0,-0.85354627708634
1564.0,-0.8531950269958715
1565.0,-0.8529108516026036
1566.0,-0.8525080934652512
1567.0,-0.8521389909926539
1568.0,-0.8517106470810148
1569.0,-0.851223768248359
1570.0,-0.8507177982618188
1571.0,-0.8502038545352315
1572.0,-0.8496410847565528
1573.0,-0.8490566553145603
1574.0,-0.8484742397564059
1575.0,-0.8478915363845834
1576.0,-0.8474339232743792
1577.0,-0.8467916051766925
1578.0,-0.846190750877203
1579.0,-0.8456189558702594
1580.0,-0.8451827488929357
1581.0,-0.8446053224397172
1582.0,-0.8441307058316312
1583.0,-0.8437025385577408
1584.0,-0.8432776193709657
1585.0,-0.8428674682963706
1586.0,-0.8425008507750138
1587.0,-0.8421384978575596
1588.0,-0.841890117242221
1589.0,-0.8414405220848272
1590.0,-0.8411119965736337
1591.0,-0.8409006542131902
1592.0,-0.8404971944570065
1593.0,-0.8402213878681185
1594.0,-0.8400269588940584
1595.0,-0.8396521620880697
1596.0,-0.8394426178893978
1597.0,-0.8390393995797392
1598.0,-0.8388211693768882
1599.0,-0.8384107566633666
1600.0,-0.838179057422191
1601.0,-0.8377157517234213
1602.0,-0.8374547340790717
1603.0,-0.8369741623122324
1604.0,-0.8367011883531138
1605.0,-0.8361942865232485
1606.0,-0.835905345568016
1607.0,-0.8353547201928194
1608.0,-0.8350621977119116
1609.0,-0.8345085707275576
1610.0,-0.834214896874969
1611.0,-0.8336295747625172
1612.0,-0.8333160795761055
1613.0,-0.8326883055172942
1614.0,-0.8323384806860503
1615.0,-0.8316730239590774
1616.0,-0.831114713119468
1617.0,-0.8307434545908264
1618.0,-0.8300615976475122
1619.0,-0.8294858874796397
1620.0,-0.8291152585711862
1621.0,-0.8284359640759146
1622.0,-0.8278662732082855
1623.0,-0.8275098818542439
1624.0,-0.8267736044318037
1625.0,-0.826169398775548
1626.0,-0.8257819980375375
1627.0,-0.8250826323838081
1628.0,-0.824695152190908
1629.0,-0.8239961677057451
1630.0,-0.8236308454652119
1631.0,-0.8229328824111993
1632.0,-0.822565046561274
1633.0,-0.821871331760243
1634.0,-0.8215114425771511
1635.0,-0.8208660035689715
1636.0,-0.8205372354108285
1637.0,-0.8199170766138162
1638.0,-0.8195810025612108
1639.0,-0.8190036023671249
1640.0,-0.8186761463007116
1641.0,-0.8181172044818729
1642.0,-0.8178354338793802
1643.0,-0.8173952897669764
1644.0,-0.8170656365856263
1645.0,-0.8164956832280265
1646.0,-0.8162405576130372
1647.0,-0.8157489052389422
1648.0,-0.8154958369121607
1649.0,-0.8150406306360768
1650.0,-0.8148013826626295
1651.0,-0.8143520400535844
1652.0,-0.8141100848920805
1653.0,-0.8136815286690474
1654.0,-0.813456033011205
1655.0,-0.8130546378989537
1656.0,-0.812840940988552
1657.0,-0.812477531734361
1658.0,-0.8122255844444983
1659.0,-0.8119866929966323
1660.0,-0.8117847168718902
1661.0,-0.8115905815242681
1662.0,-0.8113762337109643
1663.0,-0.8111542027831314
1664.0,-0.8109611882909876
1665.0,-0.8107811650123845
1666.0,-0.8105743851263669
1667.0,-0.8103693150571053
1668.0,-0.8101601996831103
1669.0,-0.8099419314161832
1670.0,-0.8097378978944705
1671.0,-0.8095194674580204
1672.0,-0.8093042024728176
1673.0,-0.8090808414478654
1674.0,-0.8088668886339953
1675.0,-0.8086513037778925
1676.0,-0.8084457553308912
1677.0,-0.8082250627429863
1678.0,-0.8079932971296695
1679.0,-0.8077485911411241
1680.0,-0.8075120839585624
1681.0,-0.8072653783758091
1682.0,-0.8070373941679455
1683.0,-0.8067982432828413
1684.0,-0.8065671409788143
1685.0,-0.8063694337725568
1686.0,-0.8061710440367734
1687.0,-0.8059816352731028
1688.0,-0.8058050627252076
1689.0,-0.80563673761906
1690.0,-0.8054832355237509
1691.0,-0.8053232265958379
1692.0,-0.8051340387035628
1693.0,-0.8049686773619799
1694.0,-0.8048123140937359
1695.0,-0.8046383463645527
1696.0,-0.8044806301890796
1697.0,-0.8043286816112175
1698.0,-0.80418607214052
1699.0,-0.8040469256865548
1700.0,-0.8038811349866494
1701.0,-0.803723995472355
1702.0,-0.8035733463021159
1703.0,-0.8034346087390912
1704.0,-0.8032812309332287
1705.0,-0.8031387866669876
1706.0,-0.8029918582729338
1707.0,-0.8028674880950025
1708.0,-0.8027223977483258
1709.0,-0.8025725226086068
1710.0,-0.8024309008277678
1711.0,-0.8022995958464153
1712.0,-0.8021438645343119
1713.0,-0.8020002885139275
1714.0,-0.8018286785153447
1715.0,-0.8016808449548092
1716.0,-0.801499396345069
1717.0,-0.801352594128901
1718.0,-0.8011961501367968
1719.0,-0.8010582400405836
1720.0,-0.8009313053122717
1721.0,-0.8007771488719618
1722.0,-0.8006361796591666
1723.0,-0.800505727669181
1724.0,-0.8003479259024733
1725.0,-0.8002079972174103
1726.0,-0.8000763498449684
1727.0,-0.7999149349580083
1728.0,-0.7997764893855489
1729.0,-0.799655942334527
1730.0,-0.7995176391387584
1731.0,-0.7993735726197727
1732.0,-0.7992433437955913
1733.0,-0.7990827713208571
1734.0,-0.7988899645221051
1735.0,-0.7987563866559168
1736.0,-0.798588341103403
1737.0,-0.7983937520532661
1738.0,-0.7982084609992893
1739.0,-0.7980088099763977
1740.0,-0.7978061516095667
1741.0,-0.7975914774998746
1742.0,-0.7973838132378698
1743.0,-0.7971682342736636
1744.0,-0.796958693954822
1745.0,-0.7967477202481833
1746.0,-0.7965457022636037
1747.0,-0.7963351642215488
1748.0,-0.7961446146973057
1749.0,-0.7959530078599764
1750.0,-0.7957456637898129
1751.0,-0.7955168047013318
1752.0,-0.7952925908042832
1753.0,-0.7950534252054468
1754.0,-0.7948179962306601
1755.0,-0.7945810088310811
1756.0,-0.7943331040319964
1757.0,-0.7940765116953024
1758.0,-0.7938031921140951
1759.0,-0.7935371637632016
1760.0,-0.7931909068363234
1761.0,-0.7929640335878633
1762.0,-0.7927054257733724
1763.0,-0.7923548820510895
1764.0,-0.7920978571479712
1765.0,-0.7917686228384069
1766.0,-0.7915265912068307
1767.0,-0.7911836258250913
1768.0,-0.7909279686622527
1769.0,-0.7905860809162261
1770.0,-0.7902734422036193
1771.0,-0.7899508123596868
1772.0,-0.7896433276221937
1773.0,-0.7893163398166484
1774.0,-0.7890057153595544
1775.0,-0.788704756600861
1776.0,-0.7883822033442304
1777.0,-0.7880574313739034
1778.0,-0.7877154472715674
1779.0,-0.7873872585796521
1780.0,-0.7870465561493171
1781.0,-0.7866940783599554
1782.0,-0.7863337895794662
1783.0,-0.785990168312188
1784.0,-0.7856212818292038
1785.0,-0.7852836161183506
1786.0,-0.7849235775324546
1787.0,-0.7845735132378955
1788.0,-0.7842392937290522
1789.0,-0.7838888715589483
1790.0,-0.7834702239724473
1791.0,-0.783145279753158
1792.0,-0.782830554979117
1793.0,-0.7824529309009111
1794.0,-0.7821316384449764
1795.0,-0.7818169661072353
1796.0,-0.7814432154050044
1797.0,-0.7811384775898169
1798.0,-0.7807516794823363
1799.0,-0.780468959424828
1800.0,-0.7800822166408127
1801.0,-0.7797738357182881
1802.0,-0.7793957014046986
1803.0,-0.7790860703839705
1804.0,-0.7787414519598781
1805.0,-0.7784526946980663
1806.0,-0.7781140632864683
1807.0,-0.7778144876753029
1808.0,-0.7774228110524556
1809.0,-0.7771434409657738
1810.0,-0.7768167068925909
1811.0,-0.7765602939038172
1812.0,-0.7762537663396488
1813.0,-0.7759973617550187
1814.0,-0.7756707605734289
1815.0,-0.7754153141025341
1816.0,-0.7751213719305097
1817.0,-0.7748378300572955
1818.0,-0.7746114739144484
1819.0,-0.774363047397819
1820.0,-0.7740973214295781
1821.0,-0.7738904320446386
1822.0,-0.773621398481091
1823.0,-0.7734170171975145
1824.0,-0.773147390375331
1825.0,-0.7728895207569584
1826.0,-0.7726274379016873
1827.0,-0.7724228940578587
1828.0,-0.7721648232816666
1829.0,-0.7718941025126178
1830.0,-0.7716707249950272
1831.0,-0.7714120055609456
1832.0,-0.7711689693572253
1833.0,-0.7709016582501999
1834.0,-0.7706431822941348
1835.0,-0.7704207171158957
1836.0,-0.7701815654476559
1837.0,-0.7699611741157731
1838.0,-0.769715754276779
1839.0,-0.7694350932422233
1840.0,-0.7691817882013112
1841.0,-0.7689259278268147
1842.0,-0.7686611922806909
1843.0,-0.7683809001102195
1844.0,-0.7680999851509946
1845.0,-0.7678132861638413
1846.0,-0.7675122424819735
1847.0,-0.7672268102146134
1848.0,-0.7669059215462208
1849.0,-0.7665918087216291
1850.0,-0.7663257342915695
1851.0,-0.7660315671456032
1852.0,-0.7657362334044265
1853.0,-0.7654311980311929
1854.0,-0.7650899046810765
1855.0,-0.764784736460847
1856.0,-0.7644743276069031
1857.0,-0.7641503021391477
1858.0,-0.7638387655120225
1859.0,-0.7635306882407572
1860.0,-0.7631904046049424
1861.0,-0.7628422076998747
1862.0,-0.7624764860759107
1863.0,-0.7621017750516099
1864.0,-0.7617044720215693
1865.0,-0.7613169318198123
1866.0,-0.7609366166257462
1867.0,-0.7605483949888779
1868.0,-0.7601589647495166
1869.0,-0.7597687285106819
1870.0,-0.759408005989662
1871.0,-0.7590384211413385
1872.0,-0.7587295489928829
1873.0,-0.7582994127615803
1874.0,-0.7578499157655056
1875.0,-0.7574295860633417
1876.0,-0.7570035578293417
1877.0,-0.7566054094486109
1878.0,-0.7562114897929542
1879.0,-0.7558156101362026
1880.0,-0.7553885986172756
1881.0,-0.7549661433267109
1882.0,-0.7545136621730266
1883.0,-0.754066811270003
1884.0,-0.753626350956583
1885.0,-0.7531712546957275
1886.0,-0.7527022990141793
1887.0,-0.7522253857782656
1888.0,-0.7517545574918945
1889.0,-0.7512530550262726
1890.0,-0.7507583184285196
1891.0,-0.7502540480716319
1892.0,-0.749772967062571
1893.0,-0.7492954571198287
1894.0,-0.7488029440221183
1895.0,-0.7482994561282859
1896.0,-0.747795236022257
1897.0,-0.7473048254045781
1898.0,-0.7467771014184033
1899.0,-0.746279394245139
1900.0,-0.7457846519365882
1901.0,-0.7452926307818778
1902.0,-0.7447820350835982
1903.0,-0.7442721328361406
1904.0,-0.7437588941591908
1905.0,-0.7432505350697183
1906.0,-0.7427438910618326
1907.0,-0.7422289753143421
1908.0,-0.7416941314845856
1909.0,-0.7411731040187782
1910.0,-0.7406443511164221
1911.0,-0.7401118872501486
1912.0,-0.739569222726101
1913.0,-0.7389940152010293
1914.0,-0.7384302943891752
1915.0,-0.7378471868054379
1916.0,-0.7372826499233935
1917.0,-0.7367240075854753
1918.0,-0.7361732951580575
1919.0,-0.7356240156491659
1920.0,-0.7350915055049821
1921.0,-0.7345157420554832
1922.0,-0.7339430081900407
1923.0,-0.7333739501145087
1924.0,-0.7328368945254522
1925.0,-0.7323063406347216
1926.0,-0.7317627743110312
1927.0,-0.7312480500466524
1928.0,-0.7307158675559783
1929.0,-0.7301741669781473
1930.0,-0.7296217377897751
1931.0,-0.7290769874818215
1932.0,-0.7285303255613909
1933.0,-0.7280092953380141
1934.0,-0.7274655626394732
1935.0,-0.7269146731236282
1936.0,-0.7263836897019131
1937.0,-0.7258422119280747
1938.0,-0.7253247177099892
1939.0,-0.7247837604758726
1940.0,-0.7242426208749487
1941.0,-0.723711976932031
1942.0,-0.723157725778744
1943.0,-0.7226033552576382
1944.0,-0.7220442906931802
1945.0,-0.7215151147809895
1946.0,-0.720996944434693
1947.0,-0.7204526677062134
1948.0,-0.7199178411871746
1949.0,-0.7193810477742751
1950.0,-0.7188343340103082
1951.0,-0.7182874230305824
1952.0,-0.7177297410276998
1953.0,-0.7171836997953746
1954.0,-0.7166186364768147
1955.0,-0.7160412178147019
1956.0,-0.7154501015372442
1957.0,-0.7148463741648184
1958.0,-0.7142119376446062
1959.0,-0.7135861625675566
1960.0,-0.7129811996034024
1961.0,-0.7123683463363367
1962.0,-0.7117218286456873
1963.0,-0.711079908786188
1964.0,-0.7104303838945384
1965.0,-0.7097806284545516
1966.0,-0.7091408691033423
1967.0,-0.7085173298845144
1968.0,-0.7078896149967391
1969.0,-0.7072456854560466
1970.0,-0.7066084612662035
1971.0,-0.705960832507022
1972.0,-0.705296237664548
1973.0,-0.7046539717386938
1974.0,-0.70401154056077
1975.0,-0.7033514897432285
1976.0,-0.7026793692336373
1977.0,-0.7020039944361
1978.0,-0.7013262393509182
1979.0,-0.7006660280291984
1980.0,-0.6999939706168827
1981.0,-0.6993042132204678
1982.0,-0.6986250702802406
1983.0,-0.6979617826953527
1984.0,-0.6973372162103568
1985.0,-0.6965370437414881
1986.0,-0.6958937828970944
1987.0,-0.6952531433322372
1988.0,-0.6946163375749248
1989.0,-0.6939721523234725
1990.0,-0.6933367428078677
1991.0,-0.6926635380799114
1992.0,-0.6920202908938072
1993.0,-0.6914026234798917
1994.0,-0.6907568342074186
1995.0,-0.6901326002965645
1996.0,-0.6894816216768966
1997.0,-0.6888414083549579
1998.0,-0.6882306691283865
1999.0,-0.6876161245660715
2000.0,-0.6870180810968912
2001.0,-0.6864066947921046
2002.0,-0.6858198938398417
2003.0,-0.6852050181749374
2004.0,-0.6845908202766262
2005.0,-0.6839750482237086
2006.0,-0.6833466117170208
2007.0,-0.6827221707251635
2008.0,-0.6820892016996677
2009.0,-0.6814984464597256
2010.0,-0.680905583624508
2011.0,-0.6803191855336522
2012.0,-0.6797314641838809
2013.0,-0.6790582389388539
2014.0,-0.6784969655534866
2015.0,-0.6779416095285276
2016.0,-0.6773737924078044
2017.0,-0.6768089824254889
2018.0,-0.6762319444129975
2019.0,-0.6756436009825332
2020.0,-0.6750738205909437
2021.0,-0.6745031573199077
2022.0,-0.6739170491801953
2023.0,-0.6733240344238196
2024.0,-0.6727481318821349
2025.0,-0.6721631327626253
2026.0,-0.6715962894309625
2027.0,-0.6710403859172388
2028.0,-0.6705049018220345
2029.0,-0.6699694524865173
2030.0,-0.6694190763079106
2031.0,-0.6688749025177534
2032.0,-0.668320200522121
2033.0,-0.6677777849484898
2034.0,-0.6672377647910426
2035.0,-0.6667139667505029
2036.0,-0.6661752834932774
2037.0,-0.6656665067917018
2038.0,-0.6651627375506579
2039.0,-0.6646605251714118
2040.0,-0.6641336610481804
2041.0,-0.6636232862407296
2042.0,-0.6631207662491678
2043.0,-0.6626318052755175
2044.0,-0.662146891901867
2045.0,-0.6616635924766485
2046.0,-0.6611800636046654
2047.0,-0.6607183659161237
2048.0,-0.6602536238037066
2049.0,-0.6597898997501006
2050.0,-0.6593295555979427
2051.0,-0.6588823114657159
2052.0,-0.6584083363079285
2053.0,-0.6579560428499224
2054.0,-0.6575332470580656
2055.0,-0.6570960894821063
2056.0,-0.6566634583271717
2057.0,-0.6562230150480555
2058.0,-0.6557947159481979
2059.0,-0.6553750498293357
2060.0,-0.6549555672846136
2061.0,-0.6545234996755661
2062.0,-0.6540871043891725
2063.0,-0.6536633689322857
2064.0,-0.653274589369127
2065.0,-0.6528713544165938
2066.0,-0.652478515518646
2067.0,-0.6520861558728296
2068.0,-0.6516722149232698
2069.0,-0.6512721388445858
2070.0,-0.6508737856391648
2071.0,-0.6504911461336547
2072.0,-0.6501156957408386
2073.0,-0.6497112196327961
2074.0,-0.6493098443662807
2075.0,-0.6489327237652691
2076.0,-0.6485523307442624
2077.0,-0.648168694630357
2078.0,-0.6477629132887803
2079.0,-0.6473610070970798
2080.0,-0.6469578984805148
2081.0,-0.6465659886797978
2082.0,-0.6461891545334438
2083.0,-0.6458042888643859
2084.0,-0.6454241056974158
2085.0,-0.6450424161107426
2086.0,-0.6446581880968195
2087.0,-0.6442827547890648
2088.0,-0.6438984713485897
2089.0,-0.6435313104897024
2090.0,-0.6431647615811017
2091.0,-0.6427866970404286
2092.0,-0.6424199069399357
2093.0,-0.642074032792598
2094.0,-0.6417267717207665
2095.0,-0.6413926532806876
2096.0,-0.6410455117048462
2097.0,-0.6406911306006378
2098.0,-0.6403453243036307
2099.0,-0.6399674587423939
2100.0,-0.6396065596559777
2101.0,-0.6392377542737386
2102.0,-0.638874859632937
2103.0,-0.6385128925411497
2104.0,-0.6381420871743843
2105.0,-0.6377977559425537
2106.0,-0.6374419676873195
2107.0,-0.6371128835941948
2108.0,-0.6367976577614
2109.0,-0.6364827028875208
2110.0,-0.6361578148626356
2111.0,-0.6358312534536048
2112.0,-0.6355126831767767
2113.0,-0.6351929199164291
2114.0,-0.6348751464353495
2115.0,-0.63455136596482
2116.0,-0.6342311657733412
2117.0,-0.6339109913482753
2118.0,-0.633604694811754
2119.0,-0.6332915935998421
2120.0,-0.6329799099799269
2121.0,-0.6326798256022735
2122.0,-0.6323887086345896
2123.0,-0.6320911180473043
2124.0,-0.6318009608108003
2125.0,-0.6315130197409863
2126.0,-0.631217713018366
2127.0,-0.630923957190514
2128.0,-0.6306471075603128
2129.0,-0.6303806731069158
2130.0,-0.6301124787714613
2131.0,-0.6298540472433796
2132.0,-0.629599769447852
2133.0,-0.6293463251321444
2134.0,-0.6290969030679066
2135.0,-0.6288348132885957
2136.0,-0.6285731286664694
2137.0,-0.6283377589822614
2138.0,-0.6280980425200062
2139.0,-0.6278682402588381
2140.0,-0.627648114748398
2141.0,-0.6274408609594856
2142.0,-0.6271955947670602
2143.0,-0.6269909341327012
2144.0,-0.6267703396490482
2145.0,-0.6265799438883635
2146.0,-0.6263664357348481
2147.0,-0.6261982991010508
2148.0,-0.6260385394020908
2149.0,-0.6258421311868506
2150.0,-0.6256678702517288
2151.0,-0.6254571932787762
2152.0,-0.62530139078581
2153.0,-0.6251018004778958
2154.0,-0.6249346846966317
2155.0,-0.6247621900928195
2156.0,-0.6246397382890211
2157.0,-0.6244986171947089
2158.0,-0.6243784714687988
2159.0,-0.6242618974742886
2160.0,-0.6241665721903636
2161.0,-0.6240485493098772
2162.0,-0.6239399171825105
2163.0,-0.623805979782914
2164.0,-0.6236940347649766
2165.0,-0.6235939663096476
2166.0,-0.6235075299277056
2167.0,-0.6234080079527575
2168.0,-0.6233177987985234
2169.0,-0.6232223120578516
2170.0,-0.6231385602188994
2171.0,-0.623079889399247
2172.0,-0.6230041320384432
2173.0,-0.6229246279488966
2174.0,-0.6228355618673583
2175.0,-0.6227489609800408
2176.0,-0.6226790677709232
2177.0,-0.6226126867572189
2178.0,-0.6225407471921377
2179.0,-0.6224766147583132
2180.0,-0.6224354797468409
2181.0,-0.6223752655289015
2182.0,-0.6223518875291075
2183.0,-0.6223096505743675
2184.0,-0.6222662215096513
2185.0,-0.6222289714392853
2186.0,-0.6221996405429184
2187.0,-0.6221780077329369
2188.0,-0.6221663732756214
2189.0,-0.6221556676567506
2190.0,-0.6221392805991948
2191.0,-0.6221404395709174
2192.0,-0.6221707259243408
2193.0,-0.6221846333372292
2194.0,-0.6221980947287171
2195.0,-0.6222081783361619
2196.0,-0.622203835532348
2197.0,-0.6222102183180491
2198.0,-0.6222096856964962
2199.0,-0.6222314640056182
2200.0,-0.6222498412147616
2201.0,-0.6222600096639421
2202.0,-0.6222988174433823
2203.0,-0.6223140858319616
2204.0,-0.6223697671450886
2205.0,-0.6224095133466664
2206.0,-0.6224585636240623
2207.0,-0.6224960781671148
2208.0,-0.6225626088526292
2209.0,-0.6225942014216144
2210.0,-0.6226543927315443
2211.0,-0.6226914708619578
2212.0,-0.6227511490958237
2213.0,-0.6227777901703827
2214.0,-0.6228003570054925
2215.0,-0.6228654625376452
2216.0,-0.6229198015811542
2217.0,-0.6230026178892787
2218.0,-0.6230650751511573
2219.0,-0.6231064664954569
2220.0,-0.6231746151907553
2221.0,-0.6232297789533313
2222.0,-0.6232745198277633
2223.0,-0.6233313769021753
2224.0,-0.6233995275304938
2225.0,-0.6234669530235895
2226.0,-0.6235135083260528
2227.0,-0.6235652017210674
2228.0,-0.6236600609945208
2229.0,-0.6237348103401537
2230.0,-0.6237963894438652
2231.0,-0.6238684166554651
2232.0,-0.6239097299898613
2233.0,-0.6239588329572693
2234.0,-0.6240139148632027
2235.0,-0.624059868685699
2236.0,-0.6240990138934231
2237.0,-0.6241580454542551
2238.0,-0.6242322155858837
2239.0,-0.6242902829167609
2240.0,-0.6243329038040387
2241.0,-0.6243855897798716
2242.0,-0.6244543259406559
2243.0,-0.6245076930985684
2244.0,-0.6245507802869007
2245.0,-0.6246054335806842
2246.0,-0.624638244870382
2247.0,-0.6246971396660791
2248.0,-0.6247324729256338
2249.0,-0.6247727376851564
2250.0,-0.6248188470339392
2251.0,-0.6248777444242181
2252.0,-0.6249100141173155
2253.0,-0.6249357703070353
2254.0,-0.6249626883891761
2255.0,-0.6249927383861938
2256.0,-0.6250225070580727
2257.0,-0.6250449167491141
2258.0,-0.6250672326439017
2259.0,-0.6250773011710361
2260.0,-0.6250785381746836
2261.0,-0.6250858854289069
2262.0,-0.6250745175323343
2263.0,-0.6250757712334973
2264.0,-0.625075945676523
2265.0,-0.6250795408253786
2266.0,-0.6250390034996479
2267.0,-0.625007913729038
2268.0,-0.6249824389871396
2269.0,-0.6249624244228559
2270.0,-0.6249436335947539
2271.0,-0.624920477407078
2272.0,-0.6249080651064252
2273.0,-0.624908657852739
2274.0,-0.6249103922367524
2275.0,-0.6249012566562563
2276.0,-0.6248836842285258
2277.0,-0.6248394250970863
2278.0,-0.624796926297982
2279.0,-0.6247744104504451
2280.0,-0.624732749248247
2281.0,-0.6246864596789075
2282.0,-0.6246351962282066
2283.0,-0.6245795879446321
2284.0,-0.6245159454340637
2285.0,-0.6244425549192066
2286.0,-0.6243835256950817
2287.0,-0.62432637294859
2288.0,-0.6242468982849307
2289.0,-0.6242063544715428
2290.0,-0.6241673332947336
2291.0,-0.6241426343954013
2292.0,-0.6240914921826306
2293.0,-0.6240663825866488
2294.0,-0.6240205911771713
2295.0,-0.6239471118429024
2296.0,-0.6238956499694146
2297.0,-0.6238056492775669
2298.0,-0.6237269490821429
2299.0,-0.6236941079876527
2300.0,-0.6236376310963251
2301.0,-0.623588068146104
2302.0,-0.6234973957440346
2303.0,-0.6234420375877217
2304.0,-0.6233551352497595
2305.0,-0.6232915974983628
2306.0,-0.623205966559117
2307.0,-0.6231209346988057
2308.0,-0.6230841082282419
2309.0,-0.6229908839816458
2310.0,-0.6228873316969896
2311.0,-0.622785562550499
2312.0,-0.622721040694733
2313.0,-0.622624216210199
2314.0,-0.622499959414908
2315.0,-0.6224243951562234
2316.0,-0.6223336639436587
2317.0,-0.6222249388696065
2318.0,-0.6221606646812732
2319.0,-0.6220595552149633
2320.0,-0.6220007610451639
2321.0,-0.6219242812358227
2322.0,-0.6218521467410797
2323.0,-0.6217357053971194
2324.0,-0.6216688647629532
2325.0,-0.6215830852330538
2326.0,-0.6215008738533309
2327.0,-0.6214442161564803
2328.0,-0.6213815419693586
2329.0,-0.6213131062633951
2330.0,-0.6212364747329612
2331.0,-0.6211356991697566
2332.0,-0.6210480948876415
2333.0,-0.6209669447475009
2334.0,-0.6209056263412592
2335.0,-0.6208289793290003
2336.0,-0.6207497936271656
2337.0,-0.6206811309453806
2338.0,-0.6205901179424645
2339.0,-0.6205166524972684
2340.0,-0.6204622550215575
2341.0,-0.6203732242184927
2342.0,-0.6203136622175326
2343.0,-0.6202343535770943
2344.0,-0.6201875379145755
2345.0,-0.6201351282169272
2346.0,-0.6200931154384265
2347.0,-0.6200679477753649
2348.0,-0.6200218622863358
2349.0,-0.6199745478447517
2350.0,-0.6199153804436422
2351.0,-0.6198620542713643
2352.0,-0.6198311979998369
2353.0,-0.619776224019956
2354.0,-0.6197382522444892
2355.0,-0.6196878867463411
2356.0,-0.6196420037552387
2357.0,-0.6195734010025082
2358.0,-0.6194864677126394
2359.0,-0.6194361047118324
2360.0,-0.6193762506540895
2361.0,-0.6193086019913009
2362.0,-0.6192592237369575
2363.0,-0.6192298809119976
2364.0,-0.619202650370618
2365.0,-0.6192305934860882
2366.0,-0.619234616827624
2367.0,-0.6192180297093327
2368.0,-0.6192045595153464
2369.0,-0.6192384830059036
2370.0,-0.6192428855242442
2371.0,-0.619252511323959
2372.0,-0.6192497314198366
2373.0,-0.6192401248806205
2374.0,-0.619268485133468
2375.0,-0.6193094359766401
2376.0,-0.6193902469080554
2377.0,-0.6194819983723363
2378.0,-0.6195862894644953
2379.0,-0.6196513601480389
2380.0,-0.6196949694966846
2381.0,-0.6197426492581224
2382.0,-0.619822481875424
2383.0,-0.6198938795478007
2384.0,-0.6199826833251946
2385.0,-0.6200731461541221
2386.0,-0.6201656414701585
2387.0,-0.6202913113192996
2388.0,-0.6203736962698309
2389.0,-0.6204316823292013
2390.0,-0.6205269101875146
2391.0,-0.6205685413199296
2392.0,-0.6206597144886218
2393.0,-0.6207109500079167
2394.0,-0.6207887034376876
2395.0,-0.6208856553104742
2396.0,-0.6209410888527883
2397.0,-0.6210038263766785
2398.0,-0.6210497576975202
2399.0,-0.621111213210424
2400.0,-0.6211534716961604
2401.0,-0.6212029380868546
2402.0,-0.6212566702358551
2403.0,-0.62131966846096
2404.0,-0.6213951927527323
2405.0,-0.6214518172114301
2406.0,-0.6215268772503897
2407.0,-0.6215911330032937
2408.0,-0.6216590680175713
2409.0,-0.621719170735053
2410.0,-0.6217668083674025
2411.0,-0.6218169212726736
2412.0,-0.6218816823273988
2413.0,-0.6219480947716564
2414.0,-0.6219815141519173
2415.0,-0.6220200979049489
2416.0,-0.6220667724861622
2417.0,-0.6220812936984809
2418.0,-0.6220719484013055
2419.0,-0.6220691636840603
2420.0,-0.6220518696301173
2421.0,-0.6220224059179331
2422.0,-0.6219851413523595
2423.0,-0.6219451383131037
2424.0,-0.6219012663416935
2425.0,-0.621844050043679
2426.0,-0.6218153220733248
2427.0,-0.6217562439901075
2428.0,-0.6217217269035791
2429.0,-0.6216981039643794
2430.0,-0.6216898312298015
2431.0,-0.6217055616714707
2432.0,-0.6217109329630103
2433.0,-0.6217179529355906
2434.0,-0.6217538464206781
2435.0,-0.6217877674434311
2436.0,-0.6218214161751524
2437.0,-0.6218591691751956
2438.0,-0.6219048198433961
2439.0,-0.6219227787563224
2440.0,-0.6219631414789064
2441.0,-0.6219999198198987
2442.0,-0.6220252037181666
2443.0,-0.622062831915002
2444.0,-0.6220461430493444
2445.0,-0.622030074134727
2446.0,-0.6220242770004838
2447.0,-0.6219579034059296
2448.0,-0.6218989130493321
2449.0,-0.6218795729156609
2450.0,-0.6218074447914159
2451.0,-0.6217595372094621
2452.0,-0.621679851159062
2453.0,-0.6216095507146635
2454.0,-0.6214730018883666
2455.0,-0.6213681656272183
2456.0,-0.6211811417900716
2457.0,-0.6210010702463798
2458.0,-0.620780692193376
2459.0,-0.6205692181440964
2460.0,-0.6202341777168605
2461.0,-0.6199681985966721
2462.0,-0.6196707680273906
2463.0,-0.6193819549791835
2464.0,-0.61906179871235
2465.0,-0.6187365856271753
2466.0,-0.618462395625685
2467.0,-0.6181533739205305
2468.0,-0.6178283700897381
2469.0,-0.6175448551498682
2470.0,-0.6172067231487068
2471.0,-0.6169543950873122
2472.0,-0.6167128179173106
2473.0,-0.6164622457181272
2474.0,-0.6162716182159581
2475.0,-0.6160932524891682
2476.0,-0.6158915703881866
2477.0,-0.6157093485788455
2478.0,-0.6155205159852472
2479.0,-0.6153584217701983
2480.0,-0.6152084525648891
2481.0,-0.6150347966748186
2482.0,-0.614872596492534
2483.0,-0.6146771316297021
2484.0,-0.6144985471872886
2485.0,-0.6143036452655382
2486.0,-0.6140828032120483
2487.0,-0.6138745870522982
2488.0,-0.6136924157011416
2489.0,-0.6134767068106921
2490.0,-0.6132862364512963
2491.0,-0.6130932468095709
2492.0,-0.6128852402111272
2493.0,-0.6126992446303533
2494.0,-0.6125347293000664
2495.0,-0.6123384670953311
2496.0,-0.6121530281988279
2497.0,-0.6119437093390435
2498.0,-0.6117229246475142
2499.0,-0.6114516852195607
2500.0,-0.6112139178624596
2501.0,-0.6109173244356376
2502.0,-0.6105362365498338
2503.0,-0.6101132505585538
2504.0,-0.6096550181040769
2505.0,-0.6091098345291095
2506.0,-0.6085310448882193
2507.0,-0.6078650489512109
2508.0,-0.607152360625606
2509.0,-0.6064039891031082
2510.0,-0.6056778489531742
2511.0,-0.6049263179950046
2512.0,-0.6041772516540882
2513.0,-0.6034399573736985
2514.0,-0.6027555069588336
2515.0,-0.6020485277648373
2516.0,-0.6013627165867397
2517.0,-0.6006908816488006
2518.0,-0.60009217794534
2519.0,-0.5995654987074801
2520.0,-0.5991241705286592
2521.0,-0.5987242099124691
2522.0,-0.5983701141933717
2523.0,-0.5981352875337055
2524.0,-0.597847083246439
2525.0,-0.5975975695254984
2526.0,-0.5974325077191545
2527.0,-0.5972047259666636
2528.0,-0.5970374804019395
2529.0,-0.5967970239743231
2530.0,-0.5966209679130199
2531.0,-0.5963448733651563
2532.0,-0.5961292718742212
2533.0,-0.5958780621068279
2534.0,-0.5955380124329813
2535.0,-0.5952406474671834
2536.0,-0.5948608340863343
2537.0,-0.5944103651941436
2538.0,-0.5941021357233333
2539.0,-0.5936200341926041
2540.0,-0.5933247152672951
2541.0,-0.5929719182267958
2542.0,-0.5927408191005923
2543.0,-0.5924069181066041
2544.0,-0.5922067540975557
2545.0,-0.5919483640413554
2546.0,-0.5918101695012274
2547.0,-0.5916884090603066
2548.0,-0.5916482208359943
2549.0,-0.5916787723977645
2550.0,-0.5917517311642817
2551.0,-0.5919002639366865
2552.0,-0.5921138720571458
2553.0,-0.5923046168958848
2554.0,-0.5925407440850466
2555.0,-0.5927002089876698
2556.0,-0.5929158119209538
2557.0,-0.5930903838788587
2558.0,-0.593255836936316
2559.0,-0.5933669721316353
2560.0,-0.5934360353328468
2561.0,-0.5935345893534877
2562.0,-0.5936089853895773
2563.0,-0.5936436373506742
2564.0,-0.5936681635307449
2565.0,-0.5936710674718597
2566.0,-0.5936466020555804
2567.0,-0.5936430113768824
2568.0,-0.5936600276442004
2569.0,-0.5936824179230813
2570.0,-0.593678823088611
2571.0,-0.5937001875938018
2572.0,-0.5937586393828721
2573.0,-0.5938214755557413
2574.0,-0.5938789809417225
2575.0,-0.5939748284963795
2576.0,-0.5940806336859495
2577.0,-0.5941934262891222
2578.0,-0.5942827312548253
2579.0,-0.5943679163433718
2580.0,-0.5944673973572971
2581.0,-0.5945414951311341
2582.0,-0.5946887542999488
2583.0,-0.5948252145493325
2584.0,-0.5949228918236534
2585.0,-0.5950522289845873
2586.0,-0.5951538799266709
2587.0,-0.5952341847268477
2588.0,-0.5952855503832486
2589.0,-0.5953547273550954
2590.0,-0.5954119902611766
2591.0,-0.5954287806401385
2592.0,-0.595404200917164
2593.0,-0.5953662490209376
2594.0,-0.5953306046577043
2595.0,-0.5952962868271371
2596.0,-0.5952804822105708
2597.0,-0.5953544727769069
2598.0,-0.5953693539281334
2599.0,-0.5953633256625992
2600.0,-0.5953081224805181
2601.0,-0.5952695885870459
2602.0,-0.5952492204642423
2603.0,-0.5951796860692216
2604.0,-0.595073110740339
2605.0,-0.5949439496969218
2606.0,-0.5947444496926564
2607.0,-0.5944749667164556
2608.0,-0.5941739980767385
2609.0,-0.5938130626311942
2610.0,-0.5934323978822686
2611.0,-0.5930243943105004
2612.0,-0.592483777876215
2613.0,-0.5920834315653835
2614.0,-0.5914848735316395
2615.0,-0.5911142302244493
2616.0,-0.5907431144805676
2617.0,-0.5903405221861712
2618.0,-0.5900721891513032
2619.0,-0.589746172332577
2620.0,-0.5895157432494603
2621.0,-0.5892004564333366
2622.0,-0.5890024493393495
2623.0,-0.5887136586922558
2624.0,-0.5885289660473194
2625.0,-0.5883847501590017
2626.0,-0.5882388403491214
2627.0,-0.5881064667019685
2628.0,-0.587992720997756
2629.0,-0.5879022168781695
2630.0,-0.587800222894348
2631.0,-0.5877429987839061
2632.0,-0.5876894531896358
2633.0,-0.5876525088481414
2634.0,-0.5876181512749568
2635.0,-0.5875216601909449
2636.0,-0.5874597240880405
2637.0,-0.5873220258452192
2638.0,-0.587182476572705
2639.0,-0.5869458031790397
2640.0,-0.5866582943887116
2641.0,-0.5863054619893147
2642.0,-0.5858851122403863
2643.0,-0.5854003380714873
2644.0,-0.5848153367690619
2645.0,-0.5841898134626647
2646.0,-0.5835205453230421
2647.0,-0.5827883824818001
2648.0,-0.5820179278333132
2649.0,-0.5811678181389867
2650.0,-0.5802493201217515
2651.0,-0.5793839775363279
2652.0,-0.5785284304167123
2653.0,-0.5776987826325214
2654.0,-0.5768750153229528
2655.0,-0.5760604733897952
2656.0,-0.5754522154266045
2657.0,-0.5747426083053074
2658.0,-0.5742545028752729
2659.0,-0.5735963156967188
2660.0,-0.5730854579184436
2661.0,-0.572479534144803
2662.0,-0.5720248226735921
2663.0,-0.5714771002057362
2664.0,-0.571074057177892
2665.0,-0.570585386092378
2666.0,-0.5702311965927321
2667.0,-0.5698900294236204
2668.0,-0.5695465034133875
2669.0,-0.5692063537591151
2670.0,-0.5688644710239015
2671.0,-0.5685045111958246
2672.0,-0.5681566783766883
2673.0,-0.5677822012459034
2674.0,-0.5674399322841583
2675.0,-0.5670085501177324
2676.0,-0.5665676597659378
2677.0,-0.5661176633024991
2678.0,-0.565625624242589
2679.0,-0.5651217248900786
2680.0,-0.5645815865719223
2681.0,-0.5640061920938761
2682.0,-0.5634176277043039
2683.0,-0.5628272939676635
2684.0,-0.5620612669757185
2685.0,-0.5614545610488277
2686.0,-0.5608871791932027
2687.0,-0.5601943633236749
2688.0,-0.5597569232086418
2689.0,-0.5592475165247286
2690.0,-0.5589397021880056
2691.0,-0.5586274325430602
2692.0,-0.5583897271158821
2693.0,-0.5582414893988255
2694.0,-0.5581424868772075
2695.0,-0.5581107337920042
2696.0,-0.5581911361891494
2697.0,-0.5583033594659581
2698.0,-0.5584027533806698
2699.0,-0.5585266989693999
2700.0,-0.5585814036644665
2701.0,-0.5586350942822376
2702.0,-0.5586531614487155
2703.0,-0.5586488777735096
2704.0,-0.558597411131724
2705.0,-0.5584728095530453
2706.0,-0.5583016560603192
2707.0,-0.5581066130745838
2708.0,-0.5578964333553666
2709.0,-0.5577242458353664
2710.0,-0.5575000794879482
2711.0,-0.5572598174494443
2712.0,-0.5570817372092236
2713.0,-0.5569098727338521
2714.0,-0.556747060091331
2715.0,-0.5566241062900879
2716.0,-0.5565092548439386
2717.0,-0.5564142545951578
2718.0,-0.5563524912231196
2719.0,-0.5563637773935454
2720.0,-0.5563157347073765
2721.0,-0.5562742763887782
2722.0,-0.5562719036673427
2723.0,-0.5562400560947209
2724.0,-0.5562130734188215
2725.0,-0.5561143537341054
2726.0,-0.5560700733063787
2727.0,-0.5559979623835685
2728.0,-0.5559407857336306
2729.0,-0.5558579887063451
2730.0,-0.5557646961661439
2731.0,-0.5556064699235016
2732.0,-0.5554832052191262
2733.0,-0.5552805469412888
2734.0,-0.555127647281528
2735.0,-0.5548845934231167
2736.0,-0.5546930454113304
2737.0,-0.5544407642755054
2738.0,-0.5542401610973855
2739.0,-0.5540213785264512
2740.0,-0.5538958015312871
2741.0,-0.5537453481736517
2742.0,-0.5535420731858628
2743.0,-0.5535079716538234
2744.0,-0.5533500540181286
2745.0,-0.5533459283968987
2746.0,-0.5533283184670268
2747.0,-0.5533241254371241
2748.0,-0.5532964721719467
2749.0,-0.553183640100564
2750.0,-0.5530790174882614
2751.0,-0.5529496006647208
2752.0,-0.552725934601622
2753.0,-0.5525284543809824
2754.0,-0.5522072358866302
2755.0,-0.5519470740355757
2756.0,-0.5515396272011173
2757.0,-0.5511701345040078
2758.0,-0.550784055155094
2759.0,-0.5503641434601405
2760.0,-0.5498855907562552
2761.0,-0.5495026250157768
2762.0,-0.5491383395522682
2763.0,-0.5487502965882944
2764.0,-0.5483396950595331
2765.0,-0.5480089942212709
2766.0,-0.5476382910788052
2767.0,-0.5473019551104735
2768.0,-0.546900756114933
2769.0,-0.5465480320525001
2770.0,-0.5461104458775222
2771.0,-0.545808107989373
2772.0,-0.5454638000831687
2773.0,-0.5452377823040149
2774.0,-0.5449965456219176
2775.0,-0.5448775370954624
2776.0,-0.5447134795449696
2777.0,-0.5446213232929235
2778.0,-0.5445376357434806
2779.0,-0.5445241669228681
2780.0,-0.5445358658870151
2781.0,-0.5445305958583299
2782.0,-0.544525553631196
2783.0,-0.5444501997880525
2784.0,-0.5443567327776414
2785.0,-0.5441982473685263
2786.0,-0.5439251684816349
2787.0,-0.5435875006310564
2788.0,-0.5431143516508982
2789.0,-0.5426286678716119
2790.0,-0.5419070743601636
2791.0,-0.5412819127683254
2792.0,-0.5403698299292942
2793.0,-0.5393952796537388
2794.0,-0.5384563674650708
2795.0,-0.5375039835549097
2796.0,-0.5365939965838745
2797.0,-0.5357013516551437
2798.0,-0.5348515670378359
2799.0,-0.5342315881880709
2800.0,-0.5335093807856075
2801.0,-0.5329377894263971
2802.0,-0.5322858922869161
2803.0,-0.5317864004818679
2804.0,-0.5312078422574713
2805.0,-0.5307824545124107
2806.0,-0.5303178617858257
2807.0,-0.529849738099621
2808.0,-0.5294147435324527
2809.0,-0.5289696708759724
2810.0,-0.5285195967591553
2811.0,-0.5281197051905053
2812.0,-0.5277353908564962
2813.0,-0.5273724911066074
2814.0,-0.5269722905882092
2815.0,-0.5266393609033432
2816.0,-0.5262203173663107
2817.0,-0.5259412891943825
2818.0,-0.5255089485623342
2819.0,-0.5251666422354382
2820.0,-0.5247964718235513
2821.0,-0.524303136785416
2822.0,-0.5239059343861023
2823.0,-0.5234386708154758
2824.0,-0.522835457283794
2825.0,-0.5224201492387831
2826.0,-0.5218346107908136
2827.0,-0.5214028676451596
2828.0,-0.5208201554719528
2829.0,-0.5204253312633818
2830.0,-0.5199483200745241
2831.0,-0.5196440016956843
2832.0,-0.5193131266326686
2833.0,-0.5190717814319032
2834.0,-0.5189568577117524
2835.0,-0.5188024388583652
2836.0,-0.5187289236864454
2837.0,-0.5186703539242705
2838.0,-0.5187364953554501
2839.0,-0.51877750813641
2840.0,-0.5188880160862814
2841.0,-0.5190083998127984
2842.0,-0.5191401546078476
2843.0,-0.5192476705522995
2844.0,-0.5194001447885724
2845.0,-0.5195488170170871
2846.0,-0.5196616428539995
2847.0,-0.5197783822629353
2848.0,-0.5199437897310834
2849.0,-0.5201295145685685
2850.0,-0.5202055861221108
2851.0,-0.5203309773335912
2852.0,-0.5204922001374647
2853.0,-0.5206344441482508
2854.0,-0.520794154163896
2855.0,-0.5209438043301118
2856.0,-0.5210661561954076
2857.0,-0.5212429625307118
2858.0,-0.5213968459196743
2859.0,-0.5216019569411612
2860.0,-0.5217036651039567
2861.0,-0.5218311698450876
2862.0,-0.5219764472726497
2863.0,-0.5221063691677015
2864.0,-0.5222270950346999
2865.0,-0.5223213633768388
2866.0,-0.5224533498320876
2867.0,-0.5225975022899877
2868.0,-0.5227756023234339
2869.0,-0.5230366129197297
2870.0,-0.5233239869102057
2871.0,-0.523616953063907
2872.0,-0.5239570781438068
2873.0,-0.52435022013614
2874.0,-0.5247012988248236
2875.0,-0.5251022969826669
2876.0,-0.5256075422374262
2877.0,-0.5259558492142232
2878.0,-0.5263190234573516
2879.0,-0.5266202356908969
2880.0,-0.5268733748907249
2881.0,-0.5270800940878412
2882.0,-0.527210848413103
2883.0,-0.5273476933562053
2884.0,-0.5274459751969106
2885.0,-0.5275034089835453
2886.0,-0.5275028611726186
2887.0,-0.5275441658365456
2888.0,-0.5275793568049375
2889.0,-0.527608552903412
2890.0,-0.5276491062789879
2891.0,-0.5277802779256956
2892.0,-0.5278849881011642
2893.0,-0.528054797469925
2894.0,-0.5282699005480608
2895.0,-0.5284743782934661
2896.0,-0.5286858828483402
2897.0,-0.5288001393315817
2898.0,-0.5289299457552366
2899.0,-0.5289360763372896
2900.0,-0.5290667505512894
2901.0,-0.5291766379112123
2902.0,-0.5292783587980426
2903.0,-0.5293296430108005
2904.0,-0.5293217065972783
2905.0,-0.5292997310285166
2906.0,-0.5292612035490961
2907.0,-0.5292771402720087
2908.0,-0.5293496622773931
2909.0,-0.5295496021869016
2910.0,-0.5296741799525256
2911.0,-0.5300923696198941
2912.0,-0.5306555119529058
2913.0,-0.5312450656242459
2914.0,-0.5322174419628884
2915.0,-0.5332483783729827
2916.0,-0.5342362551736894
2917.0,-0.5352069751078703
2918.0,-0.5361871913007678
2919.0,-0.5370667401079958
2920.0,-0.5379172255185076
2921.0,-0.5386128975080212
2922.0,-0.5392894116384219
2923.0,-0.5398478820576882
2924.0,-0.5404142756759429
2925.0,-0.5409667888266949
2926.0,-0.5414787660973914
2927.0,-0.5419532453945688
2928.0,-0.542487331467602
2929.0,-0.5429869278014633
2930.0,-0.5435496167086002
2931.0,-0.5441282333068362
2932.0,-0.5446095821148326
2933.0,-0.5450312566012052
2934.0,-0.5455418398159644
2935.0,-0.5459889751880042
2936.0,-0.5465159641125691
2937.0,-0.5469295650384799
2938.0,-0.5474122234836957
2939.0,-0.5479000434277992
2940.0,-0.5484120496419435
2941.0,-0.5488936212771293
2942.0,-0.5493510774252471
2943.0,-0.5499537337534671
2944.0,-0.5508631614544632
2945.0,-0.551641799100742
2946.0,-0.5528326004023384
2947.0,-0.5536250945660739
2948.0,-0.5551303621963329
2949.0,-0.5560101038970408
2950.0,-0.5576132915951288
2951.0,-0.5585230564850893
2952.0,-0.5593266036459335
2953.0,-0.5600698416712762
2954.0,-0.5607481715022058
2955.0,-0.5612433524455841
2956.0,-0.5617856671547049
2957.0,-0.5622159111906416
2958.0,-0.5625273676574126
2959.0,-0.5627562965759748
2960.0,-0.5629281426171997
2961.0,-0.5632407966977485
2962.0,-0.5633943464321348
2963.0,-0.5636313508719792
2964.0,-0.5637496128791416
2965.0,-0.5640180461314801
2966.0,-0.5640900526124717
2967.0,-0.5641401233454728
2968.0,-0.5641992128756529
2969.0,-0.5643160833640466
2970.0,-0.5644811875147531
2971.0,-0.5645923519526163
2972.0,-0.5647540833686756
2973.0,-0.5649198047593915
2974.0,-0.565231142985631
2975.0,-0.5654758651626012
2976.0,-0.5658550266125817
2977.0,-0.5661239995723244
2978.0,-0.566532695726178
2979.0,-0.5669341775731646
2980.0,-0.5672967040632546
2981.0,-0.5675621864388544
2982.0,-0.5677426871272393
2983.0,-0.5676642206744579
2984.0,-0.5674794640194536
2985.0,-0.5670946428357418
2986.0,-0.5666639198383694
2987.0,-0.5660091587927543
2988.0,-0.565555363096355
2989.0,-0.5648273768490841
2990.0,-0.5644302665733898
2991.0,-0.5637590499948842
2992.0,-0.563155423389192
2993.0,-0.5628064503105803
2994.0,-0.5621022893913674
2995.0,-0.5618126365426608
2996.0,-0.5614552118633181
2997.0,-0.5612094570816425
2998.0,-0.5610638224899209
2999.0,-0.5610401055160881
3000.0,-0.5611104027188856
