"Iteration","CpT_flap2 Monitor: CpT_flap2 Monitor"
1.0,6.697522220969247
2.0,5.458138947516977
3.0,2.5581640188162704
4.0,-0.862128198035333
5.0,-0.8431127667562798
6.0,-0.8384884963468129
7.0,-1.1459357542576294
8.0,-1.227800745764853
9.0,-1.6374584924021185
10.0,-1.9416085114604833
11.0,-1.785964196972306
12.0,-1.6672004992316598
13.0,-1.1245892851999129
14.0,-1.061610806153511
15.0,-0.20702948678398272
16.0,-0.15994398036724117
17.0,-0.05886045099812004
18.0,-0.0011096254275630116
19.0,0.09499117753030958
20.0,0.08662118087954615
21.0,-0.02541051471635725
22.0,-0.05850879472060446
23.0,-0.43749634888459255
24.0,-0.4577590659847215
25.0,-0.47193398778777385
26.0,-0.5231311375045044
27.0,-0.5322601754816342
28.0,-0.5282299229169102
29.0,-0.520313035959183
30.0,-0.48953055807669577
31.0,-0.4736597481968722
32.0,-0.4515323161854295
33.0,-0.40564488689357014
34.0,-0.3850871015391719
35.0,-0.31007416242027475
36.0,-0.2956066619215955
37.0,-0.2818756077672338
38.0,-0.26948046794686187
39.0,-0.24935295689542553
40.0,-0.24333567661669742
41.0,-0.2415001975117841
42.0,-0.2435422243774988
43.0,-0.24863258822282983
44.0,-0.2565463622843332
45.0,-0.2659132130045005
46.0,-0.28640780453558495
47.0,-0.2983570030493454
48.0,-0.31944638056269825
49.0,-0.3331550722842527
50.0,-0.3480516684172295
51.0,-0.3539934188221313
52.0,-0.35808806332815
53.0,-0.3606099121446969
54.0,-0.3603147269952952
55.0,-0.35780640608551145
56.0,-0.3543998537192959
57.0,-0.34868327376467423
58.0,-0.34169289818716764
59.0,-0.3360127706297012
60.0,-0.3277873283501448
61.0,-0.3181337935672935
62.0,-0.30751078646359703
63.0,-0.299887264858636
64.0,-0.28985271830383186
65.0,-0.28268078582721823
66.0,-0.2756620298441076
67.0,-0.2699644415595507
68.0,-0.26416448125929
69.0,-0.26141371992872287
70.0,-0.2603646322543475
71.0,-0.2607981930964236
72.0,-0.2627047471382044
73.0,-0.2669598141363309
74.0,-0.271533932729437
75.0,-0.27893329029478975
76.0,-0.2871748158170437
77.0,-0.2956843890882629
78.0,-0.3040469245616644
79.0,-0.3120604602629717
80.0,-0.3193951667993192
81.0,-0.3241628082380073
82.0,-0.32968297222533827
83.0,-0.33261543236951474
84.0,-0.3350510323768478
85.0,-0.3362087375985724
86.0,-0.33678919128728046
87.0,-0.33632184591199105
88.0,-0.3347887380185635
89.0,-0.3313576270828461
90.0,-0.32790686196967295
91.0,-0.321596430706078
92.0,-0.31413216661733967
93.0,-0.3059404155058673
94.0,-0.2978637049280631
95.0,-0.2895151435260185
96.0,-0.28219627447540524
97.0,-0.2760680836050468
98.0,-0.27100101231683343
99.0,-0.2664807171009767
100.0,-0.26337581438784735
101.0,-0.2615289333493734
102.0,-0.26048775177355776
103.0,-0.2606048713969401
104.0,-0.26034777616365884
105.0,-0.2600015525223307
106.0,-0.2576926898117144
107.0,-0.2554693728453927
108.0,-0.2443465383981822
109.0,-0.2416229396697482
110.0,-0.23288270246262907
111.0,-0.22809783451686882
112.0,-0.22079472420918933
113.0,-0.21909922021873876
114.0,-0.21661770446340842
115.0,-0.21633628965227095
116.0,-0.21792728480649404
117.0,-0.21760719653611985
118.0,-0.21735528031266438
119.0,-0.21750305794935304
120.0,-0.21948872276159642
121.0,-0.2211491023697598
122.0,-0.22428151623652148
123.0,-0.2294038811373518
124.0,-0.23338222845680093
125.0,-0.23960706712925495
126.0,-0.24379704617654444
127.0,-0.2498105798992852
128.0,-0.2565525285020678
129.0,-0.2626090609027555
130.0,-0.27362131308661874
131.0,-0.27743079626737516
132.0,-0.2937098693480455
133.0,-0.29798605570304254
134.0,-0.3069462297713543
135.0,-0.3120007676025407
136.0,-0.31883709545666644
137.0,-0.3240570057051113
138.0,-0.3306064240933209
139.0,-0.3348777535896879
140.0,-0.3387037051589112
141.0,-0.34255458640303843
142.0,-0.34417407272738587
143.0,-0.3451841283845189
144.0,-0.3450666239245827
145.0,-0.34407630111248466
146.0,-0.34222179492654003
147.0,-0.33680855121069153
148.0,-0.333593326661137
149.0,-0.3297973520485641
150.0,-0.3254715381730418
151.0,-0.31994366449527933
152.0,-0.31618729585045724
153.0,-0.3136507655278746
154.0,-0.3118030483905716
155.0,-0.3106508330243696
156.0,-0.31046720074604406
157.0,-0.31122790550904755
158.0,-0.31281833200284853
159.0,-0.3152361714054769
160.0,-0.3182827266116545
161.0,-0.32198318045314694
162.0,-0.32630012081906284
163.0,-0.3310946604177558
164.0,-0.33617262126114644
165.0,-0.341425653262818
166.0,-0.34965716954768783
167.0,-0.3539932412870636
168.0,-0.35808615186393
169.0,-0.36174223989303145
170.0,-0.3648700787818547
171.0,-0.36760165909312514
172.0,-0.36966540836160167
173.0,-0.3715295581967081
174.0,-0.37307110508084584
175.0,-0.37442769321788094
176.0,-0.3756016950587641
177.0,-0.37672230036509136
178.0,-0.37800036631523426
179.0,-0.37891754202093836
180.0,-0.38048922666801327
181.0,-0.38184575119733694
182.0,-0.38469707439308615
183.0,-0.3863513925409865
184.0,-0.38855657359131546
185.0,-0.39154030475122553
186.0,-0.39400399399114794
187.0,-0.39687498778167646
188.0,-0.3999854731267336
189.0,-0.40337312064687486
190.0,-0.4068388290014131
191.0,-0.41023253512412855
192.0,-0.4136615855579821
193.0,-0.4189586884083305
194.0,-0.4217093835426497
195.0,-0.4258646062276088
196.0,-0.4278480147616989
197.0,-0.4303378719644864
198.0,-0.43144062052245136
199.0,-0.43242060098435975
200.0,-0.43223397679482234
201.0,-0.4313704623535118
202.0,-0.4298396136805015
203.0,-0.42778709334777865
204.0,-0.42547768367761213
205.0,-0.42321588595375137
206.0,-0.4210203368322423
207.0,-0.419108471181577
208.0,-0.41747573723664266
209.0,-0.4165043082909035
210.0,-0.41591378123137274
211.0,-0.41600158638590784
212.0,-0.4166185829120681
213.0,-0.4178440186353679
214.0,-0.420433890652825
215.0,-0.42214973762677577
216.0,-0.424153096796096
217.0,-0.42647047986092207
218.0,-0.4298686128032136
219.0,-0.43161118065024456
220.0,-0.4338936129463891
221.0,-0.4362027961913342
222.0,-0.43880267954843405
223.0,-0.44132365610965146
224.0,-0.4442263041818514
225.0,-0.44704003877087195
226.0,-0.4489331634164456
227.0,-0.4523141214048901
228.0,-0.45434891563567054
229.0,-0.45813285003173965
230.0,-0.4602157200584477
231.0,-0.46316833671204666
232.0,-0.46597047631664285
233.0,-0.46941921387324104
234.0,-0.4723019862570671
235.0,-0.47476615452124366
236.0,-0.4769104859705076
237.0,-0.4788203136906257
238.0,-0.4801597797288993
239.0,-0.4814119492255051
240.0,-0.48252848483788624
241.0,-0.48397716351907194
242.0,-0.48507646929163756
243.0,-0.4864263527557929
244.0,-0.48788071552889034
245.0,-0.4894086510975864
246.0,-0.4911591645133999
247.0,-0.49306234176943525
248.0,-0.4951469487125077
249.0,-0.4975444782787904
250.0,-0.5001652624773956
251.0,-0.5037297133251439
252.0,-0.5063683884749822
253.0,-0.5094348345590052
254.0,-0.512562470567194
255.0,-0.515843120519736
256.0,-0.5193236212258294
257.0,-0.522755061649684
258.0,-0.5260956021566897
259.0,-0.5293919802439919
260.0,-0.5334630397238703
261.0,-0.5359343164351742
262.0,-0.5394642911778362
263.0,-0.540891578313022
264.0,-0.5421165919081786
265.0,-0.5429672805459468
266.0,-0.5433508116127975
267.0,-0.5433826840716982
268.0,-0.5432929087012637
269.0,-0.5428184671997625
270.0,-0.5417965109334455
271.0,-0.5409177363142902
272.0,-0.5395689575467126
273.0,-0.5387292951533313
274.0,-0.5376506593710658
275.0,-0.5371192307302763
276.0,-0.5363795838417186
277.0,-0.5361841209101
278.0,-0.5360441148484073
279.0,-0.5358421725053729
280.0,-0.5359081132122063
281.0,-0.5360940732633687
282.0,-0.5363970486609617
283.0,-0.5368595502204317
284.0,-0.5374921508796692
285.0,-0.5382437774662358
286.0,-0.5389481569309644
287.0,-0.5396915654433814
288.0,-0.5404141104587243
289.0,-0.5411203381609907
290.0,-0.5416929372939908
291.0,-0.5426726519916256
292.0,-0.5431974722195997
293.0,-0.5440060679224012
294.0,-0.5439792624892992
295.0,-0.5439583407012895
296.0,-0.5438473442569056
297.0,-0.5437020278958472
298.0,-0.543271513585808
299.0,-0.5429613743239675
300.0,-0.5421513119364161
301.0,-0.5419354569764078
302.0,-0.5411278731532011
303.0,-0.5408973119243322
304.0,-0.5405638116568406
305.0,-0.5398260130143423
306.0,-0.5396771750520908
307.0,-0.5399805921592772
308.0,-0.5407406133508379
309.0,-0.5428667237460513
310.0,-0.5437351146013335
311.0,-0.5458730365521568
312.0,-0.5493955619967964
313.0,-0.5532050896256855
314.0,-0.5559647598616722
315.0,-0.5636113777667839
316.0,-0.564909152480071
317.0,-0.5672987689023202
318.0,-0.5714895214653319
319.0,-0.5723837465142071
320.0,-0.5758158429075789
321.0,-0.575985413264065
322.0,-0.5764218242849578
323.0,-0.5762811431885411
324.0,-0.5725275080216173
325.0,-0.5723709544171744
326.0,-0.5718621506712044
327.0,-0.5709768806180409
328.0,-0.5673094880195586
329.0,-0.5672609726504996
330.0,-0.5674583961505714
331.0,-0.5677585265329437
332.0,-0.56849419038186
333.0,-0.5688153029743341
334.0,-0.5716896631635994
335.0,-0.5720819094679068
336.0,-0.5736154267784771
337.0,-0.5752670627344479
338.0,-0.5784214674867417
339.0,-0.5789667873065744
340.0,-0.5858878049377534
341.0,-0.5862706516027303
342.0,-0.5873647807869776
343.0,-0.5877263731487721
344.0,-0.5894805125778365
345.0,-0.5897274517836925
346.0,-0.5913377059337855
347.0,-0.5915492077396521
348.0,-0.5928225193318201
349.0,-0.5929995371892449
350.0,-0.5937652055491677
351.0,-0.5944456405538859
352.0,-0.5952202053875671
353.0,-0.5963205638442104
354.0,-0.5965720104416263
355.0,-0.5983674390377524
356.0,-0.598689312114488
357.0,-0.5994082844729559
358.0,-0.6002531522836219
359.0,-0.6016802218966656
360.0,-0.602479095167128
361.0,-0.604229846117994
362.0,-0.6050895508310086
363.0,-0.6076583040890382
364.0,-0.6083375715161227
365.0,-0.6092457071240609
366.0,-0.6103150806171805
367.0,-0.6120962917758558
368.0,-0.6128672717722972
369.0,-0.6149165546390813
370.0,-0.6154588762915517
371.0,-0.6162038903528491
372.0,-0.6173815443804936
373.0,-0.6179432840425849
374.0,-0.6192794611275074
375.0,-0.6197464269117763
376.0,-0.6207930839022093
377.0,-0.6213265290342194
378.0,-0.6224862155008155
379.0,-0.6230423130760728
380.0,-0.6244864066139982
381.0,-0.6249583194181353
382.0,-0.6260039621168615
383.0,-0.6266571487845719
384.0,-0.6284108714681581
385.0,-0.6289808820213614
386.0,-0.6306759975409443
387.0,-0.6312667868834307
388.0,-0.632977407263755
389.0,-0.633568042585276
390.0,-0.635222019968445
391.0,-0.6357965354439352
392.0,-0.637427679006722
393.0,-0.6379545977478417
394.0,-0.6397446724460796
395.0,-0.640208087368927
396.0,-0.6411324593229994
397.0,-0.6420713087572978
398.0,-0.6430663580759179
399.0,-0.6440832618048559
400.0,-0.6454278923931216
401.0,-0.6459478756099095
402.0,-0.6473935537540721
403.0,-0.6479073302945506
404.0,-0.6494593272775789
405.0,-0.6499571905458968
406.0,-0.6510855287077448
407.0,-0.6516955370892089
408.0,-0.6535435299998923
409.0,-0.6538993496469849
410.0,-0.654665891181383
411.0,-0.6560168939472184
412.0,-0.6566203275302094
413.0,-0.6585361857231388
414.0,-0.6587526054761834
415.0,-0.6603691459793042
416.0,-0.6605501971964796
417.0,-0.6624970708009917
418.0,-0.6628509382953262
419.0,-0.6633728880676001
420.0,-0.6643835349834719
421.0,-0.6654981850901618
422.0,-0.6659228932001041
423.0,-0.6673639028863619
424.0,-0.6677149685077266
425.0,-0.6684844974357946
426.0,-0.66956142018203
427.0,-0.670021365788985
428.0,-0.6723806414426978
429.0,-0.6727189467149522
430.0,-0.673346111627006
431.0,-0.6743268402240525
432.0,-0.6752823589460492
433.0,-0.6762326256436321
434.0,-0.6773879104680286
435.0,-0.6777720394653982
436.0,-0.6794999103665041
437.0,-0.6798126047427467
438.0,-0.6804966850495296
439.0,-0.6817657241945656
440.0,-0.6828692600776795
441.0,-0.6832388782282955
442.0,-0.6852091982840873
443.0,-0.685508301465015
444.0,-0.6864047696136122
445.0,-0.687307887060061
446.0,-0.6882427437147386
447.0,-0.6891517477756244
448.0,-0.6900976971755847
449.0,-0.6910412887195158
450.0,-0.6919583458113503
451.0,-0.6929371024259121
452.0,-0.6939368508174819
453.0,-0.6942916042735369
454.0,-0.6965745819252441
455.0,-0.6968407103265344
456.0,-0.6972233758331019
457.0,-0.6982751270831278
458.0,-0.6992810797991684
459.0,-0.7003059931573041
460.0,-0.7006292978706729
461.0,-0.7027806174992834
462.0,-0.7030052027118276
463.0,-0.7033413433084182
464.0,-0.7043385162964535
465.0,-0.7053105235366299
466.0,-0.705639097098853
467.0,-0.7080012009974661
468.0,-0.7081808786263274
469.0,-0.7084692972675009
470.0,-0.7091002866450046
471.0,-0.7100685635304448
472.0,-0.7113030243036507
473.0,-0.7115775921801618
474.0,-0.7136133374502436
475.0,-0.7137909502491172
476.0,-0.7140713763573585
477.0,-0.714952902897347
478.0,-0.7157612490074954
479.0,-0.716034946973245
480.0,-0.7180698894407134
481.0,-0.718224319025824
482.0,-0.7184799831669869
483.0,-0.7193340662188165
484.0,-0.7202301832064427
485.0,-0.7210654488021871
486.0,-0.7213304809176226
487.0,-0.7236204538711921
488.0,-0.7237413498097957
489.0,-0.7239670494328978
490.0,-0.7245102224082683
491.0,-0.7254162020646572
492.0,-0.7256812222275977
493.0,-0.7274830497513723
494.0,-0.7276328966208602
495.0,-0.7280959770808045
496.0,-0.7286881335525129
497.0,-0.7302910694120432
498.0,-0.7304630025390959
499.0,-0.7309862800127904
500.0,-0.7319834546491385
501.0,-0.7322539000797608
502.0,-0.7344655821211374
503.0,-0.7345621534041478
504.0,-0.7347478509931096
505.0,-0.7351926263777546
506.0,-0.7359738340046394
507.0,-0.7362057991855588
508.0,-0.7381419810220501
509.0,-0.7382568246467415
510.0,-0.7386337824065198
511.0,-0.7391690122064908
512.0,-0.7404916684900175
513.0,-0.7406807250366787
514.0,-0.7423693377823879
515.0,-0.742493042065558
516.0,-0.742935287262558
517.0,-0.7437440365700374
518.0,-0.7445375444790914
519.0,-0.7449937773472392
520.0,-0.74651091402635
521.0,-0.7466247607529272
522.0,-0.7470382196620828
523.0,-0.7481394766586871
524.0,-0.7483186532491108
525.0,-0.7503210825758337
526.0,-0.7504088516199493
527.0,-0.7507593417283159
528.0,-0.7514791190247918
529.0,-0.7521708178347551
530.0,-0.7529092203232802
531.0,-0.7536501305358608
532.0,-0.754429584561617
533.0,-0.7551887261292216
534.0,-0.7556556766367105
535.0,-0.7575907951192519
536.0,-0.7577103208256348
537.0,-0.758062290264968
538.0,-0.7587278403693316
539.0,-0.759170053078312
540.0,-0.7606998594806174
541.0,-0.7608181534751689
542.0,-0.7615145898744294
543.0,-0.7623210843677232
544.0,-0.7631227634590799
545.0,-0.763920916681437
546.0,-0.7647250512985391
547.0,-0.7654794321425625
548.0,-0.7662772570294476
549.0,-0.7670736751530407
550.0,-0.7678394371640186
551.0,-0.768595786139003
552.0,-0.7693472308118513
553.0,-0.7700807331858874
554.0,-0.7708528189613522
555.0,-0.7715813191216148
556.0,-0.772340670992255
557.0,-0.7730890767986344
558.0,-0.7738896747460529
559.0,-0.7746613103726268
560.0,-0.7754664710433641
561.0,-0.7762296366241875
562.0,-0.777035106444968
563.0,-0.7778483878292873
564.0,-0.7786401902102288
565.0,-0.7794201698002272
566.0,-0.7801949367023573
567.0,-0.7809873880967222
568.0,-0.7817655352371966
569.0,-0.7825417043493924
570.0,-0.7836547546430027
571.0,-0.7839197100326559
572.0,-0.7851319228664896
573.0,-0.7855194213384772
574.0,-0.7864780141326324
575.0,-0.7875256326142996
576.0,-0.7880772190212236
577.0,-0.7890060905901569
578.0,-0.7898495708843016
579.0,-0.7906734140413352
580.0,-0.791546051492041
581.0,-0.7923762607893173
582.0,-0.7931946137889421
583.0,-0.7940328528498476
584.0,-0.7945595615469727
585.0,-0.7956497791023449
586.0,-0.7965520056819893
587.0,-0.7974321945423603
588.0,-0.7981160665092684
589.0,-0.7988922942437118
590.0,-0.7998625795858649
591.0,-0.8004088228473669
592.0,-0.8015092204469842
593.0,-0.8020564834173681
594.0,-0.803200912099697
595.0,-0.8037567132942024
596.0,-0.8048771049319218
597.0,-0.8054448596318649
598.0,-0.8061745657175885
599.0,-0.8073883136714719
600.0,-0.8083022303446831
601.0,-0.808988479724962
602.0,-0.8097467179221856
603.0,-0.810455198084629
604.0,-0.8113749508828924
605.0,-0.811994971089761
606.0,-0.8126964599545695
607.0,-0.8135761000912203
608.0,-0.8142005067898136
609.0,-0.8148839297718617
610.0,-0.8157466610696895
611.0,-0.8163502207060299
612.0,-0.8173826968948552
613.0,-0.8179155077260064
614.0,-0.8185355282858332
615.0,-0.8195243824738206
616.0,-0.8198441821031521
617.0,-0.8208671348672681
618.0,-0.82145222896584
619.0,-0.8221253520800176
620.0,-0.8231380328029676
621.0,-0.8234541367306855
622.0,-0.8244822086645053
623.0,-0.8250240720211743
624.0,-0.8256845454022679
625.0,-0.8266423078688871
626.0,-0.8269577727036695
627.0,-0.8279172195273197
628.0,-0.828456485997079
629.0,-0.8290535773290245
630.0,-0.8299787893072961
631.0,-0.8304540462047063
632.0,-0.8310304262841177
633.0,-0.8319291225161253
634.0,-0.8324105577856054
635.0,-0.8332410279065552
636.0,-0.8337374992363653
637.0,-0.8345555663855561
638.0,-0.8350501630552917
639.0,-0.8358444456718092
640.0,-0.8363277270802381
641.0,-0.8370970233268965
642.0,-0.8375761482379476
643.0,-0.8383373989539041
644.0,-0.8388272792861221
645.0,-0.8395902985667969
646.0,-0.8402944812946759
647.0,-0.8407235764178229
648.0,-0.8414528355693107
649.0,-0.8421272354038103
650.0,-0.8425682990221103
651.0,-0.8432909349476143
652.0,-0.8439656609482367
653.0,-0.8445757190928385
654.0,-0.8451695389778522
655.0,-0.8457264673323052
656.0,-0.846278493906924
657.0,-0.8468466143143389
658.0,-0.8474111724436664
659.0,-0.848015705659002
660.0,-0.8486095019604553
661.0,-0.8492148892537958
662.0,-0.8499871783686961
663.0,-0.8503076489024796
664.0,-0.8509918478849304
665.0,-0.8515318806295826
666.0,-0.8522710211238362
667.0,-0.8526089472251517
668.0,-0.8533595762645605
669.0,-0.8537095573997981
670.0,-0.854616819159275
671.0,-0.854901839482505
672.0,-0.8556299987742999
673.0,-0.8559701193437592
674.0,-0.8568812464108801
675.0,-0.8571760047952514
676.0,-0.8578767004375742
677.0,-0.8582251024814526
678.0,-0.8591078356655242
679.0,-0.8594180636529531
680.0,-0.8600335511898376
681.0,-0.8605448976066509
682.0,-0.8612319909539359
683.0,-0.8615530299687729
684.0,-0.862162125931384
685.0,-0.8627079491482892
686.0,-0.8632205672108462
687.0,-0.8639585779954178
688.0,-0.864284872574363
689.0,-0.8648283849602624
690.0,-0.8656014807632719
691.0,-0.8659316827498471
692.0,-0.8664261969384104
693.0,-0.867169327388846
694.0,-0.8674748612646417
695.0,-0.8679781120075051
696.0,-0.8687039127136686
697.0,-0.869018673803121
698.0,-0.869500022187301
699.0,-0.870067557583088
700.0,-0.8705915527645479
701.0,-0.8710948035950813
702.0,-0.871587562434217
703.0,-0.8721041318511087
704.0,-0.872611997752317
705.0,-0.8731233050091374
706.0,-0.8736213685871519
707.0,-0.8741324625627596
708.0,-0.8746216351643294
709.0,-0.8749894636704288
710.0,-0.8755092497429048
711.0,-0.8760495102269914
712.0,-0.8764170757042196
713.0,-0.8769539168523115
714.0,-0.8774803431135944
715.0,-0.8778362974884875
716.0,-0.8783252849699207
717.0,-0.8789110239495925
718.0,-0.8792628207407226
719.0,-0.8797291968079622
720.0,-0.8802557533009328
721.0,-0.8806033513819902
722.0,-0.8810696769720184
723.0,-0.8816369409014381
724.0,-0.8819897302230458
725.0,-0.8824543595758557
726.0,-0.8829736513427388
727.0,-0.8833029857304011
728.0,-0.8837410118907784
729.0,-0.8841097813085993
730.0,-0.8846314319344968
731.0,-0.8849963425038074
732.0,-0.8854612089750153
733.0,-0.8858351915775948
734.0,-0.8863197703407989
735.0,-0.8866833294069267
736.0,-0.8871704897045128
737.0,-0.8875396805465998
738.0,-0.887977293331567
739.0,-0.8883320146960393
740.0,-0.8887787758950784
741.0,-0.8891356103928416
742.0,-0.8895856273778865
743.0,-0.8899456066507697
744.0,-0.8903725855650446
745.0,-0.8907057326217697
746.0,-0.891117443115526
747.0,-0.8914626286814014
748.0,-0.8919213306831025
749.0,-0.892270953190284
750.0,-0.8926815384567891
751.0,-0.8930189567737199
752.0,-0.8934253517451226
753.0,-0.8937329840462824
754.0,-0.8940973251220159
755.0,-0.89439102108679
756.0,-0.8947697674332572
757.0,-0.8950774705293082
758.0,-0.8954625909133709
759.0,-0.8957640188378899
760.0,-0.896177243231369
761.0,-0.8964680672394126
762.0,-0.8968952561741796
763.0,-0.8972020005156859
764.0,-0.897611241324028
765.0,-0.8979105032149738
766.0,-0.8982929939541239
767.0,-0.8985415802499764
768.0,-0.8989171005042803
769.0,-0.8992230013679527
770.0,-0.8995915767226772
771.0,-0.899862169479931
772.0,-0.9002313917321301
773.0,-0.9005183571503784
774.0,-0.9009034671407699
775.0,-0.9011749981468484
776.0,-0.9015541012788839
777.0,-0.9018188873893593
778.0,-0.9021737716237404
779.0,-0.9024555990427732
780.0,-0.9028229626085725
781.0,-0.9031144455887902
782.0,-0.9035281152262622
783.0,-0.9038109809762584
784.0,-0.9042063622714948
785.0,-0.9044871090494274
786.0,-0.9048917248417406
787.0,-0.905185796146786
788.0,-0.905555361129285
789.0,-0.9058562481900176
790.0,-0.9062347363504141
791.0,-0.9064992985912628
792.0,-0.9068819540097739
793.0,-0.9071597675289597
794.0,-0.9075602921462519
795.0,-0.9078601347864051
796.0,-0.9082838822555777
797.0,-0.9085890954794934
798.0,-0.9090070556975332
799.0,-0.9092990840556211
800.0,-0.9097146908262387
801.0,-0.9100236291844278
802.0,-0.9104246503661434
803.0,-0.9107299228118074
804.0,-0.9111027318037795
805.0,-0.9113885733436904
806.0,-0.9117859809932719
807.0,-0.9120773973064087
808.0,-0.912500775298932
809.0,-0.9127973089854682
810.0,-0.9132060216442487
811.0,-0.9135176242148836
812.0,-0.913892176816981
813.0,-0.9142534745059856
814.0,-0.9145936763120547
815.0,-0.9149393793217963
816.0,-0.915319291356687
817.0,-0.9156604377968118
818.0,-0.9159916008638921
819.0,-0.9163528153145762
820.0,-0.9167181305166652
821.0,-0.9170771161309303
822.0,-0.9174226638679059
823.0,-0.9177733546280615
824.0,-0.9180764663615577
825.0,-0.9184187560969927
826.0,-0.9187516392274405
827.0,-0.9190822919629568
828.0,-0.9194071267403653
829.0,-0.919753786134691
830.0,-0.9200849910317269
831.0,-0.9204296061368651
832.0,-0.9207608659309023
833.0,-0.9210847981730228
834.0,-0.9214204577484925
835.0,-0.9217804956308109
836.0,-0.9220959367582466
837.0,-0.9224115364622563
838.0,-0.9227098757541159
839.0,-0.9230531227389608
840.0,-0.9234020538337128
841.0,-0.9237476948895149
842.0,-0.9240666415823076
843.0,-0.9244127890598048
844.0,-0.9247549504323921
845.0,-0.9251249679471276
846.0,-0.9254308270769609
847.0,-0.9257628716008139
848.0,-0.9260970444721971
849.0,-0.9264197578107509
850.0,-0.9266790415133794
851.0,-0.9270613051995442
852.0,-0.9274404518741172
853.0,-0.9277132666780447
854.0,-0.9280846418838509
855.0,-0.9283587265829616
856.0,-0.9287921465805219
857.0,-0.9290974099042365
858.0,-0.9295505884791343
859.0,-0.9298309503471175
860.0,-0.930286608725876
861.0,-0.9306002761381825
862.0,-0.9310315710162531
863.0,-0.9313200486151167
864.0,-0.931763150357838
865.0,-0.9320560344580122
866.0,-0.9325135721676904
867.0,-0.9328127738852802
868.0,-0.9332819132534733
869.0,-0.9335781153370345
870.0,-0.9340215093559991
871.0,-0.9343215207406045
872.0,-0.9347641648570764
873.0,-0.9350692778375924
874.0,-0.935531700554118
875.0,-0.9358697705270244
876.0,-0.9362151674044108
877.0,-0.9367291839609152
878.0,-0.937070751364923
879.0,-0.9374237486811937
880.0,-0.9379875031729751
881.0,-0.9383093280346619
882.0,-0.9386702434951499
883.0,-0.9391752423949451
884.0,-0.9395042230854578
885.0,-0.9398866931379873
886.0,-0.9402610443981595
887.0,-0.9407814661314543
888.0,-0.9410979594166237
889.0,-0.941448930672685
890.0,-0.9417995369863292
891.0,-0.942320760859691
892.0,-0.9425898989656131
893.0,-0.942987032007296
894.0,-0.9435341857746168
895.0,-0.9438199026392953
896.0,-0.9442122402778179
897.0,-0.9447604306605014
898.0,-0.9450255887573727
899.0,-0.9454113964933255
900.0,-0.9459477044361628
901.0,-0.9462209508503583
902.0,-0.9466006278899721
903.0,-0.9469593104781453
904.0,-0.9474712733345715
905.0,-0.9477376628820666
906.0,-0.948105148842013
907.0,-0.9484545004314585
908.0,-0.9488081078519852
909.0,-0.9491830547145224
910.0,-0.9495585128144126
911.0,-0.949914059929371
912.0,-0.95026632851069
913.0,-0.9506432386982773
914.0,-0.9510077955010303
915.0,-0.9513986794861231
916.0,-0.9517853600545544
917.0,-0.9521680331474611
918.0,-0.952529147611676
919.0,-0.9529053475160877
920.0,-0.9532484065938212
921.0,-0.953587312191803
922.0,-0.9539389397273518
923.0,-0.9542917024213328
924.0,-0.9546400624195103
925.0,-0.9549928662965685
926.0,-0.9553561830908462
927.0,-0.955719243390424
928.0,-0.9560578144828679
929.0,-0.9564071749923356
930.0,-0.9567905789617451
931.0,-0.9571535877867708
932.0,-0.9574989881128623
933.0,-0.9578426530689127
934.0,-0.9581902096140638
935.0,-0.9585285395228116
936.0,-0.9588789171354548
937.0,-0.9592134159399681
938.0,-0.9595632691395746
939.0,-0.9599061834000558
940.0,-0.960252468420318
941.0,-0.9605880923282867
942.0,-0.9609263542571399
943.0,-0.9612669219988731
944.0,-0.961603775875259
945.0,-0.9619346710433897
946.0,-0.9622826303958149
947.0,-0.9626314794606311
948.0,-0.9629731782585721
949.0,-0.9632117738642902
950.0,-0.9635543256553155
951.0,-0.9638958003617555
952.0,-0.9642328619626347
953.0,-0.9644344288854524
954.0,-0.9648067545884771
955.0,-0.9651572277460291
956.0,-0.9653411408679766
957.0,-0.9657424672777726
958.0,-0.9659280137219654
959.0,-0.9662947305632348
960.0,-0.9664844767079089
961.0,-0.9668550107329933
962.0,-0.9670371719090838
963.0,-0.9674063626572634
964.0,-0.967585874879826
965.0,-0.9679471941964063
966.0,-0.9681430420285155
967.0,-0.9684910324687478
968.0,-0.9686650884779991
969.0,-0.9689852481611658
970.0,-0.9691478080144582
971.0,-0.969480098092511
972.0,-0.9696267268505775
973.0,-0.9698863620751403
974.0,-0.9700396640785148
975.0,-0.9703128516840125
976.0,-0.9704454185190299
977.0,-0.9707327082640648
978.0,-0.970889896390052
979.0,-0.9711728165827972
980.0,-0.9713090207026163
981.0,-0.9715660439557449
982.0,-0.9717005117296952
983.0,-0.9719716926843925
984.0,-0.9721203082536422
985.0,-0.9723633906136223
986.0,-0.972612401833143
987.0,-0.9728517259517012
988.0,-0.9729708751859519
989.0,-0.9731783982806586
990.0,-0.973415388390638
991.0,-0.9736303597905002
992.0,-0.9738469257259107
993.0,-0.9740615729848838
994.0,-0.974234492750519
995.0,-0.9744148450310511
996.0,-0.9745797715342251
997.0,-0.9747304122677687
998.0,-0.9748688625032399
999.0,-0.9750235921621745
1000.0,-0.9751536691558211
1001.0,-0.9752815193258844
1002.0,-0.9754177250878826
1003.0,-0.9755067826532304
1004.0,-0.9755935617524233
1005.0,-0.9756989972639757
1006.0,-0.9757732734651393
1007.0,-0.9758203295743889
1008.0,-0.9758573515576084
1009.0,-0.975901609294927
1010.0,-0.9759102200983096
1011.0,-0.9759117122716898
1012.0,-0.9758537226180163
1013.0,-0.975823506076985
1014.0,-0.9757409164455328
1015.0,-0.9756747241531548
1016.0,-0.9756098889023573
1017.0,-0.9754975655007989
1018.0,-0.975377801905442
1019.0,-0.975212266353789
1020.0,-0.9750733065083785
1021.0,-0.9749116618463636
1022.0,-0.9747721278497609
1023.0,-0.9746387808898683
1024.0,-0.9744805665193199
1025.0,-0.9743414655223575
1026.0,-0.974153529753454
1027.0,-0.9739866372143299
1028.0,-0.9738172176460881
1029.0,-0.9736398412276444
1030.0,-0.9734879086562398
1031.0,-0.973319861126191
1032.0,-0.9731540727024959
1033.0,-0.9729932810083715
1034.0,-0.9728399231249751
1035.0,-0.9726922199962857
1036.0,-0.9725306680509188
1037.0,-0.9724125377930164
1038.0,-0.9722609706750839
1039.0,-0.9721647798903994
1040.0,-0.9720480964423235
1041.0,-0.971948774737731
1042.0,-0.9718764925730561
1043.0,-0.9718219659166979
1044.0,-0.971796169222289
1045.0,-0.9717754076923144
1046.0,-0.9717653892402711
1047.0,-0.971762546770796
1048.0,-0.9717697893824584
1049.0,-0.9717798351990005
1050.0,-0.9717836931676856
1051.0,-0.9718285236925319
1052.0,-0.9718768951514226
1053.0,-0.9719258690508693
1054.0,-0.9719759858460307
1055.0,-0.9720290771923793
1056.0,-0.9720672951591539
1057.0,-0.972121518839518
1058.0,-0.9721836453510357
1059.0,-0.9722651568400617
1060.0,-0.9723428065189033
1061.0,-0.9724938094837123
1062.0,-0.972594378794083
1063.0,-0.9726451719530308
1064.0,-0.9727474561014369
1065.0,-0.972801444173176
1066.0,-0.9728902063220526
1067.0,-0.9729559036319904
1068.0,-0.9730290119020994
1069.0,-0.9731325383312694
1070.0,-0.9732244122250695
1071.0,-0.9732396866514471
1072.0,-0.9732923533377084
1073.0,-0.9734038289016731
1074.0,-0.9733986199760467
1075.0,-0.9734532141085471
1076.0,-0.9735591647195705
1077.0,-0.9736412659696732
1078.0,-0.973728796473846
1079.0,-0.9738538264572942
1080.0,-0.9739677543290037
1081.0,-0.974080145313846
1082.0,-0.9742042937443771
1083.0,-0.9742996749620533
1084.0,-0.9744401831473674
1085.0,-0.974602160100151
1086.0,-0.9747601963890116
1087.0,-0.9749447731839173
1088.0,-0.9750893418223999
1089.0,-0.9752744760760492
1090.0,-0.9754530751606929
1091.0,-0.9756852832946552
1092.0,-0.9758625234508892
1093.0,-0.9761110624762883
1094.0,-0.9762779885557945
1095.0,-0.9764895899768368
1096.0,-0.9766724567793541
1097.0,-0.9769245751018693
1098.0,-0.9770951945687888
1099.0,-0.9773622365833188
1100.0,-0.977562120904652
1101.0,-0.977826034248885
1102.0,-0.9780148988368226
1103.0,-0.978276508968508
1104.0,-0.9784621070942352
1105.0,-0.9787117837067107
1106.0,-0.9788872154080283
1107.0,-0.9790842612354244
1108.0,-0.9792178627945357
1109.0,-0.9793984635161761
1110.0,-0.9795449488355855
1111.0,-0.979723909339749
1112.0,-0.9798577873806061
1113.0,-0.9800722589725624
1114.0,-0.9802200790594652
1115.0,-0.9804358096179733
1116.0,-0.9805517707516882
1117.0,-0.9807042558482393
1118.0,-0.9808398343343467
1119.0,-0.9809853598668692
1120.0,-0.9810689403180358
1121.0,-0.9811893334789196
1122.0,-0.9813110345899274
1123.0,-0.9814118079477977
1124.0,-0.9815285432338601
1125.0,-0.9816598311506131
1126.0,-0.9817380500623232
1127.0,-0.9818094618010922
1128.0,-0.9818884885300898
1129.0,-0.9819895950944469
1130.0,-0.9820919534957656
1131.0,-0.9821933827998756
1132.0,-0.9822766014733717
1133.0,-0.9823757915812138
1134.0,-0.9824432245607209
1135.0,-0.9825644442767538
1136.0,-0.98264346495448
1137.0,-0.9827665509143773
1138.0,-0.9828171265178081
1139.0,-0.9828347090470442
1140.0,-0.9829147489582638
1141.0,-0.9830079333487995
1142.0,-0.9830813291174206
1143.0,-0.9831730847371899
1144.0,-0.9832745085233581
1145.0,-0.9833680703997579
1146.0,-0.9834778588751768
1147.0,-0.983657146949507
1148.0,-0.9838067630058337
1149.0,-0.9839176760476089
1150.0,-0.984028216945714
1151.0,-0.9841228771396082
1152.0,-0.9842583151045639
1153.0,-0.98437434831876
1154.0,-0.9844800288024952
1155.0,-0.9845791426436766
1156.0,-0.9846566338780662
1157.0,-0.984745381259696
1158.0,-0.9848253486208518
1159.0,-0.9848735393981763
1160.0,-0.9849427268307335
1161.0,-0.9849964231714436
1162.0,-0.9850543370506332
1163.0,-0.985102232840182
1164.0,-0.9851402053126073
1165.0,-0.9851425346463691
1166.0,-0.9851737538470204
1167.0,-0.9851717411471225
1168.0,-0.9851992873217298
1169.0,-0.9852288455188887
1170.0,-0.9852797676051024
1171.0,-0.9853291181502825
1172.0,-0.9853644852375065
1173.0,-0.9854041711450964
1174.0,-0.9854437123222497
1175.0,-0.9854720279893449
1176.0,-0.9854809133322917
1177.0,-0.9854745153477924
1178.0,-0.9854645371859663
1179.0,-0.9854011404711995
1180.0,-0.9853497662694568
1181.0,-0.9853043784626744
1182.0,-0.985242036869524
1183.0,-0.985174928342051
1184.0,-0.9850826605677637
1185.0,-0.9849735176749752
1186.0,-0.9848469415495719
1187.0,-0.9846964221621145
1188.0,-0.9845656904599419
1189.0,-0.9844091495459101
1190.0,-0.9842077647585967
1191.0,-0.9840426739275535
1192.0,-0.9838536629427047
1193.0,-0.9836822263635899
1194.0,-0.9835156629921089
1195.0,-0.9833319776894887
1196.0,-0.9831479733089993
1197.0,-0.9829489416397205
1198.0,-0.982691221763223
1199.0,-0.9824751312061357
1200.0,-0.9821642892163691
1201.0,-0.9818901028837208
1202.0,-0.9815534617864173
1203.0,-0.981243880391165
1204.0,-0.980846494292273
1205.0,-0.9805130389230443
1206.0,-0.9800901816207604
1207.0,-0.9797613142120193
1208.0,-0.9793667010236217
1209.0,-0.9789639595040585
1210.0,-0.9786048140918923
1211.0,-0.9781359119308431
1212.0,-0.9777156764737941
1213.0,-0.9772895012167141
1214.0,-0.9768562108552773
1215.0,-0.9764467800452675
1216.0,-0.9759894111339869
1217.0,-0.9755296132777764
1218.0,-0.9751619232111315
1219.0,-0.9745581753535215
1220.0,-0.9739953287341944
1221.0,-0.9734691236957921
1222.0,-0.9730645375934249
1223.0,-0.9723526446524017
1224.0,-0.9717674261918062
1225.0,-0.9712443024898726
1226.0,-0.9706969280807728
1227.0,-0.9702759281927578
1228.0,-0.9696281232106867
1229.0,-0.9690046732858015
1230.0,-0.9685893047077598
1231.0,-0.9678736166005099
1232.0,-0.9673761093509173
1233.0,-0.9666074345525582
1234.0,-0.9661071489705712
1235.0,-0.9653372353857621
1236.0,-0.9648182160250109
1237.0,-0.964002144247189
1238.0,-0.9634513747821523
1239.0,-0.9625921105103452
1240.0,-0.9620221195725075
1241.0,-0.9611425198965929
1242.0,-0.9605510518113588
1243.0,-0.9596656530631806
1244.0,-0.9590584369899854
1245.0,-0.9581284304222769
1246.0,-0.9574991899512195
1247.0,-0.9564894695244567
1248.0,-0.9558077962570215
1249.0,-0.9547399212387714
1250.0,-0.9540152664871249
1251.0,-0.9529496965537342
1252.0,-0.9522426401938304
1253.0,-0.951142008586343
1254.0,-0.9504001349470556
1255.0,-0.9491920171102752
1256.0,-0.9483965122083783
1257.0,-0.9472035186463313
1258.0,-0.9464474053791737
1259.0,-0.9453066822267026
1260.0,-0.9445388170993866
1261.0,-0.9432381289041676
1262.0,-0.9420711307495189
1263.0,-0.9413484147879986
1264.0,-0.9401182778543918
1265.0,-0.9389379014505593
1266.0,-0.9379271928278022
1267.0,-0.9367792906756481
1268.0,-0.9357610842645432
1269.0,-0.9347623639362023
1270.0,-0.9337920508217133
1271.0,-0.9327966654554928
1272.0,-0.9318225640322059
1273.0,-0.9308100292919659
1274.0,-0.9298202431798884
1275.0,-0.9288099572166088
1276.0,-0.9278600402538993
1277.0,-0.9269035248471097
1278.0,-0.9260240014534931
1279.0,-0.9251863934395865
1280.0,-0.9240150991713665
1281.0,-0.9233956223023501
1282.0,-0.9226387881890243
1283.0,-0.9218682047290705
1284.0,-0.9211150604650894
1285.0,-0.9204041130318229
1286.0,-0.9197170352206822
1287.0,-0.9191055587495756
1288.0,-0.918577539861533
1289.0,-0.9180815324300758
1290.0,-0.9177000791747302
1291.0,-0.9172800381032471
1292.0,-0.9169020666583892
1293.0,-0.9165059675611261
1294.0,-0.9161266922853382
1295.0,-0.9157844919869458
1296.0,-0.9154835236714964
1297.0,-0.9152241491786364
1298.0,-0.9149910945508379
1299.0,-0.9148241529005079
1300.0,-0.9145840891614089
1301.0,-0.9144489497834422
1302.0,-0.9143364258269352
1303.0,-0.914239330466535
1304.0,-0.9142273888795821
1305.0,-0.9142414899782935
1306.0,-0.9142992915901007
1307.0,-0.9143373802016312
1308.0,-0.9143848467618256
1309.0,-0.9144535106365569
1310.0,-0.9145346441152765
1311.0,-0.9146252246524275
1312.0,-0.9147678322391738
1313.0,-0.9149048082949367
1314.0,-0.915056871645304
1315.0,-0.9152308503043642
1316.0,-0.915377987479752
1317.0,-0.9155222156806642
1318.0,-0.9156817744521086
1319.0,-0.9158006346839598
1320.0,-0.9158494557775045
1321.0,-0.9159125195455484
1322.0,-0.9159378089518717
1323.0,-0.9159647657819334
1324.0,-0.9159711830740541
1325.0,-0.9159433527433214
1326.0,-0.915900522505611
1327.0,-0.9158541193452262
1328.0,-0.9157786569842375
1329.0,-0.9156656896659252
1330.0,-0.9155351059314258
1331.0,-0.9153745948965502
1332.0,-0.915211465283063
1333.0,-0.9150105100046115
1334.0,-0.914830343840825
1335.0,-0.9146367076044998
1336.0,-0.9144038844035025
1337.0,-0.9141570150606168
1338.0,-0.9138772158065707
1339.0,-0.9135809841696677
1340.0,-0.9132985228912269
1341.0,-0.9130168068507375
1342.0,-0.9127479713798128
1343.0,-0.9124592144659125
1344.0,-0.9121690161979148
1345.0,-0.9118632987311892
1346.0,-0.9115635585909063
1347.0,-0.9112560977268138
1348.0,-0.9109534849098534
1349.0,-0.9106564079090659
1350.0,-0.9103601481184849
1351.0,-0.9100542751157822
1352.0,-0.9097483448744565
1353.0,-0.9094461327300096
1354.0,-0.9091690235440076
1355.0,-0.9088800898968744
1356.0,-0.9085934494614465
1357.0,-0.9082918351200594
1358.0,-0.9079737280583318
1359.0,-0.9076526483426612
1360.0,-0.9073323890418937
1361.0,-0.9070150618985008
1362.0,-0.906702849243569
1363.0,-0.9064033527403327
1364.0,-0.9060990036853647
1365.0,-0.905806613159121
1366.0,-0.9055351461485178
1367.0,-0.9052639514573013
1368.0,-0.9050353420063391
1369.0,-0.9048263438928877
1370.0,-0.9046659271343608
1371.0,-0.9044771382306687
1372.0,-0.9043644550980079
1373.0,-0.904214785815713
1374.0,-0.9041410484812843
1375.0,-0.9040489291765422
1376.0,-0.9040214520189727
1377.0,-0.9039710975600287
1378.0,-0.9039730233484662
1379.0,-0.9040272784304594
1380.0,-0.9040765130324967
1381.0,-0.9041242018625807
1382.0,-0.9041391408772943
1383.0,-0.9041447897039635
1384.0,-0.9041239377156242
1385.0,-0.9040705198256137
1386.0,-0.9039796941520706
1387.0,-0.9038648452235266
1388.0,-0.9037245013694366
1389.0,-0.9035518197200796
1390.0,-0.903313568081665
1391.0,-0.9030931944170772
1392.0,-0.9028665426110899
1393.0,-0.9026147557760549
1394.0,-0.9024375818012609
1395.0,-0.9022691852936824
1396.0,-0.9021089373122619
1397.0,-0.9020310416543535
1398.0,-0.9019962448396946
1399.0,-0.9020155052610451
1400.0,-0.9020608051816863
1401.0,-0.9022308709180218
1402.0,-0.9023162174882262
1403.0,-0.9024805407271917
1404.0,-0.9025949998485707
1405.0,-0.902727181925179
1406.0,-0.9027990588016876
1407.0,-0.9028380717623891
1408.0,-0.9028402942029241
1409.0,-0.9027891773844948
1410.0,-0.9026924376889325
1411.0,-0.9025551317311218
1412.0,-0.902394236011854
1413.0,-0.9022314581694469
1414.0,-0.9020376879511934
1415.0,-0.9018152726161995
1416.0,-0.9016377344455938
1417.0,-0.9014589863018921
1418.0,-0.901333699016409
1419.0,-0.9012389868645307
1420.0,-0.9012250990607156
1421.0,-0.901280054415372
1422.0,-0.9013685391967441
1423.0,-0.9014746202210804
1424.0,-0.9015730730430572
1425.0,-0.9016760276149964
1426.0,-0.9017885981176841
1427.0,-0.9020292833506772
1428.0,-0.9021992491179252
1429.0,-0.9024253792331377
1430.0,-0.9025150962033814
1431.0,-0.9026564682199102
1432.0,-0.9027135852485785
1433.0,-0.9026719713400622
1434.0,-0.9026728533456911
1435.0,-0.9026450041542917
1436.0,-0.9025787491011981
1437.0,-0.9024376593096357
1438.0,-0.9023291526706289
1439.0,-0.9022792739177936
1440.0,-0.9022528466197888
1441.0,-0.9021806538600908
1442.0,-0.902166279268272
1443.0,-0.9021645732628468
1444.0,-0.902186311014749
1445.0,-0.9021875119540974
1446.0,-0.9021642495358246
1447.0,-0.9021729289102124
1448.0,-0.9021479008642928
1449.0,-0.9021092976249693
1450.0,-0.9021294648957778
1451.0,-0.9021199698959801
1452.0,-0.9021242973176702
1453.0,-0.90209008995718
1454.0,-0.9019721594102139
1455.0,-0.9019190217253925
1456.0,-0.901849979455155
1457.0,-0.9016506265085847
1458.0,-0.9015274392975237
1459.0,-0.9013621047734598
1460.0,-0.9012634613674546
1461.0,-0.9011569470496784
1462.0,-0.9009952663543125
1463.0,-0.9007996651774948
1464.0,-0.900641499763509
1465.0,-0.9004472919701086
1466.0,-0.9002638170008448
1467.0,-0.9000506120589085
1468.0,-0.8998203272864098
1469.0,-0.899589473259792
1470.0,-0.8992844353434702
1471.0,-0.8990241876557891
1472.0,-0.8987904764027793
1473.0,-0.8985249315037753
1474.0,-0.8982694565009562
1475.0,-0.8980197982001142
1476.0,-0.897765683043113
1477.0,-0.8975017694332214
1478.0,-0.8972451446943895
1479.0,-0.8969769417813768
1480.0,-0.8967497519426587
1481.0,-0.8964808706035824
1482.0,-0.8961687630006313
1483.0,-0.8958241388724961
1484.0,-0.8954737978222413
1485.0,-0.8951075317501981
1486.0,-0.8947313550959243
1487.0,-0.8943498441602674
1488.0,-0.8939462776185583
1489.0,-0.8935069411265169
1490.0,-0.8930682900730728
1491.0,-0.8926229334656153
1492.0,-0.8921752719040981
1493.0,-0.8917425976560844
1494.0,-0.8912924363376598
1495.0,-0.890799045657097
1496.0,-0.8903213690380555
1497.0,-0.8898404031816831
1498.0,-0.8893533190644353
1499.0,-0.8888463154776767
1500.0,-0.8883420683230512
1501.0,-0.8878202874676513
1502.0,-0.887280336478856
1503.0,-0.8867248110457483
1504.0,-0.8861810445348139
1505.0,-0.8856419228334047
1506.0,-0.8850729264236452
1507.0,-0.8845079484773029
1508.0,-0.8839320767479282
1509.0,-0.8833794194233479
1510.0,-0.8828059206157471
1511.0,-0.8822364384715385
1512.0,-0.8816894512910888
1513.0,-0.8811102478800069
1514.0,-0.8805436664116023
1515.0,-0.8799530887425734
1516.0,-0.8793553263981171
1517.0,-0.878745940103953
1518.0,-0.8781145982232207
1519.0,-0.8774666165049847
1520.0,-0.876804062449185
1521.0,-0.876160419056186
1522.0,-0.8755107221675905
1523.0,-0.8748202963103993
1524.0,-0.8741469795843816
1525.0,-0.8734624982009236
1526.0,-0.8727584673066207
1527.0,-0.8721886676930583
1528.0,-0.8714398089186786
1529.0,-0.8708787767192419
1530.0,-0.870105853208002
1531.0,-0.8695114809581326
1532.0,-0.868843465961701
1533.0,-0.868015595028294
1534.0,-0.8675336267352081
1535.0,-0.8666506848558232
1536.0,-0.8661746549347253
1537.0,-0.8653044410355751
1538.0,-0.8648379297111229
1539.0,-0.8639813894328363
1540.0,-0.8635328582182245
1541.0,-0.8627251840923765
1542.0,-0.8620352622598955
1543.0,-0.8615331118729719
1544.0,-0.8610418677283804
1545.0,-0.8604234131679145
1546.0,-0.8599831365092108
1547.0,-0.8594380707024734
1548.0,-0.8590560026068897
1549.0,-0.8585736265339178
1550.0,-0.8581583549164017
1551.0,-0.857746941383438
1552.0,-0.857364410115319
1553.0,-0.8569823832109449
1554.0,-0.8565957298224091
1555.0,-0.8561910077147272
1556.0,-0.8557614643750648
1557.0,-0.8554319871419439
1558.0,-0.8550218406401205
1559.0,-0.8547280844400652
1560.0,-0.8543344673424625
1561.0,-0.8541083264832766
1562.0,-0.8537843797949979
1563.0,-0.8535462381219822
1564.0,-0.853194991059531
1565.0,-0.8529108147018492
1566.0,-0.852508054071524
1567.0,-0.8521389512138515
1568.0,-0.8517106044789624
1569.0,-0.8512237344036929
1570.0,-0.8507177624337646
1571.0,-0.8502038160999897
1572.0,-0.8496410492720762
1573.0,-0.849056620337153
1574.0,-0.8484742021578071
1575.0,-0.8478914983809627
1576.0,-0.8474338871111955
1577.0,-0.8467915703612316
1578.0,-0.8461907157853454
1579.0,-0.8456189210141909
1580.0,-0.8451827126346517
1581.0,-0.8446052875447806
1582.0,-0.8441306698460938
1583.0,-0.8437025034245716
1584.0,-0.8432775844706527
1585.0,-0.8428674301393216
1586.0,-0.8425008181992089
1587.0,-0.8421384641860421
1588.0,-0.8418900777433134
1589.0,-0.841440479858662
1590.0,-0.8411119608847956
1591.0,-0.8409006194132873
1592.0,-0.8404971587821768
1593.0,-0.8402213465588553
1594.0,-0.8400269248585904
1595.0,-0.8396521278051284
1596.0,-0.8394425807150608
1597.0,-0.8390393647665215
1598.0,-0.8388211333101497
1599.0,-0.8384107199269647
1600.0,-0.8381790167870736
1601.0,-0.8377157156231229
1602.0,-0.8374546987162313
1603.0,-0.8369741255582362
1604.0,-0.8367011540554093
1605.0,-0.8361942537287752
1606.0,-0.8359053090070513
1607.0,-0.835354683164532
1608.0,-0.8350621615200119
1609.0,-0.834508535649209
1610.0,-0.8342148593475447
1611.0,-0.8336295371037016
1612.0,-0.8333160421297365
1613.0,-0.8326882673790565
1614.0,-0.8323384454830292
1615.0,-0.8316729884717404
1616.0,-0.8311146816047378
1617.0,-0.8307434203761249
1618.0,-0.8300615614731858
1619.0,-0.829485851589164
1620.0,-0.8291152216237853
1621.0,-0.8284359298808057
1622.0,-0.827866236599904
1623.0,-0.8275098507455173
1624.0,-0.8267735688799553
1625.0,-0.8261693610606711
1626.0,-0.8257819627712188
1627.0,-0.8250825946446991
1628.0,-0.8246951131766137
1629.0,-0.8239961300982929
1630.0,-0.823630805547876
1631.0,-0.8229328470979002
1632.0,-0.8225650124316684
1633.0,-0.8218712933130926
1634.0,-0.8215114086907159
1635.0,-0.8208659680759042
1636.0,-0.8205371994295094
1637.0,-0.8199170435643722
1638.0,-0.8195809671121779
1639.0,-0.8190035683315143
1640.0,-0.8186761130661625
1641.0,-0.8181171686082516
1642.0,-0.8178353998102182
1643.0,-0.8173952546764001
1644.0,-0.8170655984239855
1645.0,-0.8164956462553109
1646.0,-0.8162405228278672
1647.0,-0.8157488714875628
1648.0,-0.8154958041716376
1649.0,-0.8150405978033323
1650.0,-0.8148013488349432
1651.0,-0.8143520059064273
1652.0,-0.8141100484971834
1653.0,-0.8136814940674728
1654.0,-0.8134559964790381
1655.0,-0.8130546051576858
1656.0,-0.8128409077055687
1657.0,-0.81247749687305
1658.0,-0.812225549894759
1659.0,-0.8119866590743882
1660.0,-0.8117846834759949
1661.0,-0.8115905437153094
1662.0,-0.8113761937131625
1663.0,-0.8111541662445066
1664.0,-0.8109611530691971
1665.0,-0.8107811312859216
1666.0,-0.8105743490431785
1667.0,-0.8103692757798032
1668.0,-0.8101601673782258
1669.0,-0.809941892797435
1670.0,-0.8097378636693889
1671.0,-0.8095194303484442
1672.0,-0.8093041629293939
1673.0,-0.8090808078181978
1674.0,-0.8088668528510493
1675.0,-0.8086512695599893
1676.0,-0.8084457198212393
1677.0,-0.8082250296011219
1678.0,-0.8079932653422177
1679.0,-0.80774855739169
1680.0,-0.807512047832635
1681.0,-0.8072653422381126
1682.0,-0.8070373597695174
1683.0,-0.8067982105180851
1684.0,-0.8065671091866291
1685.0,-0.8063693997319651
1686.0,-0.8061710096833594
1687.0,-0.8059815991992736
1688.0,-0.8058050276569081
1689.0,-0.8056367046329093
1690.0,-0.8054832024085897
1691.0,-0.8053231936338892
1692.0,-0.8051340047055411
1693.0,-0.8049686424570413
1694.0,-0.8048122805816721
1695.0,-0.8046383105108897
1696.0,-0.8044805944128801
1697.0,-0.8043286452899294
1698.0,-0.8041860359258053
1699.0,-0.8040468892783872
1700.0,-0.8038810971806637
1701.0,-0.8037239595258155
1702.0,-0.8035733095799916
1703.0,-0.8034345719418642
1704.0,-0.8032811969874086
1705.0,-0.8031387540418309
1706.0,-0.8029918252944932
1707.0,-0.8028674552054091
1708.0,-0.802722361722162
1709.0,-0.8025724862579781
1710.0,-0.8024308632634857
1711.0,-0.8022995623194774
1712.0,-0.8021438292891104
1713.0,-0.8020002529398351
1714.0,-0.8018286438561929
1715.0,-0.8016808072392774
1716.0,-0.8014993621191466
1717.0,-0.8013525569359046
1718.0,-0.8011961142232006
1719.0,-0.8010582063448702
1720.0,-0.8009312707377112
1721.0,-0.8007771116164436
1722.0,-0.8006361426715548
1723.0,-0.8005056924111409
1724.0,-0.8003478927915352
1725.0,-0.800207964268567
1726.0,-0.8000763165037699
1727.0,-0.7999148971672526
1728.0,-0.7997764575428052
1729.0,-0.7996559040305171
1730.0,-0.7995175996832202
1731.0,-0.7993735385696406
1732.0,-0.7992433111610076
1733.0,-0.7990827400226833
1734.0,-0.7988899282966213
1735.0,-0.7987563516134264
1736.0,-0.7985883080344948
1737.0,-0.7983937148981016
1738.0,-0.7982084291404021
1739.0,-0.7980087744371209
1740.0,-0.7978061168511905
1741.0,-0.797591445294242
1742.0,-0.7973837817105152
1743.0,-0.7971681971761098
1744.0,-0.7969586600696658
1745.0,-0.7967476849197302
1746.0,-0.7965456677298888
1747.0,-0.796335132222166
1748.0,-0.7961445825714295
1749.0,-0.7959529744695
1750.0,-0.7957456294631295
1751.0,-0.7955167714436441
1752.0,-0.7952925571295317
1753.0,-0.795053388898818
1754.0,-0.7948179600844506
1755.0,-0.794580976993543
1756.0,-0.7943330681002587
1757.0,-0.7940764799120231
1758.0,-0.7938031573136732
1759.0,-0.7935371279713305
1760.0,-0.7931908724290644
1761.0,-0.792964001096065
1762.0,-0.7927053904729885
1763.0,-0.7923548486333254
1764.0,-0.7920978222570819
1765.0,-0.7917685857358473
1766.0,-0.7915265561544651
1767.0,-0.791183589931413
1768.0,-0.7909279364154606
1769.0,-0.7905860447597582
1770.0,-0.7902734084238835
1771.0,-0.7899507759982473
1772.0,-0.7896432952729899
1773.0,-0.789316307064212
1774.0,-0.7890056808944816
1775.0,-0.7887047192016946
1776.0,-0.7883821693722162
1777.0,-0.7880573962232302
1778.0,-0.7877154096780475
1779.0,-0.7873872240435803
1780.0,-0.7870465187230308
1781.0,-0.7866940438654093
1782.0,-0.7863337548789447
1783.0,-0.7859901321039343
1784.0,-0.785621244525584
1785.0,-0.785283584168311
1786.0,-0.7849235438942088
1787.0,-0.784573481154097
1788.0,-0.7842392614613724
1789.0,-0.783888836933912
1790.0,-0.7834701905244046
1791.0,-0.7831452426278217
1792.0,-0.7828305238916043
1793.0,-0.7824528965707146
1794.0,-0.7821316026375051
1795.0,-0.7818169284163348
1796.0,-0.781443180427841
1797.0,-0.7811384436116461
1798.0,-0.7807516480470963
1799.0,-0.7804689263488153
1800.0,-0.7800821822154062
1801.0,-0.7797738005153628
1802.0,-0.7793956676999587
1803.0,-0.779086033093921
1804.0,-0.7787414155948529
1805.0,-0.7784526620684572
1806.0,-0.778114029235284
1807.0,-0.7778144500319396
1808.0,-0.7774227750408638
1809.0,-0.7771434061101515
1810.0,-0.7768166764261166
1811.0,-0.7765602633924724
1812.0,-0.7762537360782406
1813.0,-0.7759973299050834
1814.0,-0.7756707281475776
1815.0,-0.7754152789565394
1816.0,-0.7751213388525913
1817.0,-0.7748377973976832
1818.0,-0.7746114377183067
1819.0,-0.7743630130662875
1820.0,-0.7740972870081234
1821.0,-0.7738903997311876
1822.0,-0.7736213668761971
1823.0,-0.7734169816029495
1824.0,-0.7731473558763545
1825.0,-0.7728894873237971
1826.0,-0.7726274004048801
1827.0,-0.7724228596117011
1828.0,-0.7721647878851675
1829.0,-0.7718940697853787
1830.0,-0.7716706925722271
1831.0,-0.771411970106676
1832.0,-0.7711689295656158
1833.0,-0.7709016228687202
1834.0,-0.7706431500523153
1835.0,-0.7704206831852461
1836.0,-0.7701815341049574
1837.0,-0.7699611452257892
1838.0,-0.7697157166965999
1839.0,-0.7694350583942101
1840.0,-0.7691817521598503
1841.0,-0.7689258950527348
1842.0,-0.7686611570135529
1843.0,-0.7683808668410804
1844.0,-0.7680999535138261
1845.0,-0.7678132520196701
1846.0,-0.7675122096457323
1847.0,-0.7672267748809872
1848.0,-0.7669058922735255
1849.0,-0.7665917757104317
1850.0,-0.7663257010406112
1851.0,-0.7660315316870334
1852.0,-0.7657361999685628
1853.0,-0.7654311679730295
1854.0,-0.7650898711187468
1855.0,-0.7647847012895297
1856.0,-0.7644742943286805
1857.0,-0.7641502711356982
1858.0,-0.7638387337696819
1859.0,-0.7635306543588282
1860.0,-0.7631903749404739
1861.0,-0.7628421727904889
1862.0,-0.7624764523638272
1863.0,-0.7621017426064024
1864.0,-0.7617044378411902
1865.0,-0.7613168970702143
1866.0,-0.760936581965227
1867.0,-0.7605483606986945
1868.0,-0.7601589321890121
1869.0,-0.7597686970358023
1870.0,-0.7594079699282443
1871.0,-0.7590383913676804
1872.0,-0.7587295167872109
1873.0,-0.758299379944961
1874.0,-0.7578498852014829
1875.0,-0.7574295536375915
1876.0,-0.7570035221273765
1877.0,-0.756605379952018
1878.0,-0.7562114598349626
1879.0,-0.7558155739637036
1880.0,-0.7553885637114715
1881.0,-0.7549661099865437
1882.0,-0.7545136287315399
1883.0,-0.7540667806569251
1884.0,-0.753626319156437
1885.0,-0.7531712231914122
1886.0,-0.7527022632598231
1887.0,-0.7522253524822216
1888.0,-0.7517545250376985
1889.0,-0.7512530192378153
1890.0,-0.750758285715089
1891.0,-0.7502540143108146
1892.0,-0.7497729354418182
1893.0,-0.7492954286067964
1894.0,-0.7488029108968874
1895.0,-0.7482994262386344
1896.0,-0.7477952056676278
1897.0,-0.7473047916105393
1898.0,-0.7467770690020632
1899.0,-0.7462793622450211
1900.0,-0.7457846204407707
1901.0,-0.7452925985564804
1902.0,-0.7447820038392257
1903.0,-0.7442720987996113
1904.0,-0.7437588625868605
1905.0,-0.7432505004139595
1906.0,-0.7427438597836216
1907.0,-0.7422289455724188
1908.0,-0.7416940992083026
1909.0,-0.7411730667075224
1910.0,-0.7406443180694732
1911.0,-0.7401118542610325
1912.0,-0.7395691889989205
1913.0,-0.7389939847705518
1914.0,-0.7384302647821072
1915.0,-0.7378471574920956
1916.0,-0.7372826180662095
1917.0,-0.7367239742672569
1918.0,-0.7361732627720545
1919.0,-0.7356239822728821
1920.0,-0.7350914720272758
1921.0,-0.7345157126742857
1922.0,-0.7339429751600722
1923.0,-0.7333739161375624
1924.0,-0.7328368604309309
1925.0,-0.732306305648368
1926.0,-0.7317627414114786
1927.0,-0.7312480159592589
1928.0,-0.7307158309645299
1929.0,-0.7301741332918757
1930.0,-0.7296217035190463
1931.0,-0.7290769562133123
1932.0,-0.7285302908343404
1933.0,-0.7280092627632532
1934.0,-0.7274655298373122
1935.0,-0.7269146395127891
1936.0,-0.7263836563149467
1937.0,-0.7258421784763713
1938.0,-0.7253246851253142
1939.0,-0.7247837286927221
1940.0,-0.724242589792129
1941.0,-0.7237119475630052
1942.0,-0.7231576937755911
1943.0,-0.722603322100029
1944.0,-0.7220442586613369
1945.0,-0.7215150834090359
1946.0,-0.7209969130325186
1947.0,-0.7204526370033294
1948.0,-0.7199178087079684
1949.0,-0.7193810160728878
1950.0,-0.7188343037980702
1951.0,-0.7182873938757001
1952.0,-0.7177297071566608
1953.0,-0.7171836689657566
1954.0,-0.7166186088351384
1955.0,-0.7160411854344495
1956.0,-0.7154500725153813
1957.0,-0.7148463433352322
1958.0,-0.7142119078061503
1959.0,-0.7135861290111558
1960.0,-0.712981168533716
1961.0,-0.7123683178041835
1962.0,-0.7117217988903708
1963.0,-0.7110798756944098
1964.0,-0.710430352239908
1965.0,-0.7097806007555809
1966.0,-0.7091408357898391
1967.0,-0.7085173004410081
1968.0,-0.7078895847519177
1969.0,-0.7072456539289164
1970.0,-0.70660843307052
1971.0,-0.7059608022200266
1972.0,-0.7052962090085784
1973.0,-0.704653943391673
1974.0,-0.7040115087640928
1975.0,-0.7033514640170698
1976.0,-0.7026793396387762
1977.0,-0.7020039577105363
1978.0,-0.7013262118184665
1979.0,-0.7006659960358972
1980.0,-0.6999939409867765
1981.0,-0.6993041855910344
1982.0,-0.6986250445471982
1983.0,-0.697961754656404
1984.0,-0.6973371862266636
1985.0,-0.6965370136919311
1986.0,-0.6958937539869959
1987.0,-0.6952531128278455
1988.0,-0.6946163094463197
1989.0,-0.6939721244549663
1990.0,-0.693336710177535
1991.0,-0.6926635129777504
1992.0,-0.692020261153422
1993.0,-0.6914025933074758
1994.0,-0.6907568082248314
1995.0,-0.6901325708021527
1996.0,-0.6894815902418711
1997.0,-0.6888413784543018
1998.0,-0.6882306384031348
1999.0,-0.6876160975136711
2000.0,-0.6870180508812702
2001.0,-0.6864066673203666
2002.0,-0.6858198672482902
2003.0,-0.6852049869588932
2004.0,-0.6845907931854786
2005.0,-0.6839750185612782
2006.0,-0.6833465833364081
2007.0,-0.6827221411367216
2008.0,-0.6820891714408159
2009.0,-0.6814984161707419
2010.0,-0.6809055560484105
2011.0,-0.68031915606992
2012.0,-0.6797314318521379
2013.0,-0.6790582123018852
2014.0,-0.6784969381205337
2015.0,-0.6779415817707265
2016.0,-0.6773737633834318
2017.0,-0.6768089541254108
2018.0,-0.6762319201327814
2019.0,-0.6756435717391791
2020.0,-0.6750737914495275
2021.0,-0.674503124130884
2022.0,-0.67391702305525
2023.0,-0.6733240028742828
2024.0,-0.672748103355463
2025.0,-0.6721631063692769
2026.0,-0.671596259795421
2027.0,-0.6710403574268139
2028.0,-0.6705048726721703
2029.0,-0.66996942182795
2030.0,-0.6694190494992639
2031.0,-0.6688748746129035
2032.0,-0.6683201751440103
2033.0,-0.6677777527648714
2034.0,-0.6672377360272261
2035.0,-0.6667139354166065
2036.0,-0.6661752566302668
2037.0,-0.6656664792049275
2038.0,-0.6651627082194634
2039.0,-0.6646604951283022
2040.0,-0.6641336294673177
2041.0,-0.6636232630696367
2042.0,-0.6631207358363953
2043.0,-0.6626317744380747
2044.0,-0.6621468657469796
2045.0,-0.6616635613369483
2046.0,-0.6611800377586964
2047.0,-0.6607183375598663
2048.0,-0.6602535952617171
2049.0,-0.6597898721939927
2050.0,-0.6593295244455019
2051.0,-0.6588822843748668
2052.0,-0.6584083108371485
2053.0,-0.6579560172838808
2054.0,-0.6575332191473288
2055.0,-0.6570960605438445
2056.0,-0.6566634310149277
2057.0,-0.6562229856095112
2058.0,-0.6557946925132652
2059.0,-0.6553750225727559
2060.0,-0.6549555384686422
2061.0,-0.654523472994882
2062.0,-0.6540870754488323
2063.0,-0.6536633414254556
2064.0,-0.6532745624012877
2065.0,-0.6528713246212948
2066.0,-0.6524784869044596
2067.0,-0.6520861280187101
2068.0,-0.6516721881387532
2069.0,-0.6512721083964514
2070.0,-0.6508737558261243
2071.0,-0.6504911165959487
2072.0,-0.6501156672844202
2073.0,-0.6497111886722016
2074.0,-0.6493098146784312
2075.0,-0.6489326930803105
2076.0,-0.6485523018160779
2077.0,-0.6481686655674173
2078.0,-0.6477628865198873
2079.0,-0.6473609788211528
2080.0,-0.6469578686554895
2081.0,-0.6465659620458125
2082.0,-0.6461891272716992
2083.0,-0.6458042606221843
2084.0,-0.6454240788540646
2085.0,-0.6450423884763683
2086.0,-0.644658159333573
2087.0,-0.6442827256410018
2088.0,-0.6438984436050385
2089.0,-0.643531283199616
2090.0,-0.6431647335770504
2091.0,-0.6427866683392909
2092.0,-0.6424198790258131
2093.0,-0.6420740066550369
2094.0,-0.6417267456450241
2095.0,-0.6413926265510351
2096.0,-0.6410454865694157
2097.0,-0.640691105493244
2098.0,-0.6403452931777606
2099.0,-0.6399674314390403
2100.0,-0.6396065338427784
2101.0,-0.6392377307013148
2102.0,-0.638874833587617
2103.0,-0.6385128657904707
2104.0,-0.638142061572083
2105.0,-0.6377977272377339
2106.0,-0.6374419432353469
2107.0,-0.6371128548413437
2108.0,-0.6367976297875168
2109.0,-0.6364826733916795
2110.0,-0.636157788184001
2111.0,-0.63583122429435
2112.0,-0.6355126555770158
2113.0,-0.6351928913478324
2114.0,-0.6348751159703406
2115.0,-0.6345513369062373
2116.0,-0.6342311380215843
2117.0,-0.633910964850058
2118.0,-0.6336046631588927
2119.0,-0.6332915669037398
2120.0,-0.632979882741431
2121.0,-0.6326798006962994
2122.0,-0.6323886814586305
2123.0,-0.6320910884022468
2124.0,-0.6318009362150215
2125.0,-0.6315129918407402
2126.0,-0.6312176858049707
2127.0,-0.6309239325969065
2128.0,-0.6306470823751729
2129.0,-0.6303806439778331
2130.0,-0.6301124496476268
2131.0,-0.6298540211477813
2132.0,-0.6295997372425591
2133.0,-0.6293462993482065
2134.0,-0.6290968745998771
2135.0,-0.6288347870665877
2136.0,-0.6285730995882898
2137.0,-0.628337734647767
2138.0,-0.6280980163030933
2139.0,-0.6278682119326366
2140.0,-0.6276480838835642
2141.0,-0.6274408331561054
2142.0,-0.6271955670317516
2143.0,-0.6269909081722634
2144.0,-0.626770314010858
2145.0,-0.6265799205944645
2146.0,-0.6263664099119738
2147.0,-0.6261982716445502
2148.0,-0.6260385119736708
2149.0,-0.6258421054292197
2150.0,-0.625667844585224
2151.0,-0.6254571662920133
2152.0,-0.6253013635276143
2153.0,-0.6251017742003243
2154.0,-0.6249346576227273
2155.0,-0.6247621627416425
2156.0,-0.6246397082678901
2157.0,-0.6244985890028432
2158.0,-0.624378445004077
2159.0,-0.6242618709423972
2160.0,-0.6241665437174182
2161.0,-0.6240485219374827
2162.0,-0.6239398922408305
2163.0,-0.6238059511120783
2164.0,-0.6236940071023082
2165.0,-0.6235939420583982
2166.0,-0.6235075018246493
2167.0,-0.6234079808686324
2168.0,-0.6233177723077723
2169.0,-0.623222286950274
2170.0,-0.6231385341291352
2171.0,-0.6230798616770985
2172.0,-0.6230041022978444
2173.0,-0.6229246021396238
2174.0,-0.6228355328719861
2175.0,-0.6227489360056765
2176.0,-0.6226790389455926
2177.0,-0.6226126614153824
2178.0,-0.6225407228961625
2179.0,-0.6224765862779771
2180.0,-0.6224354538872205
2181.0,-0.6223752370447199
2182.0,-0.622351863330142
2183.0,-0.6223096218519388
2184.0,-0.622266193516271
2185.0,-0.6222289435902657
2186.0,-0.6221996135754384
2187.0,-0.6221779822872997
2188.0,-0.6221663465638607
2189.0,-0.6221556413758614
2190.0,-0.6221392528578964
2191.0,-0.622140412726748
2192.0,-0.6221706995745168
2193.0,-0.6221846037143858
2194.0,-0.6221980644620376
2195.0,-0.6222081534855712
2196.0,-0.622203808480864
2197.0,-0.6222101947514592
2198.0,-0.6222096581335983
2199.0,-0.6222314388284388
2200.0,-0.6222498155326561
2201.0,-0.6222599823341387
2202.0,-0.6222987888334874
2203.0,-0.6223140580023323
2204.0,-0.6223697384217116
2205.0,-0.6224094874839591
2206.0,-0.6224585367338474
2207.0,-0.6224960504202469
2208.0,-0.6225625796532539
2209.0,-0.6225941721927779
2210.0,-0.6226543666724056
2211.0,-0.622691441272683
2212.0,-0.622751120419635
2213.0,-0.6227777606038154
2214.0,-0.6228003307569787
2215.0,-0.6228654330375939
2216.0,-0.6229197739479247
2217.0,-0.6230025920923925
2218.0,-0.6230650515903763
2219.0,-0.6231064410737991
2220.0,-0.6231745873024759
2221.0,-0.6232297535042733
2222.0,-0.6232744947104882
2223.0,-0.6233313462513863
2224.0,-0.6233995044368726
2225.0,-0.6234669232400873
2226.0,-0.6235134822052265
2227.0,-0.6235651747681794
2228.0,-0.6236600344091964
2229.0,-0.6237347814173857
2230.0,-0.623796360461352
2231.0,-0.623868392950954
2232.0,-0.6239097068832942
2233.0,-0.6239588096811987
2234.0,-0.6240138891154768
2235.0,-0.6240598405026669
2236.0,-0.6240989849665627
2237.0,-0.6241580209775077
2238.0,-0.6242321884003422
2239.0,-0.6242902557484037
2240.0,-0.624332875838002
2241.0,-0.6243855627171356
2242.0,-0.624454300637837
2243.0,-0.6245076651888462
2244.0,-0.6245507522248751
2245.0,-0.6246054060049541
2246.0,-0.6246382186935365
2247.0,-0.6246971085951806
2248.0,-0.6247324485474087
2249.0,-0.6247727093103858
2250.0,-0.6248188194159571
2251.0,-0.6248777171552576
2252.0,-0.6249099893618024
2253.0,-0.6249357407786351
2254.0,-0.6249626595857464
2255.0,-0.6249927106905969
2256.0,-0.6250224801508049
2257.0,-0.6250448889488359
2258.0,-0.6250672049447938
2259.0,-0.6250772716358164
2260.0,-0.6250785113035476
2261.0,-0.6250858575972164
2262.0,-0.6250744864196404
2263.0,-0.6250757425677294
2264.0,-0.6250759169321308
2265.0,-0.6250795155845835
2266.0,-0.6250389734615199
2267.0,-0.6250078849446586
2268.0,-0.6249824136682592
2269.0,-0.6249623972013998
2270.0,-0.6249436058652087
2271.0,-0.6249204463676019
2272.0,-0.6249080395810204
2273.0,-0.624908629484758
2274.0,-0.624910364490985
2275.0,-0.6249012302173824
2276.0,-0.6248836593064888
2277.0,-0.6248393952702213
2278.0,-0.6247968988422521
2279.0,-0.6247743830159986
2280.0,-0.6247327224669954
2281.0,-0.624686431469023
2282.0,-0.6246351695482945
2283.0,-0.624579564391561
2284.0,-0.6245159181073948
2285.0,-0.6244425289214885
2286.0,-0.6243834978169145
2287.0,-0.6243263456097795
2288.0,-0.6242468694448762
2289.0,-0.6242063274124211
2290.0,-0.6241673032826036
2291.0,-0.6241426069969064
2292.0,-0.6240914652390112
2293.0,-0.6240663557047822
2294.0,-0.6240205657830008
2295.0,-0.6239470889612501
2296.0,-0.6238956250886478
2297.0,-0.6238056235503521
2298.0,-0.6237269200844036
2299.0,-0.6236940832209795
2300.0,-0.6236376063437585
2301.0,-0.6235880427291611
2302.0,-0.6234973715308134
2303.0,-0.6234420101655067
2304.0,-0.623355105391864
2305.0,-0.623291571534015
2306.0,-0.6232059354428374
2307.0,-0.6231209057498948
2308.0,-0.6230840811518812
2309.0,-0.6229908572302106
2310.0,-0.6228873007822183
2311.0,-0.6227855325358991
2312.0,-0.6227210122554225
2313.0,-0.6226241868902928
2314.0,-0.6224999319943462
2315.0,-0.6224243652578616
2316.0,-0.6223336382120868
2317.0,-0.6222249086002464
2318.0,-0.6221606357450998
2319.0,-0.6220595272120396
2320.0,-0.6220007322193822
2321.0,-0.6219242543838395
2322.0,-0.6218521179304316
2323.0,-0.6217356753607955
2324.0,-0.6216688372332644
2325.0,-0.6215830600230463
2326.0,-0.6215008494091884
2327.0,-0.6214441891540726
2328.0,-0.6213815171723448
2329.0,-0.6213130799536076
2330.0,-0.6212364476904964
2331.0,-0.6211356717370415
2332.0,-0.6210480663117387
2333.0,-0.6209669180896913
2334.0,-0.6209055976111486
2335.0,-0.620828952515018
2336.0,-0.6207497662450888
2337.0,-0.6206811064204649
2338.0,-0.6205900913723191
2339.0,-0.6205166293749899
2340.0,-0.6204622290347508
2341.0,-0.6203731946005641
2342.0,-0.6203136353194638
2343.0,-0.6202343277412511
2344.0,-0.6201875113738307
2345.0,-0.6201351040486272
2346.0,-0.6200930873529018
2347.0,-0.6200679232952602
2348.0,-0.6200218350608233
2349.0,-0.6199745222649116
2350.0,-0.6199153546291161
2351.0,-0.6198620268970043
2352.0,-0.6198311683625913
2353.0,-0.6197761963005287
2354.0,-0.6197382239429818
2355.0,-0.6196878613729434
2356.0,-0.6196419783213021
2357.0,-0.6195733723840169
2358.0,-0.6194864409848488
2359.0,-0.619436078027404
2360.0,-0.6193762224873116
2361.0,-0.6193085745333151
2362.0,-0.6192591955942373
2363.0,-0.6192298533346031
2364.0,-0.6192026246249185
2365.0,-0.6192305674521855
2366.0,-0.6192345889473083
2367.0,-0.6192180016811308
2368.0,-0.6192045302071977
2369.0,-0.6192384586370295
2370.0,-0.6192428591390535
2371.0,-0.619252486441432
2372.0,-0.6192497036851639
2373.0,-0.6192400976918901
2374.0,-0.6192684592177923
2375.0,-0.6193094057661344
2376.0,-0.6193902202214692
2377.0,-0.6194819721996163
2378.0,-0.6195862634480558
2379.0,-0.6196513306063266
2380.0,-0.6196949392858081
2381.0,-0.6197426205012716
2382.0,-0.6198224547990955
2383.0,-0.6198938510516682
2384.0,-0.6199826569004528
2385.0,-0.6200731192395099
2386.0,-0.620165614223272
2387.0,-0.6202912831344795
2388.0,-0.6203736687468181
2389.0,-0.6204316569397652
2390.0,-0.6205268846878988
2391.0,-0.6205685095280179
2392.0,-0.6206596896584817
2393.0,-0.6207109241487904
2394.0,-0.6207886788428815
2395.0,-0.6208856295326599
2396.0,-0.6209410595667992
2397.0,-0.6210037994338474
2398.0,-0.6210497294980327
2399.0,-0.6211111874474468
2400.0,-0.6211534480205054
2401.0,-0.6212029121655975
2402.0,-0.6212566389121825
2403.0,-0.6213196404908442
2404.0,-0.6213951658992938
2405.0,-0.621451790789567
2406.0,-0.621526849516873
2407.0,-0.6215911080058942
2408.0,-0.6216590441841816
2409.0,-0.6217191427240625
2410.0,-0.6217667781226653
2411.0,-0.6218168933754755
2412.0,-0.6218816571669314
2413.0,-0.6219480649653136
2414.0,-0.6219814873693627
2415.0,-0.6220200707706705
2416.0,-0.6220667449615817
2417.0,-0.6220812638923745
2418.0,-0.6220719209857922
2419.0,-0.6220691356686815
2420.0,-0.6220518408088459
2421.0,-0.6220223794971979
2422.0,-0.6219851159551666
2423.0,-0.621945112707008
2424.0,-0.6219012381465229
2425.0,-0.6218440206271381
2426.0,-0.6218152932926407
2427.0,-0.6217562174162872
2428.0,-0.621721699645733
2429.0,-0.6216980745688426
2430.0,-0.6216898056542504
2431.0,-0.6217055345782795
2432.0,-0.6217109056663509
2433.0,-0.621717922055375
2434.0,-0.6217538202213503
2435.0,-0.6217877385158337
2436.0,-0.6218213928678337
2437.0,-0.6218591409998941
2438.0,-0.6219047911154364
2439.0,-0.6219227488850942
2440.0,-0.6219631154472672
2441.0,-0.6219998908597743
2442.0,-0.6220251778942524
2443.0,-0.6220628051705849
2444.0,-0.6220461160921359
2445.0,-0.6220300484160743
2446.0,-0.6220242504403066
2447.0,-0.6219578742101124
2448.0,-0.6218988876328542
2449.0,-0.621879547764166
2450.0,-0.6218074229267619
2451.0,-0.6217595084129336
2452.0,-0.621679823119991
2453.0,-0.6216095254861018
2454.0,-0.6214729769130581
2455.0,-0.6213681375134076
2456.0,-0.6211811137707551
2457.0,-0.6210010449075423
2458.0,-0.6207806672060278
2459.0,-0.6205691913391159
2460.0,-0.6202341538301788
2461.0,-0.6199681733218119
2462.0,-0.6196707406732044
2463.0,-0.6193819272178078
2464.0,-0.6190617717689761
2465.0,-0.6187365590083744
2466.0,-0.6184623700240589
2467.0,-0.6181533471090576
2468.0,-0.6178283395417028
2469.0,-0.6175448277734664
2470.0,-0.6172066957937008
2471.0,-0.6169543723423204
2472.0,-0.6167127886993303
2473.0,-0.6164622197879899
2474.0,-0.6162715920658456
2475.0,-0.61609322582159
2476.0,-0.6158915390580325
2477.0,-0.6157093225665872
2478.0,-0.6155204902658836
2479.0,-0.615358395992473
2480.0,-0.6152084266622518
2481.0,-0.6150347721493162
2482.0,-0.6148725704240805
2483.0,-0.6146771078836993
2484.0,-0.6144985207807298
2485.0,-0.6143036194131916
2486.0,-0.6140827760104355
2487.0,-0.613874560951329
2488.0,-0.6136923906069573
2489.0,-0.6134766807150221
2490.0,-0.6132862087076366
2491.0,-0.613093217499004
2492.0,-0.61288521626495
2493.0,-0.6126992166803981
2494.0,-0.6125347031294626
2495.0,-0.6123384411294718
2496.0,-0.6121530006543004
2497.0,-0.6119436834770048
2498.0,-0.6117229004123537
2499.0,-0.6114516601929264
2500.0,-0.611213893359784
2501.0,-0.6109172966271635
2502.0,-0.6105362101868113
2503.0,-0.6101132209198918
2504.0,-0.609654993067234
2505.0,-0.6091098058951916
2506.0,-0.6085310204428032
2507.0,-0.6078650226087974
2508.0,-0.607152336349812
2509.0,-0.606403962806031
2510.0,-0.6056778214977875
2511.0,-0.6049262925054468
2512.0,-0.6041772273365935
2513.0,-0.6034399333245403
2514.0,-0.6027554786576094
2515.0,-0.6020484995768591
2516.0,-0.6013626910498866
2517.0,-0.6006908563230452
2518.0,-0.6000921527587094
2519.0,-0.5995654695120415
2520.0,-0.5991241445208886
2521.0,-0.598724186063988
2522.0,-0.5983700886698776
2523.0,-0.5981352616237121
2524.0,-0.5978470608996043
2525.0,-0.5975975445451345
2526.0,-0.5974324847216688
2527.0,-0.5972047010302299
2528.0,-0.5970374543841922
2529.0,-0.5967969976335465
2530.0,-0.5966209437251311
2531.0,-0.5963448483798195
2532.0,-0.5961292447370341
2533.0,-0.5958780387329796
2534.0,-0.5955379855965367
2535.0,-0.5952406234948339
2536.0,-0.5948608075982574
2537.0,-0.5944103373714511
2538.0,-0.5941021103884093
2539.0,-0.5936200062512588
2540.0,-0.5933246891155327
2541.0,-0.5929718946113568
2542.0,-0.5927407914089928
2543.0,-0.5924068939069344
2544.0,-0.5922067268353772
2545.0,-0.5919483371105141
2546.0,-0.5918101434928376
2547.0,-0.591688385433421
2548.0,-0.5916481948371186
2549.0,-0.59167874464969
2550.0,-0.5917517065491836
2551.0,-0.5919002374117313
2552.0,-0.5921138462668232
2553.0,-0.5923045918296292
2554.0,-0.592540719709854
2555.0,-0.5927001825823974
2556.0,-0.5929157871085386
2557.0,-0.5930903583029398
2558.0,-0.5932558109611779
2559.0,-0.5933669478372092
2560.0,-0.5934360107657112
2561.0,-0.5935345636543946
2562.0,-0.5936089597839643
2563.0,-0.5936436085361408
2564.0,-0.5936681368380534
2565.0,-0.5936710405914768
2566.0,-0.5936465760811297
2567.0,-0.5936429866354083
2568.0,-0.5936600016130462
2569.0,-0.5936823958816727
2570.0,-0.59367879847067
2571.0,-0.5937001586681977
2572.0,-0.5937586143499389
2573.0,-0.593821447890184
2574.0,-0.5938789533938063
2575.0,-0.5939748049716177
2576.0,-0.5940806056180975
2577.0,-0.5941934002861574
2578.0,-0.5942827064163232
2579.0,-0.5943678912887865
2580.0,-0.5944673688777733
2581.0,-0.5945414715037386
2582.0,-0.5946887252143972
2583.0,-0.5948251894736812
2584.0,-0.5949228668914672
2585.0,-0.5950522048248971
2586.0,-0.5951538555209268
2587.0,-0.5952341602778651
2588.0,-0.5952855277054102
2589.0,-0.5953547045732878
2590.0,-0.5954119634901849
2591.0,-0.5954287563007739
2592.0,-0.5954041772347368
2593.0,-0.5953662223112745
2594.0,-0.5953305726700905
2595.0,-0.5952962611853111
2596.0,-0.5952804570493282
2597.0,-0.5953544459469091
2598.0,-0.5953693281930947
2599.0,-0.5953633011098667
2600.0,-0.5953080948213684
2601.0,-0.5952695629576082
2602.0,-0.5952491926270099
2603.0,-0.5951796606884162
2604.0,-0.5950730837326673
2605.0,-0.5949439215257487
2606.0,-0.5947444222589041
2607.0,-0.5944749416721329
2608.0,-0.5941739719514926
2609.0,-0.593813036397157
2610.0,-0.5934323707335133
2611.0,-0.5930243703683995
2612.0,-0.5924837510900283
2613.0,-0.5920834073123438
2614.0,-0.5914848480468117
2615.0,-0.591114204149058
2616.0,-0.5907430892717289
2617.0,-0.5903404988506683
2618.0,-0.590072164228352
2619.0,-0.5897461464358644
2620.0,-0.5895157195233313
2621.0,-0.5892004323296268
2622.0,-0.5890024218257406
2623.0,-0.5887136336133613
2624.0,-0.5885289402572129
2625.0,-0.5883847250840586
2626.0,-0.5882388158057981
2627.0,-0.5881064396526045
2628.0,-0.5879926949663979
2629.0,-0.5879021901532672
2630.0,-0.5878001988181322
2631.0,-0.5877429697335937
2632.0,-0.587689426178983
2633.0,-0.5876524836745333
2634.0,-0.5876181269270689
2635.0,-0.5875216342879952
2636.0,-0.5874596988536394
2637.0,-0.587322001351496
2638.0,-0.587182448767525
2639.0,-0.586945778192505
2640.0,-0.5866582687821956
2641.0,-0.586305436249024
2642.0,-0.5858850865261602
2643.0,-0.5854003137838322
2644.0,-0.5848153091801769
2645.0,-0.5841897872813404
2646.0,-0.583520521412565
2647.0,-0.5827883566965115
2648.0,-0.5820179041693289
2649.0,-0.5811677942124799
2650.0,-0.5802492964479907
2651.0,-0.5793839539389856
2652.0,-0.578528403383435
2653.0,-0.5776987556436878
2654.0,-0.5768749907759386
2655.0,-0.5760604480593853
2656.0,-0.5754521915356349
2657.0,-0.5747425823310466
2658.0,-0.5742544794417584
2659.0,-0.5735962888497794
2660.0,-0.573085432512339
2661.0,-0.5724795149840249
2662.0,-0.5720247999104449
2663.0,-0.5714770753568901
2664.0,-0.5710740337222534
2665.0,-0.5705853595842496
2666.0,-0.570231173825331
2667.0,-0.5698900071316351
2668.0,-0.5695464803461919
2669.0,-0.5692063281812865
2670.0,-0.5688644450420212
2671.0,-0.5685044890256793
2672.0,-0.5681566517651164
2673.0,-0.567782175454317
2674.0,-0.5674399073915982
2675.0,-0.5670085256944517
2676.0,-0.5665676334886053
2677.0,-0.5661176387768104
2678.0,-0.5656255993348996
2679.0,-0.5651217016068542
2680.0,-0.5645815593680414
2681.0,-0.5640061675843521
2682.0,-0.5634176029855446
2683.0,-0.5628272671384937
2684.0,-0.5620612395286626
2685.0,-0.5614545377407362
2686.0,-0.5608871542620675
2687.0,-0.5601943384715888
2688.0,-0.5597568992205326
2689.0,-0.559247494902375
2690.0,-0.55893967852687
2691.0,-0.558627412455967
2692.0,-0.5583897030057524
2693.0,-0.5582414668499727
2694.0,-0.5581424643981832
2695.0,-0.5581107090757057
2696.0,-0.5581911161626435
2697.0,-0.5583033351835631
2698.0,-0.5584027308810544
2699.0,-0.558526674720681
2700.0,-0.5585813815230557
2701.0,-0.5586350690351446
2702.0,-0.5586531380802278
2703.0,-0.5586488528545128
2704.0,-0.5585973880473541
2705.0,-0.5584727847458454
2706.0,-0.5583016306611804
2707.0,-0.5581065915273264
2708.0,-0.5578964102637173
2709.0,-0.5577242216684464
2710.0,-0.5575000536738515
2711.0,-0.5572597954245267
2712.0,-0.5570817131792308
2713.0,-0.5569098486137485
2714.0,-0.5567470371426609
2715.0,-0.5566240804221748
2716.0,-0.556509229081843
2717.0,-0.5564142303503333
2718.0,-0.5563524664721865
2719.0,-0.5563637535303472
2720.0,-0.5563157114851175
2721.0,-0.556274251112329
2722.0,-0.5562718800793055
2723.0,-0.5562400342569449
2724.0,-0.5562130491322114
2725.0,-0.556114333676956
2726.0,-0.5560700482930666
2727.0,-0.555997943387587
2728.0,-0.5559407603370322
2729.0,-0.5558579638926656
2730.0,-0.5557646730285531
2731.0,-0.5556064470234158
2732.0,-0.5554831778129244
2733.0,-0.5552805259852537
2734.0,-0.5551276222140996
2735.0,-0.554884569332471
2736.0,-0.5546930191808819
2737.0,-0.5544407399687521
2738.0,-0.5542401358807798
2739.0,-0.5540213517637157
2740.0,-0.5538957759874333
2741.0,-0.5537453258632489
2742.0,-0.553542046526993
2743.0,-0.5535079474544528
2744.0,-0.5533500306887388
2745.0,-0.5533459054142528
2746.0,-0.5533282952040134
2747.0,-0.5533241021131328
2748.0,-0.5532964464094393
2749.0,-0.553183614793322
2750.0,-0.5530789933378701
2751.0,-0.5529495754891449
2752.0,-0.5527259091249488
2753.0,-0.5525284295313517
2754.0,-0.5522072122063825
2755.0,-0.5519470503057162
2756.0,-0.5515396050913869
2757.0,-0.5511701095179781
2758.0,-0.5507840297794214
2759.0,-0.5503641220201293
2760.0,-0.549885569593006
2761.0,-0.5495026012041829
2762.0,-0.5491383134795641
2763.0,-0.548750274691025
2764.0,-0.5483396714614229
2765.0,-0.5480089689678944
2766.0,-0.5476382680893129
2767.0,-0.5473019307077169
2768.0,-0.5469007341584688
2769.0,-0.5465480076431777
2770.0,-0.5461104235351091
2771.0,-0.5458080859750392
2772.0,-0.5454637748683097
2773.0,-0.5452377576624818
2774.0,-0.5449965182141088
2775.0,-0.5448775129800186
2776.0,-0.5447134557890008
2777.0,-0.5446212982264134
2778.0,-0.5445376153251071
2779.0,-0.5445241436463523
2780.0,-0.5445358410974405
2781.0,-0.5445305721192047
2782.0,-0.5445255299017862
2783.0,-0.5444501733707818
2784.0,-0.5443567094602818
2785.0,-0.5441982228713205
2786.0,-0.5439251443060823
2787.0,-0.5435874743996301
2788.0,-0.5431143271722398
2789.0,-0.5426286449162242
2790.0,-0.5419070489173619
2791.0,-0.5412818897558938
2792.0,-0.5403698050838935
2793.0,-0.5393952541450832
2794.0,-0.5384563436049533
2795.0,-0.5375039605090599
2796.0,-0.5365939739597178
2797.0,-0.5357013237237088
2798.0,-0.5348515433867299
2799.0,-0.5342315613045958
2800.0,-0.5335093585774837
2801.0,-0.5329377652537585
2802.0,-0.5322858688933808
2803.0,-0.5317863767075469
2804.0,-0.5312078160373962
2805.0,-0.5307824315281447
2806.0,-0.5303178387371678
2807.0,-0.5298497115138927
2808.0,-0.5294147192662757
2809.0,-0.5289696483457937
2810.0,-0.5285195735545456
2811.0,-0.528119682026356
2812.0,-0.5277353684954899
2813.0,-0.5273724665002291
2814.0,-0.5269722674867499
2815.0,-0.5266393381453229
2816.0,-0.5262202923179519
2817.0,-0.5259412643474829
2818.0,-0.5255089261514952
2819.0,-0.5251666171779155
2820.0,-0.5247964496191857
2821.0,-0.5243031168562355
2822.0,-0.5239059117493411
2823.0,-0.5234386492657459
2824.0,-0.52283543290546
2825.0,-0.5224201281071705
2826.0,-0.5218345899564049
2827.0,-0.5214028444785909
2828.0,-0.5208201345192285
2829.0,-0.5204253077199418
2830.0,-0.5199482971092569
2831.0,-0.51964397937692
2832.0,-0.5193131033412419
2833.0,-0.5190717655266025
2834.0,-0.5189568343023996
2835.0,-0.5188024167856553
2836.0,-0.5187289015828256
2837.0,-0.5186703305150979
2838.0,-0.5187364733402107
2839.0,-0.5187774858310702
2840.0,-0.5188879932608936
2841.0,-0.5190083775929744
2842.0,-0.5191401340859713
2843.0,-0.5192476471259239
2844.0,-0.5194001242768691
2845.0,-0.5195487957419895
2846.0,-0.5196616199942669
2847.0,-0.5197783600294238
2848.0,-0.519943766228016
2849.0,-0.5201294921649569
2850.0,-0.5202055653782466
2851.0,-0.5203309570137705
2852.0,-0.5204921777916794
2853.0,-0.5206344218932888
2854.0,-0.5207941323574027
2855.0,-0.5209437828341771
2856.0,-0.52106613138383
2857.0,-0.5212429385626954
2858.0,-0.5213968260211119
2859.0,-0.5216019331217239
2860.0,-0.5217036452959303
2861.0,-0.5218311475173917
2862.0,-0.5219764244917534
2863.0,-0.5221063472002506
2864.0,-0.5222270690955475
2865.0,-0.5223213399031679
2866.0,-0.522453328008141
2867.0,-0.5225974805648762
2868.0,-0.5227755808066882
2869.0,-0.5230365916706663
2870.0,-0.5233239631584256
2871.0,-0.5236169265404167
2872.0,-0.5239570548129348
2873.0,-0.5243501974465514
2874.0,-0.5247012763152623
2875.0,-0.5251022763101143
2876.0,-0.5256075190707716
2877.0,-0.5259558248502676
2878.0,-0.5263189989204038
2879.0,-0.5266202126592409
2880.0,-0.5268733515451912
2881.0,-0.5270800704587058
2882.0,-0.5272108250731475
2883.0,-0.5273476706784064
2884.0,-0.5274459508572603
2885.0,-0.5275033843142294
2886.0,-0.5275028396564917
2887.0,-0.5275441407455932
2888.0,-0.5275793339319134
2889.0,-0.5276085303549138
2890.0,-0.5276490816932735
2891.0,-0.5277802561153022
2892.0,-0.5278849635735323
2893.0,-0.5280547742553515
2894.0,-0.5282698783004142
2895.0,-0.5284743565006091
2896.0,-0.5286858599874317
2897.0,-0.5288001174012729
2898.0,-0.5289299221223618
2899.0,-0.5289360521724201
2900.0,-0.5290667278721884
2901.0,-0.5291766149178047
2902.0,-0.5292783351859065
2903.0,-0.5293296212010498
2904.0,-0.5293216841990019
2905.0,-0.5292997077061593
2906.0,-0.5292611812784191
2907.0,-0.5292771200756848
2908.0,-0.5293496396768715
2909.0,-0.5295495794666418
2910.0,-0.5296741584423641
2911.0,-0.5300923453322778
2912.0,-0.5306554870437743
2913.0,-0.5312450426174873
2914.0,-0.5322174184158471
2915.0,-0.5332483559601326
2916.0,-0.5342362320052529
2917.0,-0.5352069530117137
2918.0,-0.5361871710718716
2919.0,-0.5370667168402949
2920.0,-0.53791720234437
2921.0,-0.5386128737695286
2922.0,-0.539289384408077
2923.0,-0.5398478567769615
2924.0,-0.5404142499735843
2925.0,-0.5409667652915886
2926.0,-0.5414787414941878
2927.0,-0.5419532214528778
2928.0,-0.5424873078586475
2929.0,-0.5429869070124383
2930.0,-0.5435495931463962
2931.0,-0.5441282116575582
2932.0,-0.5446095584762027
2933.0,-0.5450312329684306
2934.0,-0.5455418198073954
2935.0,-0.5459889525468896
2936.0,-0.5465159415332023
2937.0,-0.5469295410126714
2938.0,-0.5474122013876445
2939.0,-0.547900019755092
2940.0,-0.548412024541437
2941.0,-0.5488935991974351
2942.0,-0.5493510529900779
2943.0,-0.5499537092358684
2944.0,-0.5508631394963253
2945.0,-0.5516417739959216
2946.0,-0.55283257350302
2947.0,-0.5536250737425525
2948.0,-0.5551303383651289
2949.0,-0.5560100775054744
2950.0,-0.5576132677643973
2951.0,-0.558523032384549
2952.0,-0.5593265787864657
2953.0,-0.5600698183757387
2954.0,-0.5607481447385022
2955.0,-0.5612433304066838
2956.0,-0.5617856446417213
2957.0,-0.562215885563771
2958.0,-0.5625273435848164
2959.0,-0.5627562728982693
2960.0,-0.5629281199913216
2961.0,-0.5632407733334835
2962.0,-0.5633943193853937
2963.0,-0.5636313288876866
2964.0,-0.5637495890227506
2965.0,-0.5640180212249474
2966.0,-0.5640900305661131
2967.0,-0.5641401013397944
2968.0,-0.5641991894928462
2969.0,-0.5643160582660535
2970.0,-0.5644811607089766
2971.0,-0.5645923282008688
2972.0,-0.5647540606675852
2973.0,-0.5649197779574132
2974.0,-0.5652311201557172
2975.0,-0.5654758406063458
2976.0,-0.5658550024119426
2977.0,-0.5661239721436425
2978.0,-0.5665326732541497
2979.0,-0.5669341520637492
2980.0,-0.5672966796204975
2981.0,-0.5675621590524537
2982.0,-0.5677426630788067
2983.0,-0.5676641957009616
2984.0,-0.5674794406339987
2985.0,-0.5670946153172144
2986.0,-0.5666638982474694
2987.0,-0.5660091333911716
2988.0,-0.5655553379494673
2989.0,-0.5648273522109676
2990.0,-0.5644302428186494
2991.0,-0.5637590236357143
2992.0,-0.563155398077058
2993.0,-0.5628064277770182
2994.0,-0.5621022636091821
2995.0,-0.5618126119163624
2996.0,-0.5614551874542132
2997.0,-0.5612094317821702
2998.0,-0.5610637974626056
2999.0,-0.5610400814655971
3000.0,-0.5611103788222301
