"Iteration","Cl Monitor: Cl Monitor"
1.0,41.81420491688632
2.0,25.417867042471126
3.0,4.776207756149486
4.0,1.7600417623234916
5.0,0.5983169605381224
6.0,0.3137836942834365
7.0,0.11802864526371902
8.0,0.11700481056305151
9.0,0.5605193219138561
10.0,1.057004198625246
11.0,1.1103043869046905
12.0,1.5619982553803118
13.0,1.7049400280363067
14.0,1.7104065661118864
15.0,1.6202561170700835
16.0,1.596645747775129
17.0,1.4114232624030003
18.0,1.3911567418712734
19.0,1.349537198713714
20.0,1.3267325771397482
21.0,1.1965863175695455
22.0,1.1894948304414157
23.0,1.1775586428794493
24.0,1.1801099113621287
25.0,1.1865226447010446
26.0,1.1956989442685255
27.0,1.2183916358682017
28.0,1.230778023747954
29.0,1.2730852238577866
30.0,1.2824979228549744
31.0,1.2884047039511053
32.0,1.2949455606809162
33.0,1.2968696424432267
34.0,1.295131723460484
35.0,1.290622946125171
36.0,1.2808986231848856
37.0,1.2719991386947491
38.0,1.2647897294706976
39.0,1.2520317580470144
40.0,1.2457383362777266
41.0,1.2404542883924579
42.0,1.2333428850758996
43.0,1.2305319040160176
44.0,1.227499919484504
45.0,1.225823556740308
46.0,1.2258547773816544
47.0,1.2268808213201225
48.0,1.2287748201431687
49.0,1.231346100945979
50.0,1.233392850230545
51.0,1.2361561152701233
52.0,1.2374290680721538
53.0,1.2390806838365689
54.0,1.2405506387277867
55.0,1.2419550040570142
56.0,1.2438025043655574
57.0,1.2464409449785379
58.0,1.2491184570287472
59.0,1.2517745025024958
60.0,1.2545535415653775
61.0,1.2567563603443497
62.0,1.2597437484311143
63.0,1.2618345117410976
64.0,1.2644747988720362
65.0,1.2668442714628843
66.0,1.2685504090721709
67.0,1.2709175788191533
68.0,1.2726700294220896
69.0,1.2743550767900649
70.0,1.2765979562937462
71.0,1.279626346888281
72.0,1.28131360940873
73.0,1.2848990264296116
74.0,1.2884933007314034
75.0,1.2923644467937814
76.0,1.2970139034103925
77.0,1.3050280836484973
78.0,1.3102891667972283
79.0,1.3255698968034033
80.0,1.3323244772377671
81.0,1.3476767284950932
82.0,1.3603904477042394
83.0,1.3735890336310062
84.0,1.3875290849704338
85.0,1.4014928324044011
86.0,1.4091027702760386
87.0,1.4248645876714758
88.0,1.4284810008760331
89.0,1.4409121387192816
90.0,1.4444169112691363
91.0,1.4570095928614704
92.0,1.4602314700287178
93.0,1.464721863459525
94.0,1.4688749375393921
95.0,1.4725595389382695
96.0,1.4769568069173848
97.0,1.4786602371372792
98.0,1.4810974234533458
99.0,1.4819366137093033
100.0,1.4824717898290802
101.0,1.48223393473343
102.0,1.4815736997944833
103.0,1.4802215912954335
104.0,1.4785040668582474
105.0,1.4761602635229067
106.0,1.4748563882743377
107.0,1.4736138866426145
108.0,1.4732518858129244
109.0,1.4733098661770574
110.0,1.473873219427171
111.0,1.4753601831048537
112.0,1.4774060330548136
113.0,1.4802011563616848
114.0,1.4835825622941754
115.0,1.4876683470188523
116.0,1.4935091881316425
117.0,1.4965457469595693
118.0,1.5026675992033558
119.0,1.505454296351919
120.0,1.5097162127468926
121.0,1.5134245061665945
122.0,1.5166136191576995
123.0,1.519501980695358
124.0,1.5218031447459943
125.0,1.5238020982527263
126.0,1.5253823475371888
127.0,1.5265399000386546
128.0,1.5273154153390756
129.0,1.5278061673412804
130.0,1.528124563857677
131.0,1.5280930572087061
132.0,1.5281132443333156
133.0,1.5284512290468106
134.0,1.5288395517917326
135.0,1.5301075028838451
136.0,1.5310887055794458
137.0,1.5336857971895608
138.0,1.5353901050659913
139.0,1.53926302672573
140.0,1.541311295335649
141.0,1.5456069061609519
142.0,1.5477735702692648
143.0,1.5522008966848315
144.0,1.556135034527023
145.0,1.5595831015978527
146.0,1.5625619952656613
147.0,1.5647092338440625
148.0,1.567482197271443
149.0,1.5689299330783018
150.0,1.5716601125736382
151.0,1.5729816651026987
152.0,1.575611745878783
153.0,1.5769493381774884
154.0,1.5796266507357533
155.0,1.5810221983704091
156.0,1.5833619233977811
157.0,1.5858393663835186
158.0,1.5884284911087128
159.0,1.591361612484746
160.0,1.5945034482756917
161.0,1.5988742540821113
162.0,1.6021080069617104
163.0,1.605556144356733
164.0,1.609085314715024
165.0,1.6128273005451097
166.0,1.6165209822832782
167.0,1.6182617645990114
168.0,1.6227932028293268
169.0,1.6254975431679253
170.0,1.6300770568587502
171.0,1.6320771232031401
172.0,1.637046929289745
173.0,1.6414351353932046
174.0,1.6444815685029008
175.0,1.6477593098710517
176.0,1.6525774316671913
177.0,1.654521178465809
178.0,1.65964656000855
179.0,1.6616262727995839
180.0,1.6665823898001781
181.0,1.6709725050174116
182.0,1.6751285267190854
183.0,1.677062965651936
184.0,1.6815098600024125
185.0,1.6853294709417643
186.0,1.6886817401785335
187.0,1.691005408021494
188.0,1.694590472930903
189.0,1.6962248756743932
190.0,1.699934844167647
191.0,1.702266677705225
192.0,1.7047265361390083
193.0,1.7084981645319246
194.0,1.710209927600364
195.0,1.7144149953567063
196.0,1.7161932206847328
197.0,1.720592009716126
198.0,1.7224103149760266
199.0,1.7255416910719417
200.0,1.7287072161757004
201.0,1.731836120987629
202.0,1.7351612129233642
203.0,1.7384436910455172
204.0,1.7406821849110568
205.0,1.7431065019007208
206.0,1.7485250490768696
207.0,1.75036966684123
208.0,1.7523691531362555
209.0,1.7556770658117868
210.0,1.757657828264382
211.0,1.7618761801970946
212.0,1.7633236846516152
213.0,1.7649898961272736
214.0,1.7667716992408953
215.0,1.7686627466334524
216.0,1.77062581010652
217.0,1.7736492689401022
218.0,1.775403291814327
219.0,1.779451828898203
220.0,1.7808333312884908
221.0,1.782470900285322
222.0,1.7842846490074458
223.0,1.7872718795858686
224.0,1.7891086407370271
225.0,1.7922434334233415
226.0,1.7941263297450638
227.0,1.7972109091545059
228.0,1.799077277030995
229.0,1.8011655553574901
230.0,1.8046850774581833
231.0,1.80671422920527
232.0,1.8118778190351568
233.0,1.8134385601793295
234.0,1.8152489428019283
235.0,1.8181672270964166
236.0,1.8220923366480999
237.0,1.8233191100365782
238.0,1.824780860957451
239.0,1.8281981374626384
240.0,1.8292726985450234
241.0,1.831480140870173
242.0,1.8335849456464486
243.0,1.8356230208333093
244.0,1.8376729054030934
245.0,1.8397855374004919
246.0,1.8427044980757585
247.0,1.8438342684957962
248.0,1.8478745190625427
249.0,1.8488398400551163
250.0,1.8523263490503186
251.0,1.8532865065552913
252.0,1.857431481402349
253.0,1.8582408321468304
254.0,1.861079096478504
255.0,1.8619138349111064
256.0,1.865571428667653
257.0,1.8662603033545773
258.0,1.8693955937840985
259.0,1.870086399193324
260.0,1.8732114745425739
261.0,1.873894376415479
262.0,1.8769489013125975
263.0,1.8776613855562103
264.0,1.8808453899283344
265.0,1.8815708047234205
266.0,1.884776695827179
267.0,1.8855208098645146
268.0,1.888835499398306
269.0,1.8895555812079488
270.0,1.8927808670380628
271.0,1.893478274241728
272.0,1.8966230323218864
273.0,1.8973038521553849
274.0,1.9002790840801902
275.0,1.9009323918381154
276.0,1.9038826533028457
277.0,1.9045326369724593
278.0,1.9069205421143622
279.0,1.9076570528411496
280.0,1.9109633189588477
281.0,1.9115889739769556
282.0,1.9140023176171936
283.0,1.9147267578008502
284.0,1.918042966877073
285.0,1.9187020058407356
286.0,1.920636728439168
287.0,1.9224755871423
288.0,1.9243505362545326
289.0,1.926183182406263
290.0,1.9280354230740695
291.0,1.9310260947257827
292.0,1.9317132942706117
293.0,1.934505226152981
294.0,1.9351273680992631
295.0,1.9378755577166697
296.0,1.9384948228407621
297.0,1.9413152259032462
298.0,1.9419361593194369
299.0,1.9448082083213065
300.0,1.9454244468721174
301.0,1.9483275143272734
302.0,1.948950985289978
303.0,1.951914271302978
304.0,1.9525670621584683
305.0,1.9556410544555916
306.0,1.9562873776209768
307.0,1.9593731803511236
308.0,1.9600249281180806
309.0,1.9625205110322703
310.0,1.9632681618580152
311.0,1.9667020275556433
312.0,1.967351860420505
313.0,1.9693180127558718
314.0,1.9712048276979153
315.0,1.9730898324099877
316.0,1.9749749938981442
317.0,1.9768471015411613
318.0,1.978677537409485
319.0,1.9805241358896788
320.0,1.9823323845770622
321.0,1.9836381003493524
322.0,1.9857774716817556
323.0,1.9876865963949513
324.0,1.9890193161198126
325.0,1.99117229534935
326.0,1.9925610732299197
327.0,1.9954791730051993
328.0,1.9962301053260962
329.0,1.9989148943789774
330.0,1.9996184215514892
331.0,2.0022426566477587
332.0,2.0029640656817667
333.0,2.0061090782930413
334.0,2.0067331680654323
335.0,2.0084612694066584
336.0,2.0100633332054625
337.0,2.0116828005280456
338.0,2.013332100688855
339.0,2.01493008769226
340.0,2.0165208463063595
341.0,2.0180663610353964
342.0,2.0195955098382203
343.0,2.021138819270245
344.0,2.0235399385683435
345.0,2.024313003722262
346.0,2.0257032602390703
347.0,2.027083517518035
348.0,2.0292319081065253
349.0,2.029975946553872
350.0,2.031976335274291
351.0,2.032692664291995
352.0,2.03472449762794
353.0,2.0354250016688593
354.0,2.0373992869866857
355.0,2.038071506986966
356.0,2.0400012878685554
357.0,2.0411744287541285
358.0,2.0424840984823525
359.0,2.0437809912735583
360.0,2.0453271408993547
361.0,2.0463724236286187
362.0,2.047492189671854
363.0,2.0488765217489315
364.0,2.0503384535807254
365.0,2.050875310602407
366.0,2.052569742386418
367.0,2.0533950481176757
368.0,2.054633562631516
369.0,2.05601597875988
370.0,2.056816535565607
371.0,2.0579911732497984
372.0,2.0593244656967324
373.0,2.060125543968026
374.0,2.061487054260174
375.0,2.062263064858454
376.0,2.0636129563122587
377.0,2.0643706372084023
378.0,2.065677731749275
379.0,2.066417163675422
380.0,2.0677062646685456
381.0,2.068448317590307
382.0,2.0697164927282783
383.0,2.0704362777464134
384.0,2.0716591797141026
385.0,2.0723660548528064
386.0,2.073591498865389
387.0,2.074281887385371
388.0,2.0754835047718636
389.0,2.0761593330190493
390.0,2.0773318806058896
391.0,2.078283048372698
392.0,2.078905177983529
393.0,2.079986091353432
394.0,2.080885977248653
395.0,2.0814984718768645
396.0,2.0825854675832662
397.0,2.0834831983030067
398.0,2.084077844220781
399.0,2.0851530897349355
400.0,2.0860393771843473
401.0,2.0866150883591383
402.0,2.087660285577206
403.0,2.088533577787258
404.0,2.0891132709116293
405.0,2.0901264669274378
406.0,2.0909597326583547
407.0,2.0915061590080564
408.0,2.0924977305760772
409.0,2.093317756811953
410.0,2.0938691442651605
411.0,2.09482726076792
412.0,2.0956326122395517
413.0,2.096167758388554
414.0,2.097121209874139
415.0,2.097900222019626
416.0,2.098503773899801
417.0,2.0992962718878396
418.0,2.1000030822921696
419.0,2.1005955774238876
420.0,2.101386440306634
421.0,2.102108609084141
422.0,2.1027244663215297
423.0,2.103501198291608
424.0,2.1041910537432242
425.0,2.104674679144241
426.0,2.105525692351862
427.0,2.106206158409829
428.0,2.1067628661552966
429.0,2.107463034536352
430.0,2.108078275760902
431.0,2.1086015738669857
432.0,2.1093051166652375
433.0,2.1099308591962767
434.0,2.1104427733270894
435.0,2.1112044617753267
436.0,2.1114561223839
437.0,2.1126005371228898
438.0,2.112797656283106
439.0,2.1135379298161454
440.0,2.1137638778746464
441.0,2.114880695035482
442.0,2.115085522180524
443.0,2.115850716175624
444.0,2.1160677433701442
445.0,2.1171508445857072
446.0,2.1173423651617824
447.0,2.117899553048946
448.0,2.1185189771237796
449.0,2.1190744295830055
450.0,2.1195103987712316
451.0,2.1200905494118016
452.0,2.1206144704898944
453.0,2.1210547498924917
454.0,2.1216962570518567
455.0,2.121912772068571
456.0,2.122910739046831
457.0,2.1230866320426967
458.0,2.1236079409405373
459.0,2.1241799203157887
460.0,2.1246926798934966
461.0,2.125182710391005
462.0,2.1256465982603316
463.0,2.1261050752323123
464.0,2.126577421112959
465.0,2.1270382897741746
466.0,2.1275038116183675
467.0,2.1279631864380883
468.0,2.1284354064121898
469.0,2.1289078168189066
470.0,2.129384790335907
471.0,2.1298486846011526
472.0,2.1303003230846476
473.0,2.130746862404056
474.0,2.1311884087684616
475.0,2.1316150274050676
476.0,2.132050047252465
477.0,2.1324906876890495
478.0,2.132920630239159
479.0,2.1333459990219295
480.0,2.1337707713309495
481.0,2.134126191745953
482.0,2.134665346044702
483.0,2.1348830344484457
484.0,2.1355234447963736
485.0,2.135730720064889
486.0,2.136440515696294
487.0,2.13659124360675
488.0,2.137270491510702
489.0,2.1374089114128574
490.0,2.137993151720754
491.0,2.13813819458482
492.0,2.1388916484842686
493.0,2.1390261952148806
494.0,2.139430390015221
495.0,2.139847205704236
496.0,2.1402576275942953
497.0,2.140592566748392
498.0,2.1410204349784343
499.0,2.1414115547577572
500.0,2.141738008163682
501.0,2.1422272415129417
502.0,2.1423774053394404
503.0,2.143099165701697
504.0,2.1432213963654303
505.0,2.143698416416561
506.0,2.1438316789368406
507.0,2.144542079433171
508.0,2.1446630367007766
509.0,2.1451331242465828
510.0,2.145260572826862
511.0,2.1459427774233197
512.0,2.14606199388709
513.0,2.1465249190739297
514.0,2.146681372582646
515.0,2.147232818628366
516.0,2.147404192591762
517.0,2.14802089860253
518.0,2.148139207947535
519.0,2.1486414166316865
520.0,2.1487560921002724
521.0,2.149344629972056
522.0,2.149459306831811
523.0,2.1499733796377654
524.0,2.1500920192387576
525.0,2.1506657983828683
526.0,2.1507882151597766
527.0,2.1513624679928163
528.0,2.151480566440719
529.0,2.152026872944322
530.0,2.1521394798756726
531.0,2.1527286118129494
532.0,2.152812549533452
533.0,2.153327549704454
534.0,2.153438319089407
535.0,2.154048100139164
536.0,2.1541360690848887
537.0,2.154685153200833
538.0,2.1548001511700074
539.0,2.155379493370806
540.0,2.155499145145526
541.0,2.156141224296625
542.0,2.156226916194837
543.0,2.156766924169325
544.0,2.1568508369346726
545.0,2.15744335049027
546.0,2.1575320376142444
547.0,2.158202233680161
548.0,2.158282240569272
549.0,2.158805637431524
550.0,2.1588904435279272
551.0,2.159510708571214
552.0,2.1596035808818765
553.0,2.160309763617379
554.0,2.160393099833693
555.0,2.1609492473777823
556.0,2.1610342020116966
557.0,2.1617104998139425
558.0,2.1617924618253497
559.0,2.1623565407060563
560.0,2.1624401670055575
561.0,2.16312412546666
562.0,2.163204789584516
563.0,2.1638215072765505
564.0,2.1638955805039117
565.0,2.164428698201828
566.0,2.1645141279250137
567.0,2.165270412725356
568.0,2.165346799774856
569.0,2.1657131770082194
570.0,2.165922484800157
571.0,2.166686663542485
572.0,2.166792457531614
573.0,2.1671267028507035
574.0,2.167482546362884
575.0,2.1678385865324254
576.0,2.168195910041809
577.0,2.1685568372589046
578.0,2.1689086791351913
579.0,2.1691202562052436
580.0,2.1697928049040804
581.0,2.1698722380923656
582.0,2.1704441235428833
583.0,2.1705130964616544
584.0,2.171021989657734
585.0,2.1710986823709852
586.0,2.1718144562278043
587.0,2.171883496381387
588.0,2.1722181325596037
589.0,2.1724112515279206
590.0,2.173073549364568
591.0,2.1731777222750934
592.0,2.1737997563622615
593.0,2.17386629962474
594.0,2.1741925315174324
595.0,2.1743849378991165
596.0,2.175110845934768
597.0,2.175208719173172
598.0,2.1755239061345932
599.0,2.1758492195236734
600.0,2.1761909537665067
601.0,2.1765285167226582
602.0,2.176871991372724
603.0,2.1772072896622796
604.0,2.177534762919297
605.0,2.177859164447292
606.0,2.178168735872983
607.0,2.178479458977053
608.0,2.1787846902317525
609.0,2.179099175238627
610.0,2.179415097678269
611.0,2.1797324075130295
612.0,2.180048994180027
613.0,2.1803688974865305
614.0,2.180695159427181
615.0,2.1810228147191273
616.0,2.1813536609343345
617.0,2.181690725900885
618.0,2.182025206943177
619.0,2.1823651139642117
620.0,2.182700039033027
621.0,2.1830320809459773
622.0,2.183361973910982
623.0,2.183676578928143
624.0,2.183981039130248
625.0,2.184301873170647
626.0,2.1846259293548327
627.0,2.1849587817395273
628.0,2.1852983628402214
629.0,2.185636159943162
630.0,2.1859784192333835
631.0,2.1863107104385198
632.0,2.1865778553065067
633.0,2.1869676013271477
634.0,2.1873302077099326
635.0,2.187684933462873
636.0,2.18802593856087
637.0,2.188365173210911
638.0,2.188698184327809
639.0,2.1889639189489283
640.0,2.1893539772266273
641.0,2.189717005821699
642.0,2.190076506599078
643.0,2.1904269067242454
644.0,2.1907745362179787
645.0,2.191122584519964
646.0,2.1914720463856794
647.0,2.191826705455043
648.0,2.1921823252591057
649.0,2.192545669655074
650.0,2.192916402604467
651.0,2.1932744489887406
652.0,2.1936390199925873
653.0,2.194001535542305
654.0,2.1943610040949504
655.0,2.1947222628157412
656.0,2.195012528512041
657.0,2.195431607573094
658.0,2.195826879824022
659.0,2.19621465257505
660.0,2.196516340824492
661.0,2.1969403200864575
662.0,2.197330565705201
663.0,2.1976283343464367
664.0,2.1980522953635977
665.0,2.1984402472763023
666.0,2.1986002348623277
667.0,2.1994857597474597
668.0,2.1995911757330577
669.0,2.1998041589616553
670.0,2.2002376931468843
671.0,2.200648334201111
672.0,2.2009615954715778
673.0,2.201404308795948
674.0,2.201823697695165
675.0,2.201990143781229
676.0,2.202895937982799
677.0,2.2030036733937988
678.0,2.2032153483049153
679.0,2.20363804249171
680.0,2.2040380382399207
681.0,2.2043559014902234
682.0,2.204808847213066
683.0,2.2052293484234027
684.0,2.2053959558442897
685.0,2.2063204977477966
686.0,2.206403600075689
687.0,2.206689785527358
688.0,2.2070044182563326
689.0,2.2074578206113378
690.0,2.2078776604766452
691.0,2.2081944561279174
692.0,2.208638449490354
693.0,2.209049349514047
694.0,2.209214763112847
695.0,2.2102018562576764
696.0,2.2103031289451494
697.0,2.2104503540929814
698.0,2.2109315748867133
699.0,2.2111221457017107
700.0,2.2117576200920066
701.0,2.211893286622271
702.0,2.2126506029318085
703.0,2.212736939457435
704.0,2.213414482958337
705.0,2.213496173477018
706.0,2.2140066133222813
707.0,2.2141418274312747
708.0,2.2149226945316705
709.0,2.2150445562485443
710.0,2.2156470276826803
711.0,2.2157349793680403
712.0,2.2164843453424177
713.0,2.2165675673804843
714.0,2.2172463259889534
715.0,2.2173253772026897
716.0,2.2178225188296503
717.0,2.217959458332636
718.0,2.2187543131205736
719.0,2.218878220906912
720.0,2.2193979981684255
721.0,2.2195404734528976
722.0,2.2203718701170883
723.0,2.220496517894062
724.0,2.220832411068725
725.0,2.2211932790438804
726.0,2.221682627388347
727.0,2.2221232011552505
728.0,2.222294350275179
729.0,2.223262959234789
730.0,2.223372825023723
731.0,2.2235335761178368
732.0,2.2241537026159692
733.0,2.2242790565670023
734.0,2.224909259814154
735.0,2.225041611404223
736.0,2.225703516131153
737.0,2.22583391522383
738.0,2.2264967464334386
739.0,2.2266287351393403
740.0,2.227290016592515
741.0,2.2274229500454945
742.0,2.228080216650239
743.0,2.228214847463339
744.0,2.228887512844199
745.0,2.229019398410842
746.0,2.229677590409085
747.0,2.2297731012918955
748.0,2.230527641649518
749.0,2.230615994519019
750.0,2.2312983725132414
751.0,2.2313821343705667
752.0,2.23197776735737
753.0,2.232070511677017
754.0,2.232831618654389
755.0,2.2329230302272483
756.0,2.233662817009599
757.0,2.2337522527594045
758.0,2.234394713904446
759.0,2.2344903087755124
760.0,2.235261030327636
761.0,2.235349483677567
762.0,2.2359678286335347
763.0,2.2360624292942317
764.0,2.2368627716013347
765.0,2.2369523149619637
766.0,2.237592011822831
767.0,2.237685506985245
768.0,2.238451429982517
769.0,2.2385407095466943
770.0,2.239163135067637
771.0,2.239255387107758
772.0,2.2400230827034036
773.0,2.2401132455183452
774.0,2.2407387957161475
775.0,2.2408311388632858
776.0,2.2416110810946432
777.0,2.241702231836125
778.0,2.2423446891861483
779.0,2.242437200593337
780.0,2.243228414792531
781.0,2.243318350518359
782.0,2.24403269164259
783.0,2.244113252393154
784.0,2.2447037398963623
785.0,2.2447925587129203
786.0,2.2455438265518453
787.0,2.245630925957784
788.0,2.2463509382053735
789.0,2.2464352189533723
790.0,2.24697235209734
791.0,2.2471152224359767
792.0,2.247937974329408
793.0,2.2480302991569485
794.0,2.248770159202895
795.0,2.248854887063911
796.0,2.2493832070177486
797.0,2.2495187194437634
798.0,2.2502195324502257
799.0,2.2503474570213573
800.0,2.251021362517502
801.0,2.2511125016820537
802.0,2.2518852580981044
803.0,2.25196997414491
804.0,2.2523153331088577
805.0,2.2526722109057546
806.0,2.253165141049771
807.0,2.2533406705795778
808.0,2.254265413489815
809.0,2.25435671007624
810.0,2.2545577779165464
811.0,2.2552957267107545
812.0,2.2553877269414384
813.0,2.2560722052825435
814.0,2.2561646119784378
815.0,2.256733275799971
816.0,2.2568290119966545
817.0,2.2576377898399276
818.0,2.2577237487906276
819.0,2.2580544545956243
820.0,2.258405714486395
821.0,2.2588804898261086
822.0,2.259054862315232
823.0,2.2599376086563665
824.0,2.260025776446947
825.0,2.260343623730437
826.0,2.2606016402499147
827.0,2.2613193832407457
828.0,2.2614138847269145
829.0,2.262060034333524
830.0,2.2621478635653802
831.0,2.262686730996245
832.0,2.2627835454309158
833.0,2.2635658070413545
834.0,2.26365106461005
835.0,2.263970343036908
836.0,2.2643968911901964
837.0,2.264635917430819
838.0,2.265315172476678
839.0,2.2654108110577993
840.0,2.2661324530043445
841.0,2.2662132476310455
842.0,2.266596610945215
843.0,2.26680849553461
844.0,2.267274281687083
845.0,2.267680195944418
846.0,2.267905688291504
847.0,2.268574149104068
848.0,2.2686640687801174
849.0,2.2692491119252343
850.0,2.269333990711336
851.0,2.269927610575809
852.0,2.270012976350596
853.0,2.2706142591084197
854.0,2.2707019426350876
855.0,2.271328542185091
856.0,2.271415674185994
857.0,2.2720213028988923
858.0,2.272108464782382
859.0,2.272724350300751
860.0,2.2728097751069867
861.0,2.273408720451404
862.0,2.2734951736997933
863.0,2.2741082021385033
864.0,2.274195584076966
865.0,2.2748108913461254
866.0,2.2748985075822135
867.0,2.2755807694092356
868.0,2.275658921633099
869.0,2.2760280234294012
870.0,2.276231148656738
871.0,2.2768515854615
872.0,2.27694079935807
873.0,2.2776232164018193
874.0,2.277701510913027
875.0,2.2780624726985996
876.0,2.2782643506560225
877.0,2.2787120871528868
878.0,2.2789357374375987
879.0,2.279596636134342
880.0,2.2796863945211148
881.0,2.2802888236390126
882.0,2.280371120579086
883.0,2.2807783188574087
884.0,2.280921935640892
885.0,2.2815868210761474
886.0,2.2816714297526883
887.0,2.2822681264872213
888.0,2.282347292259579
889.0,2.2827540144348175
890.0,2.28284999749371
891.0,2.283644618014126
892.0,2.2837205238930833
893.0,2.283890508355464
894.0,2.284347266480948
895.0,2.2845008072003776
896.0,2.285234881728468
897.0,2.2853218962597284
898.0,2.2858147140772216
899.0,2.2859008784180666
900.0,2.2865079022788453
901.0,2.286589153197261
902.0,2.286975804798092
903.0,2.2871725468797157
904.0,2.287598905631446
905.0,2.287811563813205
906.0,2.288431978247893
907.0,2.2885138190800682
908.0,2.28888451465896
909.0,2.289078686691719
910.0,2.2896560635428265
911.0,2.289737354724175
912.0,2.290273285943609
913.0,2.290349081065291
914.0,2.2908654144131337
915.0,2.2909417207461598
916.0,2.2914718105647993
917.0,2.2915467897825335
918.0,2.292077603488942
919.0,2.2921543765870065
920.0,2.2926988014301304
921.0,2.2927769001469347
922.0,2.29331851333334
923.0,2.293394791474402
924.0,2.2939241630185427
925.0,2.294001434524502
926.0,2.2945238324499613
927.0,2.2946010093911737
928.0,2.295122309279822
929.0,2.295199781125208
930.0,2.2957072963827807
931.0,2.295785252037834
932.0,2.296306402199932
933.0,2.296384817627349
934.0,2.29691039083043
935.0,2.29698738927649
936.0,2.297499820395665
937.0,2.297576095285087
938.0,2.2980824832214566
939.0,2.29815786408616
940.0,2.298662292517122
941.0,2.298736822467248
942.0,2.299233625312615
943.0,2.299307478938138
944.0,2.2998019395327973
945.0,2.299875407688763
946.0,2.3003720377345123
947.0,2.3004461776128666
948.0,2.3009425350066253
949.0,2.3010161515468064
950.0,2.301372322278519
951.0,2.3015543432423846
952.0,2.3020989735466464
953.0,2.30217646199757
954.0,2.3025242247248774
955.0,2.3027021904833385
956.0,2.3032352197016586
957.0,2.303310586185721
958.0,2.3036506559263645
959.0,2.3038227036895043
960.0,2.30419422824644
961.0,2.3043770003937234
962.0,2.3048945696946017
963.0,2.304968666280646
964.0,2.3052916194464625
965.0,2.3054575762735645
966.0,2.305812142298705
967.0,2.3059869043138224
968.0,2.3064915275778337
969.0,2.306564388496474
970.0,2.3068846073170866
971.0,2.3070515954496154
972.0,2.307405658867147
973.0,2.3075818233567924
974.0,2.3080885615891416
975.0,2.308159559404268
976.0,2.3084669674331746
977.0,2.3086252759458947
978.0,2.308968214425533
979.0,2.3091373316915544
980.0,2.3096290893982006
981.0,2.309699159648486
982.0,2.310007999267906
983.0,2.3101664932261636
984.0,2.3105094394828685
985.0,2.310678854619784
986.0,2.3111663115055903
987.0,2.3112347082991227
988.0,2.3115322631231483
989.0,2.3116882960957086
990.0,2.3120235202574184
991.0,2.3123065092027146
992.0,2.312464026062848
993.0,2.3127796029842416
994.0,2.312936899407618
995.0,2.3132655648136433
996.0,2.3134276046031945
997.0,2.3137640931261108
998.0,2.313925483209516
999.0,2.3142623285852446
1000.0,2.3144237591517487
1001.0,2.3147552234101436
1002.0,2.3149134357935823
1003.0,2.3152397471846053
1004.0,2.3153936492255456
1005.0,2.315711640376239
1006.0,2.315865983483692
1007.0,2.316182542282969
1008.0,2.3163354097514017
1009.0,2.3166528023487136
1010.0,2.3168061044912687
1011.0,2.3171190516417246
1012.0,2.3172710947099993
1013.0,2.3175850394960777
1014.0,2.317737194718873
1015.0,2.3180493315728388
1016.0,2.3182002647563293
1017.0,2.3185120918160917
1018.0,2.318659590253877
1019.0,2.3189661633596073
1020.0,2.3191134195207033
1021.0,2.3194203018034307
1022.0,2.3195682510693865
1023.0,2.319875849292254
1024.0,2.320024316749452
1025.0,2.3203276318791137
1026.0,2.3204702328082463
1027.0,2.3207629314302993
1028.0,2.320905544231534
1029.0,2.321200751038684
1030.0,2.321343999390497
1031.0,2.3216391743878693
1032.0,2.3217802131660346
1033.0,2.3220734626831265
1034.0,2.3222137726226437
1035.0,2.3225112440315967
1036.0,2.322653458658162
1037.0,2.3229449158293796
1038.0,2.3230866788271154
1039.0,2.323377166390885
1040.0,2.323515680147733
1041.0,2.3238017971275435
1042.0,2.3239400252767304
1043.0,2.3242273396522655
1044.0,2.3243627560077953
1045.0,2.324642790069632
1046.0,2.3247781606622526
1047.0,2.325056678143143
1048.0,2.3251903044814246
1049.0,2.325466966534726
1050.0,2.325601014316765
1051.0,2.325879104424191
1052.0,2.326012673749943
1053.0,2.326288051875119
1054.0,2.326420631167424
1055.0,2.3266973902338757
1056.0,2.3268284989257024
1057.0,2.327099821157231
1058.0,2.3272295302467634
1059.0,2.3274991890342775
1060.0,2.327627314365506
1061.0,2.32789200397457
1062.0,2.3280207269229227
1063.0,2.328287168862559
1064.0,2.328416356861029
1065.0,2.3286799384906214
1066.0,2.328807818480556
1067.0,2.329073461513786
1068.0,2.32920120087318
1069.0,2.3294626594736205
1070.0,2.3295889468675557
1071.0,2.3298499569027507
1072.0,2.3299748414205683
1073.0,2.3302306394052734
1074.0,2.3303534162515325
1075.0,2.3305113911929354
1076.0,2.3308997298316654
1077.0,2.330951096776409
1078.0,2.331090726919999
1079.0,2.3313377525786447
1080.0,2.331458882481649
1081.0,2.331711132707567
1082.0,2.3318334620059353
1083.0,2.3320838482216217
1084.0,2.332205400768745
1085.0,2.332454877529315
1086.0,2.332575419430027
1087.0,2.3328182113473903
1088.0,2.3329369448054518
1089.0,2.3331814324753855
1090.0,2.3332980328891053
1091.0,2.333539660019672
1092.0,2.333655409646085
1093.0,2.333897105061412
1094.0,2.334011035460826
1095.0,2.334248649892783
1096.0,2.3343628023581897
1097.0,2.3345969271060416
1098.0,2.3347090968722015
1099.0,2.3349430384592527
1100.0,2.3350549970639616
1101.0,2.335287027190303
1102.0,2.3353989950174348
1103.0,2.335629301181768
1104.0,2.335742001009417
1105.0,2.3359681889586095
1106.0,2.336080283804274
1107.0,2.3363089947470166
1108.0,2.336419466963365
1109.0,2.3366481612411163
1110.0,2.336757704706094
1111.0,2.336981691198643
1112.0,2.337088084434969
1113.0,2.3373100223758687
1114.0,2.337416181986462
1115.0,2.3376402385712827
1116.0,2.337747415312885
1117.0,2.337885086312915
1118.0,2.3382228638512306
1119.0,2.3382796187788433
1120.0,2.338392152721801
1121.0,2.338523721820816
1122.0,2.338845486405452
1123.0,2.3389030363982597
1124.0,2.3390171442186003
1125.0,2.3392304120840786
1126.0,2.3393332067745005
1127.0,2.3395533093557352
1128.0,2.339659330281679
1129.0,2.339874093139864
1130.0,2.3399776510419903
1131.0,2.3401903884728625
1132.0,2.340291908496387
1133.0,2.3405014453865416
1134.0,2.340603046666676
1135.0,2.340810395824628
1136.0,2.340908525595952
1137.0,2.3411143622056687
1138.0,2.3412129291433414
1139.0,2.341419118409097
1140.0,2.3415164684573955
1141.0,2.3417182683659643
1142.0,2.341815101896294
1143.0,2.3420119085750684
1144.0,2.3421097652774283
1145.0,2.3423057353467565
1146.0,2.3424032742909247
1147.0,2.3426049163035296
1148.0,2.3426993190291676
1149.0,2.342892922126593
1150.0,2.3429880594549775
1151.0,2.343186668821647
1152.0,2.343347172873689
1153.0,2.343438302804867
1154.0,2.3435537789313536
1155.0,2.343831036519856
1156.0,2.343880746020837
1157.0,2.3439815367955568
1158.0,2.344169713698922
1159.0,2.3443262352193117
1160.0,2.3444779382265697
1161.0,2.3445626859176443
1162.0,2.3446743472467744
1163.0,2.344981464073565
1164.0,2.3450261204294076
1165.0,2.3451135131503182
1166.0,2.3452201591222446
1167.0,2.3454841323617397
1168.0,2.345534245272976
1169.0,2.345639413886782
1170.0,2.345903576953072
1171.0,2.3459537419872194
1172.0,2.3460551040023567
1173.0,2.3463088258255955
1174.0,2.3463584135566906
1175.0,2.346457654000098
1176.0,2.346709281319083
1177.0,2.3467581885071
1178.0,2.346857786423258
1179.0,2.3471040477111287
1180.0,2.3471524827152286
1181.0,2.3472530903862863
1182.0,2.347503695986167
1183.0,2.3475513268812627
1184.0,2.347648569522814
1185.0,2.3478914040159373
1186.0,2.3479374221321567
1187.0,2.348033929822783
1188.0,2.3482761234600904
1189.0,2.3483223227701333
1190.0,2.348417796856
1191.0,2.3486538271550894
1192.0,2.3487011348542417
1193.0,2.3487962914903266
1194.0,2.349033575716872
1195.0,2.3490805125448766
1196.0,2.349174933898553
1197.0,2.349408609661205
1198.0,2.3494539788614928
1199.0,2.3495477132661042
1200.0,2.349786544838093
1201.0,2.349829384403078
1202.0,2.34991909600349
1203.0,2.3501486741184543
1204.0,2.3501927213424927
1205.0,2.350282257934818
1206.0,2.350448163529752
1207.0,2.350528438813238
1208.0,2.3506978269261074
1209.0,2.350775323077208
1210.0,2.3509466676876523
1211.0,2.351027097466279
1212.0,2.351192454153271
1213.0,2.351270737982143
1214.0,2.351368297296973
1215.0,2.351605687700254
1216.0,2.3516486098620364
1217.0,2.3517309388921537
1218.0,2.3518805878794833
1219.0,2.3519539309012085
1220.0,2.3521150927897168
1221.0,2.3521863053168364
1222.0,2.3523379745201702
1223.0,2.3524134161353487
1224.0,2.352569873049362
1225.0,2.3526444181733255
1226.0,2.3527964327850044
1227.0,2.3528717996621733
1228.0,2.353023742599016
1229.0,2.353094985990564
1230.0,2.3532476718572
1231.0,2.353318553106704
1232.0,2.3534657504343177
1233.0,2.353537269935317
1234.0,2.353687519038578
1235.0,2.3537603296765677
1236.0,2.353909721315499
1237.0,2.3540310138734677
1238.0,2.3540984282408672
1239.0,2.3541833052878927
1240.0,2.3543893290855045
1241.0,2.3544271681008806
1242.0,2.3545044703724964
1243.0,2.354649303842928
1244.0,2.3547663933172416
1245.0,2.3548762681202327
1246.0,2.3549804800348415
1247.0,2.3550448953645984
1248.0,2.3551285656817615
1249.0,2.3553278091993204
1250.0,2.355366091831927
1251.0,2.355443301075581
1252.0,2.355635885219987
1253.0,2.355675594341759
1254.0,2.355757218289178
1255.0,2.3559545973621407
1256.0,2.3559923428603655
1257.0,2.3560678805944972
1258.0,2.3562624159041667
1259.0,2.3563000259517923
1260.0,2.3563757553985574
1261.0,2.35655803918834
1262.0,2.3565953513828375
1263.0,2.356672185438928
1264.0,2.3568596340187438
1265.0,2.356895692847479
1266.0,2.3569698983082703
1267.0,2.3571548530573363
1268.0,2.3571907734189987
1269.0,2.3572668350670063
1270.0,2.357453087291485
1271.0,2.357488554560063
1272.0,2.357563721295303
1273.0,2.357750868212953
1274.0,2.3577858589015106
1275.0,2.3578571560733748
1276.0,2.3579890953797453
1277.0,2.3581204422083
1278.0,2.3581593582931464
1279.0,2.358235418126229
1280.0,2.358419041464701
1281.0,2.3584535111386518
1282.0,2.35852374374516
1283.0,2.358695282750813
1284.0,2.358729315356093
1285.0,2.3588000553692914
1286.0,2.3589774607926035
1287.0,2.359011418434832
1288.0,2.359082226338299
1289.0,2.3592545991929774
1290.0,2.359288062470708
1291.0,2.3593588661550036
1292.0,2.359532434019371
1293.0,2.3595659359113363
1294.0,2.359634450253878
1295.0,2.3598032859848947
1296.0,2.3598356051107348
1297.0,2.359903712907397
1298.0,2.360026766704237
1299.0,2.3601325020604156
1300.0,2.360227055210886
1301.0,2.3602809198327694
1302.0,2.3603523044490196
1303.0,2.3605213901913444
1304.0,2.3605537045639466
1305.0,2.360617996214415
1306.0,2.360738798301947
1307.0,2.3608383918270723
1308.0,2.360928935599366
1309.0,2.3609835491022597
1310.0,2.3610527806287456
1311.0,2.3612206837870033
1312.0,2.3612510335216785
1313.0,2.3613137548259737
1314.0,2.3614319618441364
1315.0,2.3614871336966643
1316.0,2.361608766309596
1317.0,2.3616652439426553
1318.0,2.361736701883422
1319.0,2.3619381220784046
1320.0,2.3619583352299314
1321.0,2.3620115861571493
1322.0,2.362070370375033
1323.0,2.362184735371726
1324.0,2.3622398509340843
1325.0,2.3623104961402746
1326.0,2.36250951134489
1327.0,2.3625299664186814
1328.0,2.3625859398150277
1329.0,2.3626474350276925
1330.0,2.3627639270793415
1331.0,2.362816643506838
1332.0,2.362933834260884
1333.0,2.3629878058458726
1334.0,2.3630578995516696
1335.0,2.3632241516001296
1336.0,2.363246174035583
1337.0,2.3633075414279503
1338.0,2.3633736567583945
1339.0,2.363538525735313
1340.0,2.363559623790275
1341.0,2.3636190590711847
1342.0,2.3637254736646622
1343.0,2.363777940555029
1344.0,2.3638457425245796
1345.0,2.3640050590785946
1346.0,2.3640271141201814
1347.0,2.3640881851066053
1348.0,2.364155170263992
1349.0,2.3643189900334303
1350.0,2.364340617283747
1351.0,2.3643993197382533
1352.0,2.364463817401982
1353.0,2.3646174827710196
1354.0,2.3646385953155593
1355.0,2.3646977765072164
1356.0,2.3648003254685164
1357.0,2.3648507164467056
1358.0,2.3649146066147626
1359.0,2.3650959337912605
1360.0,2.3651135810292025
1361.0,2.365161436579642
1362.0,2.365215675674981
1363.0,2.3653184498983353
1364.0,2.3653444840090034
1365.0,2.365508966937693
1366.0,2.365528585439391
1367.0,2.3655872835787104
1368.0,2.3656917103078983
1369.0,2.365717869599445
1370.0,2.3658868256215864
1371.0,2.3659047537670674
1372.0,2.3659579693458896
1373.0,2.3660188928584724
1374.0,2.366169111035587
1375.0,2.3661882161053907
1376.0,2.366242373306505
1377.0,2.366302056780756
1378.0,2.3664075089965237
1379.0,2.366432863110554
1380.0,2.366596685958924
1381.0,2.36661556893685
1382.0,2.3666686274574054
1383.0,2.366729287425121
1384.0,2.3668375945900184
1385.0,2.3668628518583104
1386.0,2.3670235389482945
1387.0,2.367042330206793
1388.0,2.3670947506267384
1389.0,2.3671537484320178
1390.0,2.3672555681887366
1391.0,2.367278690653732
1392.0,2.3674278168824507
1393.0,2.3674449879161155
1394.0,2.3674945404679706
1395.0,2.3675506260658916
1396.0,2.367648295009669
1397.0,2.3676720355714913
1398.0,2.367783188221312
1399.0,2.367806021343613
1400.0,2.3679672304723978
1401.0,2.3679854604819974
1402.0,2.368036506108493
1403.0,2.3680652202549184
1404.0,2.3682284773879814
1405.0,2.3682455991735343
1406.0,2.368292970320414
1407.0,2.3683478726754874
1408.0,2.3684917899406286
1409.0,2.3685080578073787
1410.0,2.3685568704529323
1411.0,2.368583624157893
1412.0,2.368698817820905
1413.0,2.368719846218948
1414.0,2.36883451261594
1415.0,2.3688565096311196
1416.0,2.368968981408316
1417.0,2.3689913813624406
1418.0,2.369102685299526
1419.0,2.3691244723444216
1420.0,2.3692304024785735
1421.0,2.3692520753188413
1422.0,2.369317040393818
1423.0,2.3694192145140796
1424.0,2.3694407904386665
1425.0,2.3695403718264605
1426.0,2.3695607497683024
1427.0,2.3696589712709657
1428.0,2.369679461057553
1429.0,2.3697423462292337
1430.0,2.3698450314635897
1431.0,2.3698664798091738
1432.0,2.3699293828541053
1433.0,2.370030986604167
1434.0,2.370052477078928
1435.0,2.3701145825946575
1436.0,2.3702177661027974
1437.0,2.370239358553326
1438.0,2.3702982742616365
1439.0,2.370357644685465
1440.0,2.3704178083756884
1441.0,2.3705189558259057
1442.0,2.370539487210384
1443.0,2.3705972432750464
1444.0,2.3706551302843097
1445.0,2.370713471890906
1446.0,2.370772916801813
1447.0,2.3708326933394717
1448.0,2.370893059681163
1449.0,2.370951987985339
1450.0,2.3710100322055463
1451.0,2.37107013606129
1452.0,2.3711268896521878
1453.0,2.371186518671464
1454.0,2.3712447853788667
1455.0,2.3712737178974304
1456.0,2.371392469518961
1457.0,2.371411206564353
1458.0,2.371440043574305
1459.0,2.371558584067853
1460.0,2.371577412994893
1461.0,2.371634381841682
1462.0,2.371731746806987
1463.0,2.3717513075973238
1464.0,2.3718036872682715
1465.0,2.3718286546900553
1466.0,2.3719402114845116
1467.0,2.3719581761210815
1468.0,2.3719861612462765
1469.0,2.372105106800703
1470.0,2.372123062932152
1471.0,2.3721819873374974
1472.0,2.3722852104701486
1473.0,2.372304012109216
1474.0,2.372331993686163
1475.0,2.3724010892120155
1476.0,2.3724285410209953
1477.0,2.3725523791033973
1478.0,2.372570031682878
1479.0,2.3725965258846764
1480.0,2.3727103952659756
1481.0,2.372728124703418
1482.0,2.3727557342022645
1483.0,2.3728279041335796
1484.0,2.3728553879627907
1485.0,2.3729812320970245
1486.0,2.3729997886362244
1487.0,2.3730269346228097
1488.0,2.3730950943873257
1489.0,2.373198524864367
1490.0,2.373216955353765
1491.0,2.373242575425779
1492.0,2.373304743840215
1493.0,2.3733292772131125
1494.0,2.373398554327667
1495.0,2.3734247300586633
1496.0,2.37354778187569
1497.0,2.3735648402569036
1498.0,2.3735896304326998
1499.0,2.373653257882971
1500.0,2.3736793100045754
1501.0,2.37375312568609
1502.0,2.3737819560912006
1503.0,2.373915399225104
1504.0,2.3739327240361856
1505.0,2.3739578298270825
1506.0,2.373990010075598
1507.0,2.374066214886669
1508.0,2.374092628996612
1509.0,2.374217262240693
1510.0,2.374233972240174
1511.0,2.3742565505041076
1512.0,2.3742849919260833
1513.0,2.3743528240251166
1514.0,2.374377319323943
1515.0,2.374447816845306
1516.0,2.3744736259298
1517.0,2.3745948716443825
1518.0,2.374610626168428
1519.0,2.374634569084531
1520.0,2.3746641824013865
1521.0,2.374733951228074
1522.0,2.374759172667145
1523.0,2.3748316219499275
1524.0,2.3748586056024488
1525.0,2.374931146310434
1526.0,2.374957915078256
1527.0,2.375029948852174
1528.0,2.3750559359556203
1529.0,2.3750891416427176
1530.0,2.375170742050052
1531.0,2.3751965380065765
1532.0,2.3752711801678923
1533.0,2.3752971222346813
1534.0,2.37532942092978
1535.0,2.375406509757969
1536.0,2.375432203950139
1537.0,2.3754637918726482
1538.0,2.375542233700322
1539.0,2.3755681904137065
1540.0,2.3756004252627867
1541.0,2.375679919978044
1542.0,2.375704886196824
1543.0,2.375736888887943
1544.0,2.375814981768744
1545.0,2.3758403257086913
1546.0,2.375871542711213
1547.0,2.3759073675749938
1548.0,2.37599098695647
1549.0,2.376016563848162
1550.0,2.376046836102127
1551.0,2.376081989586185
1552.0,2.376163133387221
1553.0,2.37618857693641
1554.0,2.3762199158349655
1555.0,2.3762556619388957
1556.0,2.3763392081608976
1557.0,2.376365453577232
1558.0,2.3763969054896217
1559.0,2.376431825506083
1560.0,2.3764703914328993
1561.0,2.376560240243406
1562.0,2.376586291575326
1563.0,2.3766180530194925
1564.0,2.376652343141218
1565.0,2.3766889907935105
1566.0,2.376726985228335
1567.0,2.376817452785364
1568.0,2.376842553559816
1569.0,2.376871632639796
1570.0,2.376903577945531
1571.0,2.376938096429302
1572.0,2.3770173428701478
1573.0,2.37704062364322
1574.0,2.377070155912268
1575.0,2.3771026667633466
1576.0,2.377138163606217
1577.0,2.377175274827524
1578.0,2.377214388532198
1579.0,2.377304722611086
1580.0,2.3773297880122986
1581.0,2.3773606530102334
1582.0,2.3773932585083983
1583.0,2.377428319729892
1584.0,2.377464046865362
1585.0,2.3775019604415313
1586.0,2.3775397822312865
1587.0,2.3775786370339427
1588.0,2.3776179244811497
1589.0,2.377710010354296
1590.0,2.3777356376794963
1591.0,2.3777643789749856
1592.0,2.377795595941586
1593.0,2.377828285095957
1594.0,2.377861888389839
1595.0,2.3778972506932625
1596.0,2.377934063641608
1597.0,2.3779723407866133
1598.0,2.3780109895269064
1599.0,2.378050167348779
1600.0,2.3780892874405524
1601.0,2.378128445017435
1602.0,2.3781674372774306
1603.0,2.3782062383798785
1604.0,2.378244523394499
1605.0,2.378282587823005
1606.0,2.3783213184116754
1607.0,2.378359545683877
1608.0,2.37839729300731
1609.0,2.3784350197257744
1610.0,2.37847214898405
1611.0,2.378509129917983
1612.0,2.3785460144086374
1613.0,2.378583830135647
1614.0,2.378621394068936
1615.0,2.3786587041868335
1616.0,2.3786958678910395
1617.0,2.378732646149706
1618.0,2.3787695380818876
1619.0,2.3788057757574417
1620.0,2.378841405206792
1621.0,2.378876229768125
1622.0,2.3789106106767104
1623.0,2.3789436700792335
1624.0,2.3789769033121684
1625.0,2.379010678315274
1626.0,2.379044493309044
1627.0,2.379078336137468
1628.0,2.379111993149471
1629.0,2.379145252214411
1630.0,2.3791795130320526
1631.0,2.3792137227287355
1632.0,2.3792489793268548
1633.0,2.3792846716251654
1634.0,2.3793209032390776
1635.0,2.3793572477862743
1636.0,2.3793933367813973
1637.0,2.3794295822614133
1638.0,2.379464732271542
1639.0,2.3794993696141717
1640.0,2.379533164753976
1641.0,2.3795669718908194
1642.0,2.379600051218828
1643.0,2.37963300608622
1644.0,2.3796650134598902
1645.0,2.3796972619342376
1646.0,2.37972934121561
1647.0,2.3797613102919075
1648.0,2.3797934750377703
1649.0,2.3798254732494035
1650.0,2.379858659968506
1651.0,2.3798918908051645
1652.0,2.3799245110875327
1653.0,2.379958362332395
1654.0,2.3799917676966222
1655.0,2.380026036162685
1656.0,2.380059765540633
1657.0,2.3800923309598305
1658.0,2.380124215880764
1659.0,2.3801548438193305
1660.0,2.38018497683262
1661.0,2.380215310016345
1662.0,2.380245833667489
1663.0,2.380276097041488
1664.0,2.380306845960321
1665.0,2.380338034232844
1666.0,2.380369429155843
1667.0,2.3804003297040364
1668.0,2.3804322921589773
1669.0,2.380464392237458
1670.0,2.3804966351791017
1671.0,2.380528920596906
1672.0,2.3805613920630164
1673.0,2.380593875636464
1674.0,2.3806259107857817
1675.0,2.3806574263879887
1676.0,2.380688149153228
1677.0,2.3807184184465315
1678.0,2.380747217344215
1679.0,2.3807760750556954
1680.0,2.3808041503110293
1681.0,2.3808321117485374
1682.0,2.3808602899123366
1683.0,2.3808886060581784
1684.0,2.3809171742672812
1685.0,2.3809461768211504
1686.0,2.380975550085298
1687.0,2.3810052397049986
1688.0,2.381035652700266
1689.0,2.3810659733711943
1690.0,2.381096703493196
1691.0,2.3811270416415256
1692.0,2.3811573772616894
1693.0,2.3811880377240504
1694.0,2.381217614985766
1695.0,2.381246828487818
1696.0,2.381274732507943
1697.0,2.3813020868055648
1698.0,2.3813286852484885
1699.0,2.381355375197857
1700.0,2.3813824911341426
1701.0,2.381409315045625
1702.0,2.381436135326208
1703.0,2.381462975921589
1704.0,2.381490566756793
1705.0,2.3815188250704713
1706.0,2.381547205030668
1707.0,2.381576117275989
1708.0,2.3816053690081733
1709.0,2.381635119605818
1710.0,2.381664722749863
1711.0,2.3816939242370636
1712.0,2.381722448963236
1713.0,2.381750712799869
1714.0,2.381778043962356
1715.0,2.3818045735400935
1716.0,2.381830592271292
1717.0,2.3818553473568747
1718.0,2.3818803480824418
1719.0,2.3819056170006223
1720.0,2.3819303575907784
1721.0,2.381955513129882
1722.0,2.3819807115552285
1723.0,2.3820068207694867
1724.0,2.382032820209979
1725.0,2.3820593645072643
1726.0,2.3820872419859906
1727.0,2.382115124199166
1728.0,2.382142971189008
1729.0,2.382170958347874
1730.0,2.3821986458930606
1731.0,2.382225947849193
1732.0,2.3822525835447124
1733.0,2.3822780313606153
1734.0,2.3823028290724944
1735.0,2.3823271960583354
1736.0,2.382351119299052
1737.0,2.382374496870427
1738.0,2.3823976820970194
1739.0,2.3824210189125417
1740.0,2.3824446878766494
1741.0,2.3824686225720053
1742.0,2.382494022775357
1743.0,2.3825196352302016
1744.0,2.3825458674838695
1745.0,2.382572431324303
1746.0,2.382599716460873
1747.0,2.382626482905288
1748.0,2.382653237283532
1749.0,2.3826792992831214
1750.0,2.3827045816868915
1751.0,2.382729059857495
1752.0,2.382752486840333
1753.0,2.38277484836193
1754.0,2.382796586222709
1755.0,2.3828178342856985
1756.0,2.382839372513155
1757.0,2.3828604325527127
1758.0,2.3828818103352947
1759.0,2.382904070282866
1760.0,2.3829267667772425
1761.0,2.3829500463903828
1762.0,2.3829744679761604
1763.0,2.3829997985196067
1764.0,2.383025853325477
1765.0,2.3830517973433576
1766.0,2.3830781836639474
1767.0,2.383104261927549
1768.0,2.3831295843622264
1769.0,2.3831541166971775
1770.0,2.3831773556845666
1771.0,2.3831999087709383
1772.0,2.3832214115281016
1773.0,2.383241607409979
1774.0,2.3832617375757343
1775.0,2.383281477473387
1776.0,2.383301276681605
1777.0,2.3833218261695808
1778.0,2.3833429759983376
1779.0,2.3833646392397076
1780.0,2.3833872512857486
1781.0,2.3834107651246907
1782.0,2.383434696009268
1783.0,2.383458883347338
1784.0,2.3834835549635924
1785.0,2.3835079719393697
1786.0,2.3835314647219588
1787.0,2.3835544620832674
1788.0,2.3835764944494895
1789.0,2.3835976886838712
1790.0,2.3836174895043043
1791.0,2.3836370085852434
1792.0,2.383655502662534
1793.0,2.3836732291613094
1794.0,2.3836911026197014
1795.0,2.3837096442438113
1796.0,2.3837287937070184
1797.0,2.3837487354629503
1798.0,2.383770141417444
1799.0,2.3837925511671965
1800.0,2.3838159515106123
1801.0,2.3838400497855656
1802.0,2.3838641099706392
1803.0,2.3838878820605216
1804.0,2.3839118445557825
1805.0,2.383934337104098
1806.0,2.3839570593100623
1807.0,2.3839786427161105
1808.0,2.383999016591419
1809.0,2.384017790916802
1810.0,2.38403607919212
1811.0,2.3840533057640134
1812.0,2.384069565941198
1813.0,2.384086287632906
1814.0,2.3841037459922196
1815.0,2.384121839167135
1816.0,2.3841410958103144
1817.0,2.3841610273075817
1818.0,2.3841822779578012
1819.0,2.384203865774842
1820.0,2.384225824065321
1821.0,2.3842483601480597
1822.0,2.384270421273386
1823.0,2.3842919512737613
1824.0,2.384313055631739
1825.0,2.384333522078768
1826.0,2.384352647790083
1827.0,2.3843711360731903
1828.0,2.3843884023206563
1829.0,2.3844047556683146
1830.0,2.384420604614313
1831.0,2.384435725288687
1832.0,2.384451297642719
1833.0,2.384467564265352
1834.0,2.384484520079406
1835.0,2.3845032405027493
1836.0,2.384523557023815
1837.0,2.3845447034651674
1838.0,2.384566027237157
1839.0,2.3845883367456966
1840.0,2.3846103131329976
1841.0,2.384632660646505
1842.0,2.384654091559273
1843.0,2.3846750341576275
1844.0,2.3846944936473102
1845.0,2.3847126237864553
1846.0,2.3847295963015305
1847.0,2.3847456074859417
1848.0,2.384760192109272
1849.0,2.3847739902194998
1850.0,2.3847876080922368
1851.0,2.384802089117215
1852.0,2.38481688456386
1853.0,2.38483292222766
1854.0,2.3848502136141585
1855.0,2.3848689085333254
1856.0,2.3848890990688263
1857.0,2.384909694048454
1858.0,2.3849306293616492
1859.0,2.384951387031279
1860.0,2.3849719054909593
1861.0,2.3849920498918147
1862.0,2.385011060473234
1863.0,2.3850288861526696
1864.0,2.3850453942231606
1865.0,2.3850604993234215
1866.0,2.385074122264282
1867.0,2.3850869210360135
1868.0,2.385099272283972
1869.0,2.385111586268722
1870.0,2.3851247773617743
1871.0,2.385139143633457
1872.0,2.385155317838024
1873.0,2.385172800152676
1874.0,2.3851922464904414
1875.0,2.385212102000351
1876.0,2.38523317544325
1877.0,2.3852547178615753
1878.0,2.3852756099258428
1879.0,2.3852960181571703
1880.0,2.3853157723508422
1881.0,2.3853339823295703
1882.0,2.385350721093401
1883.0,2.385365404288947
1884.0,2.385378775271698
1885.0,2.385390369126863
1886.0,2.385400845428297
1887.0,2.3854114710412646
1888.0,2.3854220773302988
1889.0,2.3854334486252724
1890.0,2.3854465446030138
1891.0,2.385461598663558
1892.0,2.3854787448789088
1893.0,2.3854971693642977
1894.0,2.385516847619415
1895.0,2.3855374413181556
1896.0,2.3855583156914233
1897.0,2.3855785169568477
1898.0,2.385597871885108
1899.0,2.3856168411082126
1900.0,2.385634135305096
1901.0,2.385649647821433
1902.0,2.385663284899544
1903.0,2.3856756880351884
1904.0,2.385686453457431
1905.0,2.385696260939039
1906.0,2.3857059481667826
1907.0,2.3857157981118022
1908.0,2.385726617481008
1909.0,2.385739141464267
1910.0,2.385753116758604
1911.0,2.385769800320816
1912.0,2.385787703582835
1913.0,2.38580645866855
1914.0,2.3858258381246835
1915.0,2.3858457479596327
1916.0,2.3858653195456165
1917.0,2.385883914486284
1918.0,2.385900778739722
1919.0,2.385916646517488
1920.0,2.3859308207518093
1921.0,2.38594297532952
1922.0,2.385953939737351
1923.0,2.3859633520168804
1924.0,2.385971653619629
1925.0,2.3859800763189964
1926.0,2.3859892945822554
1927.0,2.3859995437670483
1928.0,2.3860115911893187
1929.0,2.38602593540569
1930.0,2.38604215241787
1931.0,2.3860599938918985
1932.0,2.3860789428561096
1933.0,2.3860987662446864
1934.0,2.386118672069486
1935.0,2.3861378959625785
1936.0,2.3861562963721794
1937.0,2.3861728989282947
1938.0,2.3861878950506608
1939.0,2.3862009212037463
1940.0,2.3862118325623274
1941.0,2.386220589570585
1942.0,2.3862282468948366
1943.0,2.386235553501006
1944.0,2.3862426430391173
1945.0,2.3862505227029636
1946.0,2.386260040580288
1947.0,2.3862710136893646
1948.0,2.386284245264941
1949.0,2.386300198314866
1950.0,2.386317839798034
1951.0,2.386336598258155
1952.0,2.3863557267075244
1953.0,2.3863750723869632
1954.0,2.386393343811288
1955.0,2.386410551410365
1956.0,2.386426204676496
1957.0,2.3864397953182377
1958.0,2.3864509590683336
1959.0,2.3864605434932518
1960.0,2.3864679422591566
1961.0,2.3864740474500956
1962.0,2.3864792953706946
1963.0,2.386485169895664
1964.0,2.3864919358103878
1965.0,2.3865009329128135
1966.0,2.3865120211603776
1967.0,2.386526043149443
1968.0,2.386541933943544
1969.0,2.3865596343797137
1970.0,2.3865790111146667
1971.0,2.3865990611423484
1972.0,2.386618702404943
1973.0,2.3866370313554177
1974.0,2.3866536155228855
1975.0,2.386668920585199
1976.0,2.3866820446066295
1977.0,2.386692536024913
1978.0,2.3867004142075965
1979.0,2.3867060523095405
1980.0,2.38671057781879
1981.0,2.386715027717498
1982.0,2.3867197209590785
1983.0,2.38672575733048
1984.0,2.3867339963583114
1985.0,2.3867447774652133
1986.0,2.386757898762165
1987.0,2.386773560784037
1988.0,2.386790821284768
1989.0,2.3868091938878386
1990.0,2.3868284236727924
1991.0,2.386847162392254
1992.0,2.3868647034858714
1993.0,2.3868808322423716
1994.0,2.386894978696651
1995.0,2.3869066370427277
1996.0,2.386915629307536
1997.0,2.3869218671304475
1998.0,2.3869260658174114
1999.0,2.3869290082318733
2000.0,2.3869320289017812
2001.0,2.3869358367157756
2002.0,2.386941022365506
2003.0,2.386948731618731
2004.0,2.386959290962517
2005.0,2.3869725710472207
2006.0,2.386988725106612
2007.0,2.3870062056166694
2008.0,2.387025302006466
2009.0,2.387045179657833
2010.0,2.3870642230007655
2011.0,2.387081912890758
2012.0,2.3870978925207704
2013.0,2.387111648450295
2014.0,2.387122091554395
2015.0,2.387129917912839
2016.0,2.3871345646836497
2017.0,2.3871377224357824
2018.0,2.3871394702845357
2019.0,2.3871414778484166
2020.0,2.387144253206089
2021.0,2.3871483209658746
2022.0,2.3871552767050757
2023.0,2.3871655461994994
2024.0,2.387178452973726
2025.0,2.387194836396939
2026.0,2.3872127204496167
2027.0,2.387231978363221
2028.0,2.387251733568772
2029.0,2.387270528338068
2030.0,2.3872876744069416
2031.0,2.387302919914115
2032.0,2.3873151532396966
2033.0,2.3873244873174744
2034.0,2.387330968754394
2035.0,2.387334470063462
2036.0,2.3873358959517543
2037.0,2.3873368284896097
2038.0,2.387337499187497
2039.0,2.3873386855155108
2040.0,2.3873421186484673
2041.0,2.387348897680254
2042.0,2.387359022981866
2043.0,2.387372149466586
2044.0,2.38738848327404
2045.0,2.3874065573965684
2046.0,2.387426042374809
2047.0,2.3874458268064926
2048.0,2.387464455248696
2049.0,2.3874816288853986
2050.0,2.3874966395399544
2051.0,2.3875088524205617
2052.0,2.3875173689036857
2053.0,2.387522509884642
2054.0,2.387524326265139
2055.0,2.3875240976571073
2056.0,2.387523099068146
2057.0,2.3875225303643353
2058.0,2.3875224333494938
2059.0,2.387525728986748
2060.0,2.3875323303127365
2061.0,2.387542395066647
2062.0,2.387556226664969
2063.0,2.387573071733436
2064.0,2.387592179251272
2065.0,2.3876130390246937
2066.0,2.3876331874471304
2067.0,2.3876517656142213
2068.0,2.3876685274533207
2069.0,2.387682647259727
2070.0,2.387693176236384
2071.0,2.387699984881991
2072.0,2.3877031205880286
2073.0,2.387703059755794
2074.0,2.3877013539942618
2075.0,2.387699114333989
2076.0,2.387697198195435
2077.0,2.3876965165185893
2078.0,2.3876990112689094
2079.0,2.3877052421630003
2080.0,2.387715888221886
2081.0,2.387730018620981
2082.0,2.3877471355899136
2083.0,2.3877665964558092
2084.0,2.387787385481161
2085.0,2.387807891793982
2086.0,2.3878268601663066
2087.0,2.387843899453989
2088.0,2.3878579838276717
2089.0,2.3878680221301933
2090.0,2.3878741603218203
2091.0,2.387876250525607
2092.0,2.3878754139407445
2093.0,2.3878723218432323
2094.0,2.38786890740591
2095.0,2.387865718930805
2096.0,2.387864250392733
2097.0,2.387865910814961
2098.0,2.3878717219987657
2099.0,2.3878825711603926
2100.0,2.387896867240259
2101.0,2.387914295847973
2102.0,2.3879343311578696
2103.0,2.3879560281733307
2104.0,2.3879765189746047
2105.0,2.3879962754210484
2106.0,2.388013174985935
2107.0,2.3880267109233158
2108.0,2.3880358378155973
2109.0,2.388040388526822
2110.0,2.3880407635187475
2111.0,2.3880383803061473
2112.0,2.388033238549136
2113.0,2.388028176531007
2114.0,2.388023465328112
2115.0,2.388020216761155
2116.0,2.388021032007278
2117.0,2.3880270645079302
2118.0,2.388037767062612
2119.0,2.388052218590993
2120.0,2.3880703400531744
2121.0,2.388091115576792
2122.0,2.38811408731524
2123.0,2.3881357574376176
2124.0,2.3881561437174965
2125.0,2.3881733510889407
2126.0,2.3881866977336337
2127.0,2.388195247495498
2128.0,2.3881990763390473
2129.0,2.3881985571650715
2130.0,2.3881944916023814
2131.0,2.3881881836181353
2132.0,2.388181496661247
2133.0,2.3881757256209766
2134.0,2.388171784439435
2135.0,2.3881719390332345
2136.0,2.388177426422724
2137.0,2.3881886921488005
2138.0,2.388204475903605
2139.0,2.3882235223054833
2140.0,2.3882454357872533
2141.0,2.388269200089876
2142.0,2.3882911527014463
2143.0,2.3883115517025906
2144.0,2.388328748879104
2145.0,2.388341720468488
2146.0,2.3883493468398393
2147.0,2.3883516959821276
2148.0,2.388349706834232
2149.0,2.388344139286271
2150.0,2.388335642974981
2151.0,2.388326531312346
2152.0,2.3883193044916426
2153.0,2.3883146247332854
2154.0,2.388313980175787
2155.0,2.388319845701359
2156.0,2.388331049033852
2157.0,2.3883482956557893
2158.0,2.388367542999218
2159.0,2.3883898725420214
2160.0,2.388414116928752
2161.0,2.388436639992763
2162.0,2.3884582581990754
2163.0,2.3884762834457733
2164.0,2.3884895585413752
2165.0,2.3884976170377725
2166.0,2.388499833675313
2167.0,2.38849650439383
2168.0,2.3884887941240276
2169.0,2.3884785075042023
2170.0,2.388468050810491
2171.0,2.388459343067529
2172.0,2.3884527822648804
2173.0,2.388451055828999
2174.0,2.388456406287324
2175.0,2.3884681121372457
2176.0,2.3884861274011624
2177.0,2.388506357335801
2178.0,2.3885297879382326
2179.0,2.388555083885361
2180.0,2.388578976456067
2181.0,2.388601472959657
2182.0,2.3886198008799404
2183.0,2.3886331143989485
2184.0,2.3886401347079618
2185.0,2.388640840618895
2186.0,2.3886363341801586
2187.0,2.3886272185068314
2188.0,2.3886154196789753
2189.0,2.3886028044677805
2190.0,2.3885922022949027
2191.0,2.3885851981942134
2192.0,2.3885834078499926
2193.0,2.3885891457716886
2194.0,2.38860142509719
2195.0,2.3886204635402204
2196.0,2.388642229461459
2197.0,2.3886679554515884
2198.0,2.388694488635774
2199.0,2.3887192675728053
2200.0,2.388741423831607
2201.0,2.3887599725813753
2202.0,2.3887729861971483
2203.0,2.388779258451838
2204.0,2.3887782120303105
2205.0,2.388771476399756
2206.0,2.388760483943851
2207.0,2.3887463177164365
2208.0,2.388731476630843
2209.0,2.388719681118068
2210.0,2.3887117491259655
2211.0,2.388709042347897
2212.0,2.3887146974426883
2213.0,2.388727617577034
2214.0,2.388747500963988
2215.0,2.3887705683003397
2216.0,2.3887977267121583
2217.0,2.3888263836505312
2218.0,2.3888531142801113
2219.0,2.3888774788781273
2220.0,2.3888971714993783
2221.0,2.3889106868866956
2222.0,2.388917275065896
2223.0,2.388915393632973
2224.0,2.388907728913044
2225.0,2.3888951823246845
2226.0,2.388878182667434
2227.0,2.388861192395628
2228.0,2.3888471946500474
2229.0,2.3888379105464495
2230.0,2.388834001348716
2231.0,2.3888397921437647
2232.0,2.3888530189580552
2233.0,2.3888742754219052
2234.0,2.388899100947782
2235.0,2.3889277277389356
2236.0,2.388958655609067
2237.0,2.388986660558477
2238.0,2.3890116177555165
2239.0,2.3890317111885695
2240.0,2.389045382967709
2241.0,2.3890513306146346
2242.0,2.389048911789225
2243.0,2.3890400209232854
2244.0,2.3890239601827563
2245.0,2.3890058641231864
2246.0,2.38898651839067
2247.0,2.388971009248501
2248.0,2.3889607182018926
2249.0,2.388956379768738
2250.0,2.388961119548714
2251.0,2.388974248876984
2252.0,2.3889961813020206
2253.0,2.389021390477405
2254.0,2.389052316208853
2255.0,2.389085488893088
2256.0,2.3891160169327783
2257.0,2.3891437693208486
2258.0,2.3891658000001876
2259.0,2.389180604988995
2260.0,2.3891873464189444
2261.0,2.389186132872048
2262.0,2.389176043940564
2263.0,2.389158874309425
2264.0,2.3891370496163074
2265.0,2.3891150061567084
2266.0,2.389096726750415
2267.0,2.3890839885890216
2268.0,2.389077876059761
2269.0,2.3890821401056295
2270.0,2.389096298883851
2271.0,2.3891197017387023
2272.0,2.3891495538420857
2273.0,2.3891813213580644
2274.0,2.389215803128316
2275.0,2.3892479636759933
2276.0,2.3892774360881495
2277.0,2.3893008445208594
2278.0,2.389316225546671
2279.0,2.389322813988865
2280.0,2.3893206463890477
2281.0,2.3893076098538906
2282.0,2.389288213879759
2283.0,2.3892659996891887
2284.0,2.389241196529059
2285.0,2.3892196784909654
2286.0,2.3892046278643777
2287.0,2.3891975643815404
2288.0,2.38920155425497
2289.0,2.3892162257545415
2290.0,2.389240867011066
2291.0,2.389272301114046
2292.0,2.389307302541929
2293.0,2.3893448468041343
2294.0,2.389380340898913
2295.0,2.389412095756453
2296.0,2.389438510063168
2297.0,2.3894564805864626
2298.0,2.389464782420149
2299.0,2.3894628875647057
2300.0,2.389448555015936
2301.0,2.389427051652451
2302.0,2.389401828815767
2303.0,2.389374250513257
2304.0,2.3893499172763706
2305.0,2.389332537045295
2306.0,2.389324483542929
2307.0,2.3893266669267463
2308.0,2.3893408531552156
2309.0,2.3893664762602893
2310.0,2.389399322866732
2311.0,2.3894381548496657
2312.0,2.3894777079457725
2313.0,2.3895160271474287
2314.0,2.3895499607314488
2315.0,2.389578764406467
2316.0,2.3895974856426534
2317.0,2.389605180608035
2318.0,2.3896035655085393
2319.0,2.389588376747674
2320.0,2.3895655863264773
2321.0,2.3895368857261907
2322.0,2.389505783708703
2323.0,2.389479365626574
2324.0,2.389460309549737
2325.0,2.3894505755649806
2326.0,2.3894523399758856
2327.0,2.389467429943058
2328.0,2.389494584330341
2329.0,2.389529934317756
2330.0,2.389570325039288
2331.0,2.389613534526048
2332.0,2.389655410508482
2333.0,2.3896943790802103
2334.0,2.3897260104712394
2335.0,2.389747605006689
2336.0,2.3897583530716946
2337.0,2.3897580226403075
2338.0,2.3897423405740166
2339.0,2.389717781855642
2340.0,2.3896850797950644
2341.0,2.389650419369293
2342.0,2.3896182255027245
2343.0,2.389595694678672
2344.0,2.3895808092737334
2345.0,2.3895818472290187
2346.0,2.3895975644598377
2347.0,2.389626587089097
2348.0,2.3896642113546873
2349.0,2.3897082395061586
2350.0,2.389754658478353
2351.0,2.3898008456519126
2352.0,2.389844118506724
2353.0,2.3898797056304764
2354.0,2.389903688106787
2355.0,2.3899162585528284
2356.0,2.3899143861470975
2357.0,2.389901174374896
2358.0,2.3898747166045933
2359.0,2.38983871298292
2360.0,2.389800188835152
2361.0,2.3897642607549248
2362.0,2.389738286378297
2363.0,2.3897209566841795
2364.0,2.3897176512796316
2365.0,2.389733541972883
2366.0,2.3897637581350093
2367.0,2.3898058011101146
2368.0,2.389853322901747
2369.0,2.3899036189740244
2370.0,2.389955792376228
2371.0,2.390004391507189
2372.0,2.3900444758213393
2373.0,2.390072741872631
2374.0,2.3900867259325227
2375.0,2.3900857331297556
2376.0,2.39007139095516
2377.0,2.3900437468896762
2378.0,2.390006209660238
2379.0,2.38996299685136
2380.0,2.389922483895433
2381.0,2.3898918792615533
2382.0,2.3898726435669575
2383.0,2.3898673025469086
2384.0,2.3898778678462795
2385.0,2.38990811603207
2386.0,2.3899516955190228
2387.0,2.3900027240327275
2388.0,2.3900576087835796
2389.0,2.390115102161267
2390.0,2.3901691294396854
2391.0,2.390215011956169
2392.0,2.3902492132641893
2393.0,2.3902668342182474
2394.0,2.39026765860311
2395.0,2.390251350705118
2396.0,2.3902234274311636
2397.0,2.390183748304052
2398.0,2.3901345073357763
2399.0,2.390089724293775
2400.0,2.390055129332456
2401.0,2.390033118562594
2402.0,2.3900268045003483
2403.0,2.3900356808947345
2404.0,2.3900655548036918
2405.0,2.3901108331533227
2406.0,2.390167287370139
2407.0,2.3902282714418397
2408.0,2.390290859760064
2409.0,2.3903508709844195
2410.0,2.3904022118243393
2411.0,2.3904411481083754
2412.0,2.390463552935603
2413.0,2.3904670541596764
2414.0,2.3904522888109403
2415.0,2.3904226451360744
2416.0,2.390378815527012
2417.0,2.390325937882421
2418.0,2.3902763594887824
2419.0,2.390235902134999
2420.0,2.3902088606637326
2421.0,2.3901968877983717
2422.0,2.390202659145039
2423.0,2.390232462222835
2424.0,2.3902792590740902
2425.0,2.390340859196042
2426.0,2.3904099603244493
2427.0,2.390477587626583
2428.0,2.390542897858628
2429.0,2.3906017860491056
2430.0,2.3906465749247405
2431.0,2.390674288729028
2432.0,2.390679786388582
2433.0,2.3906658226127613
2434.0,2.3906362131182988
2435.0,2.390588956358441
2436.0,2.3905335765671936
2437.0,2.3904788046530343
2438.0,2.3904308665437055
2439.0,2.390397446245095
2440.0,2.390379928289342
2441.0,2.390384249060925
2442.0,2.390415065910861
2443.0,2.390462206619028
2444.0,2.390522144142948
2445.0,2.3905967163789086
2446.0,2.39067460597275
2447.0,2.3907485886542865
2448.0,2.3908131981580665
2449.0,2.390865627555201
2450.0,2.3909000973658396
2451.0,2.390911372581447
2452.0,2.390899553594098
2453.0,2.3908706795101056
2454.0,2.3908207562729467
2455.0,2.390762159985364
2456.0,2.390702957895617
2457.0,2.3906490178467554
2458.0,2.3906092765068854
2459.0,2.3905859001080856
2460.0,2.3905840535831784
2461.0,2.390611563382099
2462.0,2.3906565456273814
2463.0,2.390720732849515
2464.0,2.3907985371787586
2465.0,2.3908847632605155
2466.0,2.390967762366163
2467.0,2.3910419345397633
2468.0,2.3911027113664813
2469.0,2.3911450973849195
2470.0,2.3911625154149085
2471.0,2.3911559383259307
2472.0,2.3911263861909897
2473.0,2.391076746317041
2474.0,2.3910148510546074
2475.0,2.3909508728518816
2476.0,2.39088965694423
2477.0,2.3908400680234068
2478.0,2.3908084061777535
2479.0,2.3908021756731825
2480.0,2.390824355810799
2481.0,2.3908719599075665
2482.0,2.3909368639449173
2483.0,2.3910202972997343
2484.0,2.3911142264738787
2485.0,2.3912116983872136
2486.0,2.3912923905252588
2487.0,2.391360971934883
2488.0,2.391410028227792
2489.0,2.391434937624708
2490.0,2.391431559017833
2491.0,2.39140261651089
2492.0,2.3913499054120977
2493.0,2.391284104774166
2494.0,2.3912125905631836
2495.0,2.3911462696189907
2496.0,2.3910886595730734
2497.0,2.3910489505876424
2498.0,2.3910351649130464
2499.0,2.3910540645821814
2500.0,2.39109795196539
2501.0,2.391165591488223
2502.0,2.3912565717043552
2503.0,2.3913576252600777
2504.0,2.391460565157646
2505.0,2.3915502791063328
2506.0,2.391627589094954
2507.0,2.3916845800341173
2508.0,2.391716469343285
2509.0,2.391720281191963
2510.0,2.391693007828246
2511.0,2.391638963050104
2512.0,2.3915741587812724
2513.0,2.3914960931273854
2514.0,2.3914219514432804
2515.0,2.3913551530255712
2516.0,2.3913095518350755
2517.0,2.3912897280822016
2518.0,2.3913046451968833
2519.0,2.391348136855366
2520.0,2.391420271431251
2521.0,2.3915153482942872
2522.0,2.3916253858898946
2523.0,2.391736119079495
2524.0,2.3918321323649554
2525.0,2.3919160505736916
2526.0,2.3919797823569793
2527.0,2.3920166132160148
2528.0,2.3920220745638523
2529.0,2.391998783074547
2530.0,2.391944639560241
2531.0,2.3918674338773234
2532.0,2.391782788887914
2533.0,2.39170237948422
2534.0,2.391631296515803
2535.0,2.3915795839252443
2536.0,2.3915549956734217
2537.0,2.3915645854608227
2538.0,2.3916052568729933
2539.0,2.391675298294082
2540.0,2.391776752571389
2541.0,2.391891322936548
2542.0,2.392012087904554
2543.0,2.3921253833088385
2544.0,2.3922165016160903
2545.0,2.3922858334445536
2546.0,2.3923272709892762
2547.0,2.392335553027365
2548.0,2.392313220396665
2549.0,2.392257987580242
2550.0,2.3921816183312137
2551.0,2.3920886013432483
2552.0,2.392000281365427
2553.0,2.3919211807389598
2554.0,2.391862926391383
2555.0,2.391832569163215
2556.0,2.3918378083934995
2557.0,2.391877231382466
2558.0,2.3919536337761174
2559.0,2.3920600086551027
2560.0,2.392185709797838
2561.0,2.3923109879215754
2562.0,2.3924321172390526
2563.0,2.3925298798372605
2564.0,2.392607901484225
2565.0,2.3926535656390726
2566.0,2.392664699950175
2567.0,2.392642489898818
2568.0,2.3925857914597177
2569.0,2.3925046299450377
2570.0,2.392404599384481
2571.0,2.392308938038935
2572.0,2.3922211195384904
2573.0,2.3921556317241124
2574.0,2.392119085550032
2575.0,2.392121149335833
2576.0,2.3921577533252325
2577.0,2.39224033663203
2578.0,2.3923509118586477
2579.0,2.3924826977864866
2580.0,2.392614253955775
2581.0,2.3927359155321604
2582.0,2.3928421622615974
2583.0,2.3929269262170405
2584.0,2.3929788865968997
2585.0,2.39299337140471
2586.0,2.3929728770121836
2587.0,2.392914243972484
2588.0,2.392830955657981
2589.0,2.3927236580288707
2590.0,2.392619757821286
2591.0,2.39252547677885
2592.0,2.3924542955327954
2593.0,2.3924154461942697
2594.0,2.3924143837213174
2595.0,2.392460735236952
2596.0,2.3925441989259495
2597.0,2.392660920079212
2598.0,2.392796676587328
2599.0,2.3929328212004246
2600.0,2.393058415923844
2601.0,2.3931674209687834
2602.0,2.393256116113592
2603.0,2.393310869932738
2604.0,2.393330890708185
2605.0,2.3933073684930313
2606.0,2.393244087991264
2607.0,2.3931529527500772
2608.0,2.3930399802514524
2609.0,2.3929289694846223
2610.0,2.392832050102573
2611.0,2.3927546476502903
2612.0,2.39271458765678
2613.0,2.3927112072919456
2614.0,2.3927552714921907
2615.0,2.392840243760533
2616.0,2.392962163536591
2617.0,2.3931047712892464
2618.0,2.393246756504881
2619.0,2.3933800744158176
2620.0,2.3934965772393317
2621.0,2.393589453974274
2622.0,2.3936456843125
2623.0,2.3936659558271716
2624.0,2.39364025172296
2625.0,2.3935738019800534
2626.0,2.3934786405167268
2627.0,2.393364893446838
2628.0,2.3932462950791975
2629.0,2.3931423570456802
2630.0,2.3930594437039705
2631.0,2.393014843242183
2632.0,2.3930123527573857
2633.0,2.393059839500756
2634.0,2.393152235514763
2635.0,2.393277484734086
2636.0,2.3934257669128787
2637.0,2.3935765271800076
2638.0,2.3937132920794033
2639.0,2.3938343206001713
2640.0,2.393929926438699
2641.0,2.3939866759344794
2642.0,2.394003043136457
2643.0,2.3939718241945025
2644.0,2.3939001564392837
2645.0,2.3937946158740937
2646.0,2.3936743837702967
2647.0,2.3935462389984825
2648.0,2.3934378301796664
2649.0,2.3933516859483603
2650.0,2.3933074561489964
2651.0,2.3933100607833007
2652.0,2.3933587948291266
2653.0,2.3934566226073124
2654.0,2.3935906619068223
2655.0,2.393745889479524
2656.0,2.393902726184249
2657.0,2.39404584867283
2658.0,2.3941687781403673
2659.0,2.3942663176052794
2660.0,2.3943224998531636
2661.0,2.3943363630490144
2662.0,2.394299554625201
2663.0,2.3942205122290536
2664.0,2.394106520480042
2665.0,2.3939807831259974
2666.0,2.393847336375085
2667.0,2.393735466001525
2668.0,2.3936483557762847
2669.0,2.39360568900293
2670.0,2.3936123582620077
2671.0,2.3936659854750437
2672.0,2.39377007693246
2673.0,2.393910688140791
2674.0,2.3940743143550587
2675.0,2.3942340821562906
2676.0,2.3943769923113636
2677.0,2.3945007087509467
2678.0,2.394595452643215
2679.0,2.3946458668425725
2680.0,2.394653798754094
2681.0,2.394610577090852
2682.0,2.394524405152851
2683.0,2.3944053906166762
2684.0,2.394274065556353
2685.0,2.3941413251927304
2686.0,2.3940261461892085
2687.0,2.393940971906985
2688.0,2.3938997539340723
2689.0,2.3939116427263345
2690.0,2.393971638726513
2691.0,2.394087169562955
2692.0,2.394232740520818
2693.0,2.3944022772216886
2694.0,2.394564612251514
2695.0,2.3947113148456745
2696.0,2.39483366307462
2697.0,2.3949233086669213
2698.0,2.3949689451582445
2699.0,2.394969896759813
2700.0,2.39491654512548
2701.0,2.3948238384420764
2702.0,2.3946953864051976
2703.0,2.394555488975131
2704.0,2.3944184741689734
2705.0,2.3943021946200647
2706.0,2.394218150815777
2707.0,2.3941806048396357
2708.0,2.3942040053543643
2709.0,2.3942746284001064
2710.0,2.3943983506369237
2711.0,2.394553548763133
2712.0,2.394722933558269
2713.0,2.394888827633541
2714.0,2.3950357588961078
2715.0,2.3951572561357843
2716.0,2.395241603345922
2717.0,2.3952823733002684
2718.0,2.395273888107074
2719.0,2.3952095177476074
2720.0,2.395106460964413
2721.0,2.394970269912526
2722.0,2.39482599563025
2723.0,2.394687857404285
2724.0,2.3945723292730365
2725.0,2.394494514951463
2726.0,2.394463920585456
2727.0,2.3944916736841533
2728.0,2.3945776089784845
2729.0,2.394706558416724
2730.0,2.394871102446554
2731.0,2.395043388286967
2732.0,2.3952122643359877
2733.0,2.3953599778709775
2734.0,2.3954694973906454
2735.0,2.3955475487026607
2736.0,2.3955819338331032
2737.0,2.3955654598071883
2738.0,2.395490531205809
2739.0,2.3953771410589444
2740.0,2.395233008061063
2741.0,2.3950839986303603
2742.0,2.39494473631987
2743.0,2.3948338683183032
2744.0,2.394763726021459
2745.0,2.394748189132977
2746.0,2.3947868022751337
2747.0,2.3948811511901518
2748.0,2.3950143379389917
2749.0,2.3951852502111906
2750.0,2.395365992597891
2751.0,2.3955364637664265
2752.0,2.3956811667453795
2753.0,2.3957822859003426
2754.0,2.3958488944219525
2755.0,2.39587143496511
2756.0,2.3958376629288107
2757.0,2.395756449110155
2758.0,2.3956320342237114
2759.0,2.3954878626154423
2760.0,2.3953365969362563
2761.0,2.3951976822907683
2762.0,2.3950895009021926
2763.0,2.3950261977325114
2764.0,2.3950216459045364
2765.0,2.3950716336370155
2766.0,2.395178807385196
2767.0,2.3953255392984634
2768.0,2.395504398717056
2769.0,2.39567898291843
2770.0,2.39584770456345
2771.0,2.3959873831792047
2772.0,2.396092762193028
2773.0,2.3961492655820713
2774.0,2.3961567502594567
2775.0,2.3960989376942416
2776.0,2.3960065752257544
2777.0,2.395873323317257
2778.0,2.3957237694025904
2779.0,2.3955713421482545
2780.0,2.3954337499178977
2781.0,2.395330323446599
2782.0,2.395277071760205
2783.0,2.395283120341087
2784.0,2.395341393141535
2785.0,2.395456655691209
2786.0,2.3956172361155854
2787.0,2.395806015915001
2788.0,2.395990567675245
2789.0,2.3961514473020307
2790.0,2.396286873920737
2791.0,2.396384121411911
2792.0,2.396431141307024
2793.0,2.396427816483298
2794.0,2.3963580531467126
2795.0,2.396253889846216
2796.0,2.3961125125346703
2797.0,2.3959597789032365
2798.0,2.3958102000766357
2799.0,2.3956750410304224
2800.0,2.3955786927946816
2801.0,2.3955395241588393
2802.0,2.395556903983553
2803.0,2.3956314601805766
2804.0,2.3957586514724754
2805.0,2.3959249026660943
2806.0,2.396104564750838
2807.0,2.396283029232393
2808.0,2.3964416549600887
2809.0,2.396573055653733
2810.0,2.396657312928394
2811.0,2.3966959626069118
2812.0,2.39668199152196
2813.0,2.3966018398813036
2814.0,2.3964830512049446
2815.0,2.396329589735614
2816.0,2.3961667846456582
2817.0,2.3960131074861
2818.0,2.395886879075699
2819.0,2.395801631896072
2820.0,2.395777015709146
2821.0,2.3958089660457165
2822.0,2.3958984575021303
2823.0,2.396037386427909
2824.0,2.396212959639115
2825.0,2.3963966815546884
2826.0,2.396574236133646
2827.0,2.3967286250536004
2828.0,2.3968436067813035
2829.0,2.3969199450131766
2830.0,2.3969488072037897
2831.0,2.3969179908967733
2832.0,2.396827903409539
2833.0,2.39669899151921
2834.0,2.3965418781086942
2835.0,2.3963792496747773
2836.0,2.396227337059715
2837.0,2.3961038926121514
2838.0,2.396032598432528
2839.0,2.3960211053599316
2840.0,2.396068923698953
2841.0,2.396174206230342
2842.0,2.396323751178957
2843.0,2.3965075886038405
2844.0,2.396699037601619
2845.0,2.3968734228006525
2846.0,2.3970186049919118
2847.0,2.3971261315980845
2848.0,2.397185055494964
2849.0,2.3971944193820267
2850.0,2.3971328982181936
2851.0,2.3970350951561707
2852.0,2.3968902632392757
2853.0,2.3967308386917807
2854.0,2.3965663882258665
2855.0,2.3964156811358537
2856.0,2.396303023374323
2857.0,2.3962425783466084
2858.0,2.396242451960729
2859.0,2.3962984330830084
2860.0,2.3964166510294027
2861.0,2.3965844205543774
2862.0,2.396778210102936
2863.0,2.3969642927992085
2864.0,2.3971393472236913
2865.0,2.397278511812449
2866.0,2.397377177645958
2867.0,2.3974263565345026
2868.0,2.397420400261352
2869.0,2.3973427589527168
2870.0,2.3972295082084294
2871.0,2.397077589465363
2872.0,2.3969148202974675
2873.0,2.3967556878418246
2874.0,2.3966111039917424
2875.0,2.396508474728686
2876.0,2.3964665248469785
2877.0,2.3964789398493975
2878.0,2.3965571004960866
2879.0,2.3966851317546376
2880.0,2.3968554069821892
2881.0,2.397043044742929
2882.0,2.3972299128334633
2883.0,2.397393670930575
2884.0,2.397526620601264
2885.0,2.397615218840273
2886.0,2.397654654157045
2887.0,2.397635870150407
2888.0,2.3975494342577743
2889.0,2.3974197750158237
2890.0,2.3972559258184565
2891.0,2.3970841344732676
2892.0,2.3969216342451887
2893.0,2.3967849381148065
2894.0,2.396697152482226
2895.0,2.396667242744241
2896.0,2.396700620337205
2897.0,2.396798788498936
2898.0,2.396942477946238
2899.0,2.397119460064811
2900.0,2.397314899313854
2901.0,2.397497585030347
2902.0,2.3976525042140606
2903.0,2.3977677216111486
2904.0,2.3978374105725275
2905.0,2.3978598155538795
2906.0,2.397809103207293
2907.0,2.397707441026801
2908.0,2.397568720862893
2909.0,2.39740803735239
2910.0,2.39723843421367
2911.0,2.3970785647001067
2912.0,2.39695390715222
2913.0,2.3968813286471
2914.0,2.3968716101854324
2915.0,2.396924005426049
2916.0,2.397032428721346
2917.0,2.3971896715460064
2918.0,2.397382271009507
2919.0,2.397576582242407
2920.0,2.3977571476031505
2921.0,2.39789980645557
2922.0,2.3980031114339906
2923.0,2.3980559269478023
2924.0,2.3980581058234787
2925.0,2.39798482226618
2926.0,2.3978720256593857
2927.0,2.3977169345082077
2928.0,2.397548946838752
2929.0,2.3973791307329444
2930.0,2.397226037667043
2931.0,2.3971121268457485
2932.0,2.397059314483767
2933.0,2.397068842231256
2934.0,2.397135609486795
2935.0,2.397259954697101
2936.0,2.397433836754634
2937.0,2.3976236858400304
2938.0,2.3978126668281785
2939.0,2.397987866490222
2940.0,2.3981263992548034
2941.0,2.3982177766028983
2942.0,2.3982596552372852
2943.0,2.398241679011382
2944.0,2.398156949303574
2945.0,2.3980286654447864
2946.0,2.3978648598770373
2947.0,2.3976844196289586
2948.0,2.397513112184703
2949.0,2.397366646155166
2950.0,2.397268617371353
2951.0,2.397233514975824
2952.0,2.3972594745315874
2953.0,2.397348801215189
2954.0,2.3974874742667596
2955.0,2.397660667585819
2956.0,2.397849922794674
2957.0,2.398043066186661
2958.0,2.398203574079462
2959.0,2.3983285662306284
2960.0,2.3984027938266443
2961.0,2.398430424964445
2962.0,2.3983941975130856
2963.0,2.3982945593271143
2964.0,2.3981533605283585
2965.0,2.3979905877244168
2966.0,2.397810952376985
2967.0,2.397639079133696
2968.0,2.397502044786986
2969.0,2.397420374417603
2970.0,2.3974020229080453
2971.0,2.397449924162505
2972.0,2.397554967419536
2973.0,2.3977088390356793
2974.0,2.3978994108626397
2975.0,2.3980964595713363
2976.0,2.398280595917734
2977.0,2.3984316265597636
2978.0,2.3985403065755238
2979.0,2.398599356685012
2980.0,2.3986060383501075
2981.0,2.398537976515825
2982.0,2.3984230765917025
2983.0,2.3982693021774844
2984.0,2.3981028970271443
2985.0,2.397926773304424
2986.0,2.3977647890835017
2987.0,2.397642898949164
2988.0,2.397580941395717
2989.0,2.3975747573079667
2990.0,2.3976341025467924
2991.0,2.3977518808274616
2992.0,2.3979214426477795
2993.0,2.398118593175981
2994.0,2.3983045520930646
2995.0,2.398486598098223
2996.0,2.398624710031223
2997.0,2.3987157070851053
2998.0,2.3987596542366423
2999.0,2.3987452536846194
3000.0,2.398657568181204
